0
SECTION
2
HEADER
9
$INSUNITS
70
4
9
$ACADVER
1
AC1014
9
$HANDSEED
5
FFFF
0
ENDSEC
0
SECTION
2
TABLES
0
TABLE
2
VPORT
5
8
100
AcDbSymbolTable
0
ENDTAB
0
TABLE
2
LTYPE
5
5
100
AcDbSymbolTable
0
LTYPE
5
14
100
AcDbSymbolTableRecord
100
AcDbLinetypeTableRecord
2
BYBLOCK
70
0
0
LTYPE
5
15
100
AcDbSymbolTableRecord
100
AcDbLinetypeTableRecord
2
BYLAYER
70
0
0
LTYPE
5
16
100
AcDbSymbolTableRecord
100
AcDbLinetypeTableRecord
2
DASHED
70
0
3
Dashed __ __ __ __ __ __ __ __ __ __ __ __ __ _
72
65
73
2
40
0.75
49
0.5
74
0
49
-0.25
74
0
0
ENDTAB
0
TABLE
2
LAYER
5
2
100
AcDbSymbolTable
70
2
0
LAYER
5
50
100
AcDbSymbolTableRecord
100
AcDbLayerTableRecord
2
0
70
0
62
7
6
CONTINUOUS
0
ENDTAB
0
TABLE
2
STYLE
5
3
100
AcDbSymbolTable
70
1
0
STYLE
5
11
100
AcDbSymbolTableRecord
100
AcDbTextStyleTableRecord
2
STANDARD
70
0
0
ENDTAB
0
TABLE
2
VIEW
5
6
100
AcDbSymbolTable
70
0
0
ENDTAB
0
TABLE
2
UCS
5
7
100
AcDbSymbolTable
70
0
0
ENDTAB
0
TABLE
2
APPID
5
9
100
AcDbSymbolTable
70
2
0
APPID
5
12
100
AcDbSymbolTableRecord
100
AcDbRegAppTableRecord
2
ACAD
70
0
0
ENDTAB
0
TABLE
2
DIMSTYLE
5
A
100
AcDbSymbolTable
70
1
0
ENDTAB
0
TABLE
2
BLOCK_RECORD
5
1
100
AcDbSymbolTable
70
1
0
BLOCK_RECORD
5
1F
100
AcDbSymbolTableRecord
100
AcDbBlockTableRecord
2
*MODEL_SPACE
0
BLOCK_RECORD
5
1B
100
AcDbSymbolTableRecord
100
AcDbBlockTableRecord
2
*PAPER_SPACE
0
ENDTAB
0
ENDSEC
0
SECTION
2
BLOCKS
0
BLOCK
5
20
100
AcDbEntity
100
AcDbBlockBegin
2
*MODEL_SPACE
0
ENDBLK
5
21
100
AcDbEntity
100
AcDbBlockEnd
0
BLOCK
5
1C
100
AcDbEntity
100
AcDbBlockBegin
2
*PAPER_SPACE
0
ENDBLK
5
1D
100
AcDbEntity
100
AcDbBlockEnd
0
ENDSEC
0
SECTION
2
ENTITIES
0
LWPOLYLINE
5
100
100
AcDbEntity
8
0
100
AcDbPolyline
90
4
70
1
43
0.0
10
0
20
-450
10
0
20
0
10
-450
20
0
10
-450
20
-450
0
CIRCLE
5
101
100
AcDbEntity
8
0
100
AcDbCircle
10
-10
20
-10
30
0
40
1.9999999999999996
210
0
220
-0
230
1
0
CIRCLE
5
102
100
AcDbEntity
8
0
100
AcDbCircle
10
-20
20
-10
30
0
40
1.9999999999999996
210
0
220
-0
230
1
0
CIRCLE
5
103
100
AcDbEntity
8
0
100
AcDbCircle
10
-30
20
-10
30
0
40
1.9999999999999996
210
0
220
-0
230
1
0
CIRCLE
5
104
100
AcDbEntity
8
0
100
AcDbCircle
10
-40
20
-10
30
0
40
1.9999999999999996
210
0
220
-0
230
1
0
CIRCLE
5
105
100
AcDbEntity
8
0
100
AcDbCircle
10
-50
20
-10
30
0
40
1.9999999999999996
210
0
220
-0
230
1
0
CIRCLE
5
106
100
AcDbEntity
8
0
100
AcDbCircle
10
-60
20
-10
30
0
40
1.9999999999999996
210
0
220
-0
230
1
0
CIRCLE
5
107
100
AcDbEntity
8
0
100
AcDbCircle
10
-70
20
-10
30
0
40
1.9999999999999996
210
0
220
-0
230
1
0
CIRCLE
5
108
100
AcDbEntity
8
0
100
AcDbCircle
10
-80
20
-10
30
0
40
1.9999999999999996
210
0
220
-0
230
1
0
CIRCLE
5
109
100
AcDbEntity
8
0
100
AcDbCircle
10
-90
20
-10
30
0
40
1.9999999999999996
210
0
220
-0
230
1
0
CIRCLE
5
110
100
AcDbEntity
8
0
100
AcDbCircle
10
-100
20
-10
30
0
40
1.9999999999999996
210
0
220
-0
230
1
0
CIRCLE
5
111
100
AcDbEntity
8
0
100
AcDbCircle
10
-110
20
-10
30
0
40
1.9999999999999996
210
0
220
-0
230
1
0
CIRCLE
5
112
100
AcDbEntity
8
0
100
AcDbCircle
10
-120
20
-10
30
0
40
1.9999999999999996
210
0
220
-0
230
1
0
CIRCLE
5
113
100
AcDbEntity
8
0
100
AcDbCircle
10
-130
20
-10
30
0
40
1.9999999999999996
210
0
220
-0
230
1
0
CIRCLE
5
114
100
AcDbEntity
8
0
100
AcDbCircle
10
-140
20
-10
30
0
40
1.9999999999999996
210
0
220
-0
230
1
0
CIRCLE
5
115
100
AcDbEntity
8
0
100
AcDbCircle
10
-150
20
-10
30
0
40
1.9999999999999996
210
0
220
-0
230
1
0
CIRCLE
5
116
100
AcDbEntity
8
0
100
AcDbCircle
10
-160
20
-10
30
0
40
1.9999999999999996
210
0
220
-0
230
1
0
CIRCLE
5
117
100
AcDbEntity
8
0
100
AcDbCircle
10
-170
20
-10
30
0
40
1.9999999999999996
210
0
220
-0
230
1
0
CIRCLE
5
118
100
AcDbEntity
8
0
100
AcDbCircle
10
-180
20
-10
30
0
40
1.9999999999999996
210
0
220
-0
230
1
0
CIRCLE
5
119
100
AcDbEntity
8
0
100
AcDbCircle
10
-190
20
-10
30
0
40
1.9999999999999996
210
0
220
-0
230
1
0
CIRCLE
5
120
100
AcDbEntity
8
0
100
AcDbCircle
10
-200
20
-10
30
0
40
1.9999999999999996
210
0
220
-0
230
1
0
CIRCLE
5
121
100
AcDbEntity
8
0
100
AcDbCircle
10
-210
20
-10
30
0
40
1.9999999999999996
210
0
220
-0
230
1
0
CIRCLE
5
122
100
AcDbEntity
8
0
100
AcDbCircle
10
-220
20
-10
30
0
40
1.9999999999999996
210
0
220
-0
230
1
0
CIRCLE
5
123
100
AcDbEntity
8
0
100
AcDbCircle
10
-230
20
-10
30
0
40
1.9999999999999996
210
0
220
-0
230
1
0
CIRCLE
5
124
100
AcDbEntity
8
0
100
AcDbCircle
10
-240
20
-10
30
0
40
1.9999999999999996
210
0
220
-0
230
1
0
CIRCLE
5
125
100
AcDbEntity
8
0
100
AcDbCircle
10
-250
20
-10
30
0
40
1.9999999999999996
210
0
220
-0
230
1
0
CIRCLE
5
126
100
AcDbEntity
8
0
100
AcDbCircle
10
-260
20
-10
30
0
40
1.9999999999999996
210
0
220
-0
230
1
0
CIRCLE
5
127
100
AcDbEntity
8
0
100
AcDbCircle
10
-270
20
-10
30
0
40
1.9999999999999996
210
0
220
-0
230
1
0
CIRCLE
5
128
100
AcDbEntity
8
0
100
AcDbCircle
10
-280
20
-10
30
0
40
1.9999999999999996
210
0
220
-0
230
1
0
CIRCLE
5
129
100
AcDbEntity
8
0
100
AcDbCircle
10
-290
20
-10
30
0
40
1.9999999999999996
210
0
220
-0
230
1
0
CIRCLE
5
130
100
AcDbEntity
8
0
100
AcDbCircle
10
-300
20
-10
30
0
40
1.9999999999999996
210
0
220
-0
230
1
0
CIRCLE
5
131
100
AcDbEntity
8
0
100
AcDbCircle
10
-310
20
-10
30
0
40
1.9999999999999996
210
0
220
-0
230
1
0
CIRCLE
5
132
100
AcDbEntity
8
0
100
AcDbCircle
10
-320
20
-10
30
0
40
1.9999999999999996
210
0
220
-0
230
1
0
CIRCLE
5
133
100
AcDbEntity
8
0
100
AcDbCircle
10
-330
20
-10
30
0
40
1.9999999999999996
210
0
220
-0
230
1
0
CIRCLE
5
134
100
AcDbEntity
8
0
100
AcDbCircle
10
-340
20
-10
30
0
40
1.9999999999999996
210
0
220
-0
230
1
0
CIRCLE
5
135
100
AcDbEntity
8
0
100
AcDbCircle
10
-350
20
-10
30
0
40
1.9999999999999996
210
0
220
-0
230
1
0
CIRCLE
5
136
100
AcDbEntity
8
0
100
AcDbCircle
10
-360
20
-10
30
0
40
1.9999999999999996
210
0
220
-0
230
1
0
CIRCLE
5
137
100
AcDbEntity
8
0
100
AcDbCircle
10
-370
20
-10
30
0
40
1.9999999999999996
210
0
220
-0
230
1
0
CIRCLE
5
138
100
AcDbEntity
8
0
100
AcDbCircle
10
-380
20
-10
30
0
40
1.9999999999999996
210
0
220
-0
230
1
0
CIRCLE
5
139
100
AcDbEntity
8
0
100
AcDbCircle
10
-390
20
-10
30
0
40
1.9999999999999996
210
0
220
-0
230
1
0
CIRCLE
5
140
100
AcDbEntity
8
0
100
AcDbCircle
10
-400
20
-10
30
0
40
1.9999999999999996
210
0
220
-0
230
1
0
CIRCLE
5
141
100
AcDbEntity
8
0
100
AcDbCircle
10
-410
20
-10
30
0
40
1.9999999999999996
210
0
220
-0
230
1
0
CIRCLE
5
142
100
AcDbEntity
8
0
100
AcDbCircle
10
-420
20
-10
30
0
40
1.9999999999999996
210
0
220
-0
230
1
0
CIRCLE
5
143
100
AcDbEntity
8
0
100
AcDbCircle
10
-430
20
-10
30
0
40
1.9999999999999996
210
0
220
-0
230
1
0
CIRCLE
5
144
100
AcDbEntity
8
0
100
AcDbCircle
10
-440
20
-10
30
0
40
1.9999999999999996
210
0
220
-0
230
1
0
CIRCLE
5
145
100
AcDbEntity
8
0
100
AcDbCircle
10
-10
20
-20
30
0
40
1.9999999999999996
210
0
220
-0
230
1
0
CIRCLE
5
146
100
AcDbEntity
8
0
100
AcDbCircle
10
-20
20
-20
30
0
40
1.9999999999999996
210
0
220
-0
230
1
0
CIRCLE
5
147
100
AcDbEntity
8
0
100
AcDbCircle
10
-30
20
-20
30
0
40
1.9999999999999996
210
0
220
-0
230
1
0
CIRCLE
5
148
100
AcDbEntity
8
0
100
AcDbCircle
10
-40
20
-20
30
0
40
1.9999999999999996
210
0
220
-0
230
1
0
CIRCLE
5
149
100
AcDbEntity
8
0
100
AcDbCircle
10
-50
20
-20
30
0
40
1.9999999999999996
210
0
220
-0
230
1
0
CIRCLE
5
150
100
AcDbEntity
8
0
100
AcDbCircle
10
-60
20
-20
30
0
40
1.9999999999999996
210
0
220
-0
230
1
0
CIRCLE
5
151
100
AcDbEntity
8
0
100
AcDbCircle
10
-70
20
-20
30
0
40
1.9999999999999996
210
0
220
-0
230
1
0
CIRCLE
5
152
100
AcDbEntity
8
0
100
AcDbCircle
10
-80
20
-20
30
0
40
1.9999999999999996
210
0
220
-0
230
1
0
CIRCLE
5
153
100
AcDbEntity
8
0
100
AcDbCircle
10
-90
20
-20
30
0
40
1.9999999999999996
210
0
220
-0
230
1
0
CIRCLE
5
154
100
AcDbEntity
8
0
100
AcDbCircle
10
-100
20
-20
30
0
40
1.9999999999999996
210
0
220
-0
230
1
0
CIRCLE
5
155
100
AcDbEntity
8
0
100
AcDbCircle
10
-110
20
-20
30
0
40
1.9999999999999996
210
0
220
-0
230
1
0
CIRCLE
5
156
100
AcDbEntity
8
0
100
AcDbCircle
10
-120
20
-20
30
0
40
1.9999999999999996
210
0
220
-0
230
1
0
CIRCLE
5
157
100
AcDbEntity
8
0
100
AcDbCircle
10
-130
20
-20
30
0
40
1.9999999999999996
210
0
220
-0
230
1
0
CIRCLE
5
158
100
AcDbEntity
8
0
100
AcDbCircle
10
-140
20
-20
30
0
40
1.9999999999999996
210
0
220
-0
230
1
0
CIRCLE
5
159
100
AcDbEntity
8
0
100
AcDbCircle
10
-150
20
-20
30
0
40
1.9999999999999996
210
0
220
-0
230
1
0
CIRCLE
5
160
100
AcDbEntity
8
0
100
AcDbCircle
10
-160
20
-20
30
0
40
1.9999999999999996
210
0
220
-0
230
1
0
CIRCLE
5
161
100
AcDbEntity
8
0
100
AcDbCircle
10
-170
20
-20
30
0
40
1.9999999999999996
210
0
220
-0
230
1
0
CIRCLE
5
162
100
AcDbEntity
8
0
100
AcDbCircle
10
-180
20
-20
30
0
40
1.9999999999999996
210
0
220
-0
230
1
0
CIRCLE
5
163
100
AcDbEntity
8
0
100
AcDbCircle
10
-190
20
-20
30
0
40
1.9999999999999996
210
0
220
-0
230
1
0
CIRCLE
5
164
100
AcDbEntity
8
0
100
AcDbCircle
10
-200
20
-20
30
0
40
1.9999999999999996
210
0
220
-0
230
1
0
CIRCLE
5
165
100
AcDbEntity
8
0
100
AcDbCircle
10
-210
20
-20
30
0
40
1.9999999999999996
210
0
220
-0
230
1
0
CIRCLE
5
166
100
AcDbEntity
8
0
100
AcDbCircle
10
-220
20
-20
30
0
40
1.9999999999999996
210
0
220
-0
230
1
0
CIRCLE
5
167
100
AcDbEntity
8
0
100
AcDbCircle
10
-230
20
-20
30
0
40
1.9999999999999996
210
0
220
-0
230
1
0
CIRCLE
5
168
100
AcDbEntity
8
0
100
AcDbCircle
10
-240
20
-20
30
0
40
1.9999999999999996
210
0
220
-0
230
1
0
CIRCLE
5
169
100
AcDbEntity
8
0
100
AcDbCircle
10
-250
20
-20
30
0
40
1.9999999999999996
210
0
220
-0
230
1
0
CIRCLE
5
170
100
AcDbEntity
8
0
100
AcDbCircle
10
-260
20
-20
30
0
40
1.9999999999999996
210
0
220
-0
230
1
0
CIRCLE
5
171
100
AcDbEntity
8
0
100
AcDbCircle
10
-270
20
-20
30
0
40
1.9999999999999996
210
0
220
-0
230
1
0
CIRCLE
5
172
100
AcDbEntity
8
0
100
AcDbCircle
10
-280
20
-20
30
0
40
1.9999999999999996
210
0
220
-0
230
1
0
CIRCLE
5
173
100
AcDbEntity
8
0
100
AcDbCircle
10
-290
20
-20
30
0
40
1.9999999999999996
210
0
220
-0
230
1
0
CIRCLE
5
174
100
AcDbEntity
8
0
100
AcDbCircle
10
-300
20
-20
30
0
40
1.9999999999999996
210
0
220
-0
230
1
0
CIRCLE
5
175
100
AcDbEntity
8
0
100
AcDbCircle
10
-310
20
-20
30
0
40
1.9999999999999996
210
0
220
-0
230
1
0
CIRCLE
5
176
100
AcDbEntity
8
0
100
AcDbCircle
10
-320
20
-20
30
0
40
1.9999999999999996
210
0
220
-0
230
1
0
CIRCLE
5
177
100
AcDbEntity
8
0
100
AcDbCircle
10
-330
20
-20
30
0
40
1.9999999999999996
210
0
220
-0
230
1
0
CIRCLE
5
178
100
AcDbEntity
8
0
100
AcDbCircle
10
-340
20
-20
30
0
40
1.9999999999999996
210
0
220
-0
230
1
0
CIRCLE
5
179
100
AcDbEntity
8
0
100
AcDbCircle
10
-350
20
-20
30
0
40
1.9999999999999996
210
0
220
-0
230
1
0
CIRCLE
5
180
100
AcDbEntity
8
0
100
AcDbCircle
10
-360
20
-20
30
0
40
1.9999999999999996
210
0
220
-0
230
1
0
CIRCLE
5
181
100
AcDbEntity
8
0
100
AcDbCircle
10
-370
20
-20
30
0
40
1.9999999999999996
210
0
220
-0
230
1
0
CIRCLE
5
182
100
AcDbEntity
8
0
100
AcDbCircle
10
-380
20
-20
30
0
40
1.9999999999999996
210
0
220
-0
230
1
0
CIRCLE
5
183
100
AcDbEntity
8
0
100
AcDbCircle
10
-390
20
-20
30
0
40
1.9999999999999996
210
0
220
-0
230
1
0
CIRCLE
5
184
100
AcDbEntity
8
0
100
AcDbCircle
10
-400
20
-20
30
0
40
1.9999999999999996
210
0
220
-0
230
1
0
CIRCLE
5
185
100
AcDbEntity
8
0
100
AcDbCircle
10
-410
20
-20
30
0
40
1.9999999999999996
210
0
220
-0
230
1
0
CIRCLE
5
186
100
AcDbEntity
8
0
100
AcDbCircle
10
-420
20
-20
30
0
40
1.9999999999999996
210
0
220
-0
230
1
0
CIRCLE
5
187
100
AcDbEntity
8
0
100
AcDbCircle
10
-430
20
-20
30
0
40
1.9999999999999996
210
0
220
-0
230
1
0
CIRCLE
5
188
100
AcDbEntity
8
0
100
AcDbCircle
10
-440
20
-20
30
0
40
1.9999999999999996
210
0
220
-0
230
1
0
CIRCLE
5
189
100
AcDbEntity
8
0
100
AcDbCircle
10
-10
20
-30
30
0
40
1.9999999999999996
210
0
220
-0
230
1
0
CIRCLE
5
190
100
AcDbEntity
8
0
100
AcDbCircle
10
-20
20
-30
30
0
40
1.9999999999999996
210
0
220
-0
230
1
0
CIRCLE
5
191
100
AcDbEntity
8
0
100
AcDbCircle
10
-30
20
-30
30
0
40
1.9999999999999996
210
0
220
-0
230
1
0
CIRCLE
5
192
100
AcDbEntity
8
0
100
AcDbCircle
10
-40
20
-30
30
0
40
1.9999999999999996
210
0
220
-0
230
1
0
CIRCLE
5
193
100
AcDbEntity
8
0
100
AcDbCircle
10
-50
20
-30
30
0
40
1.9999999999999996
210
0
220
-0
230
1
0
CIRCLE
5
194
100
AcDbEntity
8
0
100
AcDbCircle
10
-60
20
-30
30
0
40
1.9999999999999996
210
0
220
-0
230
1
0
CIRCLE
5
195
100
AcDbEntity
8
0
100
AcDbCircle
10
-70
20
-30
30
0
40
1.9999999999999996
210
0
220
-0
230
1
0
CIRCLE
5
196
100
AcDbEntity
8
0
100
AcDbCircle
10
-80
20
-30
30
0
40
1.9999999999999996
210
0
220
-0
230
1
0
CIRCLE
5
197
100
AcDbEntity
8
0
100
AcDbCircle
10
-90
20
-30
30
0
40
1.9999999999999996
210
0
220
-0
230
1
0
CIRCLE
5
198
100
AcDbEntity
8
0
100
AcDbCircle
10
-100
20
-30
30
0
40
1.9999999999999996
210
0
220
-0
230
1
0
CIRCLE
5
199
100
AcDbEntity
8
0
100
AcDbCircle
10
-110
20
-30
30
0
40
1.9999999999999996
210
0
220
-0
230
1
0
CIRCLE
5
200
100
AcDbEntity
8
0
100
AcDbCircle
10
-120
20
-30
30
0
40
1.9999999999999996
210
0
220
-0
230
1
0
CIRCLE
5
201
100
AcDbEntity
8
0
100
AcDbCircle
10
-130
20
-30
30
0
40
1.9999999999999996
210
0
220
-0
230
1
0
CIRCLE
5
202
100
AcDbEntity
8
0
100
AcDbCircle
10
-140
20
-30
30
0
40
1.9999999999999996
210
0
220
-0
230
1
0
CIRCLE
5
203
100
AcDbEntity
8
0
100
AcDbCircle
10
-150
20
-30
30
0
40
1.9999999999999996
210
0
220
-0
230
1
0
CIRCLE
5
204
100
AcDbEntity
8
0
100
AcDbCircle
10
-160
20
-30
30
0
40
1.9999999999999996
210
0
220
-0
230
1
0
CIRCLE
5
205
100
AcDbEntity
8
0
100
AcDbCircle
10
-170
20
-30
30
0
40
1.9999999999999996
210
0
220
-0
230
1
0
CIRCLE
5
206
100
AcDbEntity
8
0
100
AcDbCircle
10
-180
20
-30
30
0
40
1.9999999999999996
210
0
220
-0
230
1
0
CIRCLE
5
207
100
AcDbEntity
8
0
100
AcDbCircle
10
-190
20
-30
30
0
40
1.9999999999999996
210
0
220
-0
230
1
0
CIRCLE
5
208
100
AcDbEntity
8
0
100
AcDbCircle
10
-200
20
-30
30
0
40
1.9999999999999996
210
0
220
-0
230
1
0
CIRCLE
5
209
100
AcDbEntity
8
0
100
AcDbCircle
10
-210
20
-30
30
0
40
1.9999999999999996
210
0
220
-0
230
1
0
CIRCLE
5
210
100
AcDbEntity
8
0
100
AcDbCircle
10
-220
20
-30
30
0
40
1.9999999999999996
210
0
220
-0
230
1
0
CIRCLE
5
211
100
AcDbEntity
8
0
100
AcDbCircle
10
-230
20
-30
30
0
40
1.9999999999999996
210
0
220
-0
230
1
0
CIRCLE
5
212
100
AcDbEntity
8
0
100
AcDbCircle
10
-240
20
-30
30
0
40
1.9999999999999996
210
0
220
-0
230
1
0
CIRCLE
5
213
100
AcDbEntity
8
0
100
AcDbCircle
10
-250
20
-30
30
0
40
1.9999999999999996
210
0
220
-0
230
1
0
CIRCLE
5
214
100
AcDbEntity
8
0
100
AcDbCircle
10
-260
20
-30
30
0
40
1.9999999999999996
210
0
220
-0
230
1
0
CIRCLE
5
215
100
AcDbEntity
8
0
100
AcDbCircle
10
-270
20
-30
30
0
40
1.9999999999999996
210
0
220
-0
230
1
0
CIRCLE
5
216
100
AcDbEntity
8
0
100
AcDbCircle
10
-280
20
-30
30
0
40
1.9999999999999996
210
0
220
-0
230
1
0
CIRCLE
5
217
100
AcDbEntity
8
0
100
AcDbCircle
10
-290
20
-30
30
0
40
1.9999999999999996
210
0
220
-0
230
1
0
CIRCLE
5
218
100
AcDbEntity
8
0
100
AcDbCircle
10
-300
20
-30
30
0
40
1.9999999999999996
210
0
220
-0
230
1
0
CIRCLE
5
219
100
AcDbEntity
8
0
100
AcDbCircle
10
-310
20
-30
30
0
40
1.9999999999999996
210
0
220
-0
230
1
0
CIRCLE
5
220
100
AcDbEntity
8
0
100
AcDbCircle
10
-320
20
-30
30
0
40
1.9999999999999996
210
0
220
-0
230
1
0
CIRCLE
5
221
100
AcDbEntity
8
0
100
AcDbCircle
10
-330
20
-30
30
0
40
1.9999999999999996
210
0
220
-0
230
1
0
CIRCLE
5
222
100
AcDbEntity
8
0
100
AcDbCircle
10
-340
20
-30
30
0
40
1.9999999999999996
210
0
220
-0
230
1
0
CIRCLE
5
223
100
AcDbEntity
8
0
100
AcDbCircle
10
-350
20
-30
30
0
40
1.9999999999999996
210
0
220
-0
230
1
0
CIRCLE
5
224
100
AcDbEntity
8
0
100
AcDbCircle
10
-360
20
-30
30
0
40
1.9999999999999996
210
0
220
-0
230
1
0
CIRCLE
5
225
100
AcDbEntity
8
0
100
AcDbCircle
10
-370
20
-30
30
0
40
1.9999999999999996
210
0
220
-0
230
1
0
CIRCLE
5
226
100
AcDbEntity
8
0
100
AcDbCircle
10
-380
20
-30
30
0
40
1.9999999999999996
210
0
220
-0
230
1
0
CIRCLE
5
227
100
AcDbEntity
8
0
100
AcDbCircle
10
-390
20
-30
30
0
40
1.9999999999999996
210
0
220
-0
230
1
0
CIRCLE
5
228
100
AcDbEntity
8
0
100
AcDbCircle
10
-400
20
-30
30
0
40
1.9999999999999996
210
0
220
-0
230
1
0
CIRCLE
5
229
100
AcDbEntity
8
0
100
AcDbCircle
10
-410
20
-30
30
0
40
1.9999999999999996
210
0
220
-0
230
1
0
CIRCLE
5
230
100
AcDbEntity
8
0
100
AcDbCircle
10
-420
20
-30
30
0
40
1.9999999999999996
210
0
220
-0
230
1
0
CIRCLE
5
231
100
AcDbEntity
8
0
100
AcDbCircle
10
-430
20
-30
30
0
40
1.9999999999999996
210
0
220
-0
230
1
0
CIRCLE
5
232
100
AcDbEntity
8
0
100
AcDbCircle
10
-440
20
-30
30
0
40
1.9999999999999996
210
0
220
-0
230
1
0
CIRCLE
5
233
100
AcDbEntity
8
0
100
AcDbCircle
10
-10
20
-40
30
0
40
1.9999999999999996
210
0
220
-0
230
1
0
CIRCLE
5
234
100
AcDbEntity
8
0
100
AcDbCircle
10
-20
20
-40
30
0
40
1.9999999999999996
210
0
220
-0
230
1
0
CIRCLE
5
235
100
AcDbEntity
8
0
100
AcDbCircle
10
-30
20
-40
30
0
40
1.9999999999999996
210
0
220
-0
230
1
0
CIRCLE
5
236
100
AcDbEntity
8
0
100
AcDbCircle
10
-40
20
-40
30
0
40
1.9999999999999996
210
0
220
-0
230
1
0
CIRCLE
5
237
100
AcDbEntity
8
0
100
AcDbCircle
10
-50
20
-40
30
0
40
1.9999999999999996
210
0
220
-0
230
1
0
CIRCLE
5
238
100
AcDbEntity
8
0
100
AcDbCircle
10
-60
20
-40
30
0
40
1.9999999999999996
210
0
220
-0
230
1
0
CIRCLE
5
239
100
AcDbEntity
8
0
100
AcDbCircle
10
-70
20
-40
30
0
40
1.9999999999999996
210
0
220
-0
230
1
0
CIRCLE
5
240
100
AcDbEntity
8
0
100
AcDbCircle
10
-80
20
-40
30
0
40
1.9999999999999996
210
0
220
-0
230
1
0
CIRCLE
5
241
100
AcDbEntity
8
0
100
AcDbCircle
10
-90
20
-40
30
0
40
1.9999999999999996
210
0
220
-0
230
1
0
CIRCLE
5
242
100
AcDbEntity
8
0
100
AcDbCircle
10
-100
20
-40
30
0
40
1.9999999999999996
210
0
220
-0
230
1
0
CIRCLE
5
243
100
AcDbEntity
8
0
100
AcDbCircle
10
-110
20
-40
30
0
40
1.9999999999999996
210
0
220
-0
230
1
0
CIRCLE
5
244
100
AcDbEntity
8
0
100
AcDbCircle
10
-120
20
-40
30
0
40
1.9999999999999996
210
0
220
-0
230
1
0
CIRCLE
5
245
100
AcDbEntity
8
0
100
AcDbCircle
10
-130
20
-40
30
0
40
1.9999999999999996
210
0
220
-0
230
1
0
CIRCLE
5
246
100
AcDbEntity
8
0
100
AcDbCircle
10
-140
20
-40
30
0
40
1.9999999999999996
210
0
220
-0
230
1
0
CIRCLE
5
247
100
AcDbEntity
8
0
100
AcDbCircle
10
-150
20
-40
30
0
40
1.9999999999999996
210
0
220
-0
230
1
0
CIRCLE
5
248
100
AcDbEntity
8
0
100
AcDbCircle
10
-160
20
-40
30
0
40
1.9999999999999996
210
0
220
-0
230
1
0
CIRCLE
5
249
100
AcDbEntity
8
0
100
AcDbCircle
10
-170
20
-40
30
0
40
1.9999999999999996
210
0
220
-0
230
1
0
CIRCLE
5
250
100
AcDbEntity
8
0
100
AcDbCircle
10
-180
20
-40
30
0
40
1.9999999999999996
210
0
220
-0
230
1
0
CIRCLE
5
251
100
AcDbEntity
8
0
100
AcDbCircle
10
-190
20
-40
30
0
40
1.9999999999999996
210
0
220
-0
230
1
0
CIRCLE
5
252
100
AcDbEntity
8
0
100
AcDbCircle
10
-200
20
-40
30
0
40
1.9999999999999996
210
0
220
-0
230
1
0
CIRCLE
5
253
100
AcDbEntity
8
0
100
AcDbCircle
10
-210
20
-40
30
0
40
1.9999999999999996
210
0
220
-0
230
1
0
CIRCLE
5
254
100
AcDbEntity
8
0
100
AcDbCircle
10
-220
20
-40
30
0
40
1.9999999999999996
210
0
220
-0
230
1
0
CIRCLE
5
255
100
AcDbEntity
8
0
100
AcDbCircle
10
-230
20
-40
30
0
40
1.9999999999999996
210
0
220
-0
230
1
0
CIRCLE
5
256
100
AcDbEntity
8
0
100
AcDbCircle
10
-240
20
-40
30
0
40
1.9999999999999996
210
0
220
-0
230
1
0
CIRCLE
5
257
100
AcDbEntity
8
0
100
AcDbCircle
10
-250
20
-40
30
0
40
1.9999999999999996
210
0
220
-0
230
1
0
CIRCLE
5
258
100
AcDbEntity
8
0
100
AcDbCircle
10
-260
20
-40
30
0
40
1.9999999999999996
210
0
220
-0
230
1
0
CIRCLE
5
259
100
AcDbEntity
8
0
100
AcDbCircle
10
-270
20
-40
30
0
40
1.9999999999999996
210
0
220
-0
230
1
0
CIRCLE
5
260
100
AcDbEntity
8
0
100
AcDbCircle
10
-280
20
-40
30
0
40
1.9999999999999996
210
0
220
-0
230
1
0
CIRCLE
5
261
100
AcDbEntity
8
0
100
AcDbCircle
10
-290
20
-40
30
0
40
1.9999999999999996
210
0
220
-0
230
1
0
CIRCLE
5
262
100
AcDbEntity
8
0
100
AcDbCircle
10
-300
20
-40
30
0
40
1.9999999999999996
210
0
220
-0
230
1
0
CIRCLE
5
263
100
AcDbEntity
8
0
100
AcDbCircle
10
-310
20
-40
30
0
40
1.9999999999999996
210
0
220
-0
230
1
0
CIRCLE
5
264
100
AcDbEntity
8
0
100
AcDbCircle
10
-320
20
-40
30
0
40
1.9999999999999996
210
0
220
-0
230
1
0
CIRCLE
5
265
100
AcDbEntity
8
0
100
AcDbCircle
10
-330
20
-40
30
0
40
1.9999999999999996
210
0
220
-0
230
1
0
CIRCLE
5
266
100
AcDbEntity
8
0
100
AcDbCircle
10
-340
20
-40
30
0
40
1.9999999999999996
210
0
220
-0
230
1
0
CIRCLE
5
267
100
AcDbEntity
8
0
100
AcDbCircle
10
-350
20
-40
30
0
40
1.9999999999999996
210
0
220
-0
230
1
0
CIRCLE
5
268
100
AcDbEntity
8
0
100
AcDbCircle
10
-360
20
-40
30
0
40
1.9999999999999996
210
0
220
-0
230
1
0
CIRCLE
5
269
100
AcDbEntity
8
0
100
AcDbCircle
10
-370
20
-40
30
0
40
1.9999999999999996
210
0
220
-0
230
1
0
CIRCLE
5
270
100
AcDbEntity
8
0
100
AcDbCircle
10
-380
20
-40
30
0
40
1.9999999999999996
210
0
220
-0
230
1
0
CIRCLE
5
271
100
AcDbEntity
8
0
100
AcDbCircle
10
-390
20
-40
30
0
40
1.9999999999999996
210
0
220
-0
230
1
0
CIRCLE
5
272
100
AcDbEntity
8
0
100
AcDbCircle
10
-400
20
-40
30
0
40
1.9999999999999996
210
0
220
-0
230
1
0
CIRCLE
5
273
100
AcDbEntity
8
0
100
AcDbCircle
10
-410
20
-40
30
0
40
1.9999999999999996
210
0
220
-0
230
1
0
CIRCLE
5
274
100
AcDbEntity
8
0
100
AcDbCircle
10
-420
20
-40
30
0
40
1.9999999999999996
210
0
220
-0
230
1
0
CIRCLE
5
275
100
AcDbEntity
8
0
100
AcDbCircle
10
-430
20
-40
30
0
40
1.9999999999999996
210
0
220
-0
230
1
0
CIRCLE
5
276
100
AcDbEntity
8
0
100
AcDbCircle
10
-440
20
-40
30
0
40
1.9999999999999996
210
0
220
-0
230
1
0
CIRCLE
5
277
100
AcDbEntity
8
0
100
AcDbCircle
10
-10
20
-50
30
0
40
1.9999999999999996
210
0
220
-0
230
1
0
CIRCLE
5
278
100
AcDbEntity
8
0
100
AcDbCircle
10
-20
20
-50
30
0
40
1.9999999999999996
210
0
220
-0
230
1
0
CIRCLE
5
279
100
AcDbEntity
8
0
100
AcDbCircle
10
-30
20
-50
30
0
40
1.9999999999999996
210
0
220
-0
230
1
0
CIRCLE
5
280
100
AcDbEntity
8
0
100
AcDbCircle
10
-40
20
-50
30
0
40
1.9999999999999996
210
0
220
-0
230
1
0
CIRCLE
5
281
100
AcDbEntity
8
0
100
AcDbCircle
10
-50
20
-50
30
0
40
1.9999999999999996
210
0
220
-0
230
1
0
CIRCLE
5
282
100
AcDbEntity
8
0
100
AcDbCircle
10
-60
20
-50
30
0
40
1.9999999999999996
210
0
220
-0
230
1
0
CIRCLE
5
283
100
AcDbEntity
8
0
100
AcDbCircle
10
-70
20
-50
30
0
40
1.9999999999999996
210
0
220
-0
230
1
0
CIRCLE
5
284
100
AcDbEntity
8
0
100
AcDbCircle
10
-80
20
-50
30
0
40
1.9999999999999996
210
0
220
-0
230
1
0
CIRCLE
5
285
100
AcDbEntity
8
0
100
AcDbCircle
10
-90
20
-50
30
0
40
1.9999999999999996
210
0
220
-0
230
1
0
CIRCLE
5
286
100
AcDbEntity
8
0
100
AcDbCircle
10
-100
20
-50
30
0
40
1.9999999999999996
210
0
220
-0
230
1
0
CIRCLE
5
287
100
AcDbEntity
8
0
100
AcDbCircle
10
-110
20
-50
30
0
40
1.9999999999999996
210
0
220
-0
230
1
0
CIRCLE
5
288
100
AcDbEntity
8
0
100
AcDbCircle
10
-120
20
-50
30
0
40
1.9999999999999996
210
0
220
-0
230
1
0
CIRCLE
5
289
100
AcDbEntity
8
0
100
AcDbCircle
10
-130
20
-50
30
0
40
1.9999999999999996
210
0
220
-0
230
1
0
CIRCLE
5
290
100
AcDbEntity
8
0
100
AcDbCircle
10
-140
20
-50
30
0
40
1.9999999999999996
210
0
220
-0
230
1
0
CIRCLE
5
291
100
AcDbEntity
8
0
100
AcDbCircle
10
-150
20
-50
30
0
40
1.9999999999999996
210
0
220
-0
230
1
0
CIRCLE
5
292
100
AcDbEntity
8
0
100
AcDbCircle
10
-160
20
-50
30
0
40
1.9999999999999996
210
0
220
-0
230
1
0
CIRCLE
5
293
100
AcDbEntity
8
0
100
AcDbCircle
10
-170
20
-50
30
0
40
1.9999999999999996
210
0
220
-0
230
1
0
CIRCLE
5
294
100
AcDbEntity
8
0
100
AcDbCircle
10
-180
20
-50
30
0
40
1.9999999999999996
210
0
220
-0
230
1
0
CIRCLE
5
295
100
AcDbEntity
8
0
100
AcDbCircle
10
-190
20
-50
30
0
40
1.9999999999999996
210
0
220
-0
230
1
0
CIRCLE
5
296
100
AcDbEntity
8
0
100
AcDbCircle
10
-200
20
-50
30
0
40
1.9999999999999996
210
0
220
-0
230
1
0
CIRCLE
5
297
100
AcDbEntity
8
0
100
AcDbCircle
10
-210
20
-50
30
0
40
1.9999999999999996
210
0
220
-0
230
1
0
CIRCLE
5
298
100
AcDbEntity
8
0
100
AcDbCircle
10
-220
20
-50
30
0
40
1.9999999999999996
210
0
220
-0
230
1
0
CIRCLE
5
299
100
AcDbEntity
8
0
100
AcDbCircle
10
-230
20
-50
30
0
40
1.9999999999999996
210
0
220
-0
230
1
0
CIRCLE
5
300
100
AcDbEntity
8
0
100
AcDbCircle
10
-240
20
-50
30
0
40
1.9999999999999996
210
0
220
-0
230
1
0
CIRCLE
5
301
100
AcDbEntity
8
0
100
AcDbCircle
10
-250
20
-50
30
0
40
1.9999999999999996
210
0
220
-0
230
1
0
CIRCLE
5
302
100
AcDbEntity
8
0
100
AcDbCircle
10
-260
20
-50
30
0
40
1.9999999999999996
210
0
220
-0
230
1
0
CIRCLE
5
303
100
AcDbEntity
8
0
100
AcDbCircle
10
-270
20
-50
30
0
40
1.9999999999999996
210
0
220
-0
230
1
0
CIRCLE
5
304
100
AcDbEntity
8
0
100
AcDbCircle
10
-280
20
-50
30
0
40
1.9999999999999996
210
0
220
-0
230
1
0
CIRCLE
5
305
100
AcDbEntity
8
0
100
AcDbCircle
10
-290
20
-50
30
0
40
1.9999999999999996
210
0
220
-0
230
1
0
CIRCLE
5
306
100
AcDbEntity
8
0
100
AcDbCircle
10
-300
20
-50
30
0
40
1.9999999999999996
210
0
220
-0
230
1
0
CIRCLE
5
307
100
AcDbEntity
8
0
100
AcDbCircle
10
-310
20
-50
30
0
40
1.9999999999999996
210
0
220
-0
230
1
0
CIRCLE
5
308
100
AcDbEntity
8
0
100
AcDbCircle
10
-320
20
-50
30
0
40
1.9999999999999996
210
0
220
-0
230
1
0
CIRCLE
5
309
100
AcDbEntity
8
0
100
AcDbCircle
10
-330
20
-50
30
0
40
1.9999999999999996
210
0
220
-0
230
1
0
CIRCLE
5
310
100
AcDbEntity
8
0
100
AcDbCircle
10
-340
20
-50
30
0
40
1.9999999999999996
210
0
220
-0
230
1
0
CIRCLE
5
311
100
AcDbEntity
8
0
100
AcDbCircle
10
-350
20
-50
30
0
40
1.9999999999999996
210
0
220
-0
230
1
0
CIRCLE
5
312
100
AcDbEntity
8
0
100
AcDbCircle
10
-360
20
-50
30
0
40
1.9999999999999996
210
0
220
-0
230
1
0
CIRCLE
5
313
100
AcDbEntity
8
0
100
AcDbCircle
10
-370
20
-50
30
0
40
1.9999999999999996
210
0
220
-0
230
1
0
CIRCLE
5
314
100
AcDbEntity
8
0
100
AcDbCircle
10
-380
20
-50
30
0
40
1.9999999999999996
210
0
220
-0
230
1
0
CIRCLE
5
315
100
AcDbEntity
8
0
100
AcDbCircle
10
-390
20
-50
30
0
40
1.9999999999999996
210
0
220
-0
230
1
0
CIRCLE
5
316
100
AcDbEntity
8
0
100
AcDbCircle
10
-400
20
-50
30
0
40
1.9999999999999996
210
0
220
-0
230
1
0
CIRCLE
5
317
100
AcDbEntity
8
0
100
AcDbCircle
10
-410
20
-50
30
0
40
1.9999999999999996
210
0
220
-0
230
1
0
CIRCLE
5
318
100
AcDbEntity
8
0
100
AcDbCircle
10
-420
20
-50
30
0
40
1.9999999999999996
210
0
220
-0
230
1
0
CIRCLE
5
319
100
AcDbEntity
8
0
100
AcDbCircle
10
-430
20
-50
30
0
40
1.9999999999999996
210
0
220
-0
230
1
0
CIRCLE
5
320
100
AcDbEntity
8
0
100
AcDbCircle
10
-440
20
-50
30
0
40
1.9999999999999996
210
0
220
-0
230
1
0
CIRCLE
5
321
100
AcDbEntity
8
0
100
AcDbCircle
10
-10
20
-60
30
0
40
1.9999999999999996
210
0
220
-0
230
1
0
CIRCLE
5
322
100
AcDbEntity
8
0
100
AcDbCircle
10
-20
20
-60
30
0
40
1.9999999999999996
210
0
220
-0
230
1
0
CIRCLE
5
323
100
AcDbEntity
8
0
100
AcDbCircle
10
-30
20
-60
30
0
40
1.9999999999999996
210
0
220
-0
230
1
0
CIRCLE
5
324
100
AcDbEntity
8
0
100
AcDbCircle
10
-40
20
-60
30
0
40
1.9999999999999996
210
0
220
-0
230
1
0
CIRCLE
5
325
100
AcDbEntity
8
0
100
AcDbCircle
10
-50
20
-60
30
0
40
1.9999999999999996
210
0
220
-0
230
1
0
CIRCLE
5
326
100
AcDbEntity
8
0
100
AcDbCircle
10
-60
20
-60
30
0
40
1.9999999999999996
210
0
220
-0
230
1
0
CIRCLE
5
327
100
AcDbEntity
8
0
100
AcDbCircle
10
-70
20
-60
30
0
40
1.9999999999999996
210
0
220
-0
230
1
0
CIRCLE
5
328
100
AcDbEntity
8
0
100
AcDbCircle
10
-80
20
-60
30
0
40
1.9999999999999996
210
0
220
-0
230
1
0
CIRCLE
5
329
100
AcDbEntity
8
0
100
AcDbCircle
10
-90
20
-60
30
0
40
1.9999999999999996
210
0
220
-0
230
1
0
CIRCLE
5
330
100
AcDbEntity
8
0
100
AcDbCircle
10
-100
20
-60
30
0
40
1.9999999999999996
210
0
220
-0
230
1
0
CIRCLE
5
331
100
AcDbEntity
8
0
100
AcDbCircle
10
-110
20
-60
30
0
40
1.9999999999999996
210
0
220
-0
230
1
0
CIRCLE
5
332
100
AcDbEntity
8
0
100
AcDbCircle
10
-120
20
-60
30
0
40
1.9999999999999996
210
0
220
-0
230
1
0
CIRCLE
5
333
100
AcDbEntity
8
0
100
AcDbCircle
10
-130
20
-60
30
0
40
1.9999999999999996
210
0
220
-0
230
1
0
CIRCLE
5
334
100
AcDbEntity
8
0
100
AcDbCircle
10
-140
20
-60
30
0
40
1.9999999999999996
210
0
220
-0
230
1
0
CIRCLE
5
335
100
AcDbEntity
8
0
100
AcDbCircle
10
-150
20
-60
30
0
40
1.9999999999999996
210
0
220
-0
230
1
0
CIRCLE
5
336
100
AcDbEntity
8
0
100
AcDbCircle
10
-160
20
-60
30
0
40
1.9999999999999996
210
0
220
-0
230
1
0
CIRCLE
5
337
100
AcDbEntity
8
0
100
AcDbCircle
10
-170
20
-60
30
0
40
1.9999999999999996
210
0
220
-0
230
1
0
CIRCLE
5
338
100
AcDbEntity
8
0
100
AcDbCircle
10
-180
20
-60
30
0
40
1.9999999999999996
210
0
220
-0
230
1
0
CIRCLE
5
339
100
AcDbEntity
8
0
100
AcDbCircle
10
-190
20
-60
30
0
40
1.9999999999999996
210
0
220
-0
230
1
0
CIRCLE
5
340
100
AcDbEntity
8
0
100
AcDbCircle
10
-200
20
-60
30
0
40
1.9999999999999996
210
0
220
-0
230
1
0
CIRCLE
5
341
100
AcDbEntity
8
0
100
AcDbCircle
10
-210
20
-60
30
0
40
1.9999999999999996
210
0
220
-0
230
1
0
CIRCLE
5
342
100
AcDbEntity
8
0
100
AcDbCircle
10
-220
20
-60
30
0
40
1.9999999999999996
210
0
220
-0
230
1
0
CIRCLE
5
343
100
AcDbEntity
8
0
100
AcDbCircle
10
-230
20
-60
30
0
40
1.9999999999999996
210
0
220
-0
230
1
0
CIRCLE
5
344
100
AcDbEntity
8
0
100
AcDbCircle
10
-240
20
-60
30
0
40
1.9999999999999996
210
0
220
-0
230
1
0
CIRCLE
5
345
100
AcDbEntity
8
0
100
AcDbCircle
10
-250
20
-60
30
0
40
1.9999999999999996
210
0
220
-0
230
1
0
CIRCLE
5
346
100
AcDbEntity
8
0
100
AcDbCircle
10
-260
20
-60
30
0
40
1.9999999999999996
210
0
220
-0
230
1
0
CIRCLE
5
347
100
AcDbEntity
8
0
100
AcDbCircle
10
-270
20
-60
30
0
40
1.9999999999999996
210
0
220
-0
230
1
0
CIRCLE
5
348
100
AcDbEntity
8
0
100
AcDbCircle
10
-280
20
-60
30
0
40
1.9999999999999996
210
0
220
-0
230
1
0
CIRCLE
5
349
100
AcDbEntity
8
0
100
AcDbCircle
10
-290
20
-60
30
0
40
1.9999999999999996
210
0
220
-0
230
1
0
CIRCLE
5
350
100
AcDbEntity
8
0
100
AcDbCircle
10
-300
20
-60
30
0
40
1.9999999999999996
210
0
220
-0
230
1
0
CIRCLE
5
351
100
AcDbEntity
8
0
100
AcDbCircle
10
-310
20
-60
30
0
40
1.9999999999999996
210
0
220
-0
230
1
0
CIRCLE
5
352
100
AcDbEntity
8
0
100
AcDbCircle
10
-320
20
-60
30
0
40
1.9999999999999996
210
0
220
-0
230
1
0
CIRCLE
5
353
100
AcDbEntity
8
0
100
AcDbCircle
10
-330
20
-60
30
0
40
1.9999999999999996
210
0
220
-0
230
1
0
CIRCLE
5
354
100
AcDbEntity
8
0
100
AcDbCircle
10
-340
20
-60
30
0
40
1.9999999999999996
210
0
220
-0
230
1
0
CIRCLE
5
355
100
AcDbEntity
8
0
100
AcDbCircle
10
-350
20
-60
30
0
40
1.9999999999999996
210
0
220
-0
230
1
0
CIRCLE
5
356
100
AcDbEntity
8
0
100
AcDbCircle
10
-360
20
-60
30
0
40
1.9999999999999996
210
0
220
-0
230
1
0
CIRCLE
5
357
100
AcDbEntity
8
0
100
AcDbCircle
10
-370
20
-60
30
0
40
1.9999999999999996
210
0
220
-0
230
1
0
CIRCLE
5
358
100
AcDbEntity
8
0
100
AcDbCircle
10
-380
20
-60
30
0
40
1.9999999999999996
210
0
220
-0
230
1
0
CIRCLE
5
359
100
AcDbEntity
8
0
100
AcDbCircle
10
-390
20
-60
30
0
40
1.9999999999999996
210
0
220
-0
230
1
0
CIRCLE
5
360
100
AcDbEntity
8
0
100
AcDbCircle
10
-400
20
-60
30
0
40
1.9999999999999996
210
0
220
-0
230
1
0
CIRCLE
5
361
100
AcDbEntity
8
0
100
AcDbCircle
10
-410
20
-60
30
0
40
1.9999999999999996
210
0
220
-0
230
1
0
CIRCLE
5
362
100
AcDbEntity
8
0
100
AcDbCircle
10
-420
20
-60
30
0
40
1.9999999999999996
210
0
220
-0
230
1
0
CIRCLE
5
363
100
AcDbEntity
8
0
100
AcDbCircle
10
-430
20
-60
30
0
40
1.9999999999999996
210
0
220
-0
230
1
0
CIRCLE
5
364
100
AcDbEntity
8
0
100
AcDbCircle
10
-440
20
-60
30
0
40
1.9999999999999996
210
0
220
-0
230
1
0
CIRCLE
5
365
100
AcDbEntity
8
0
100
AcDbCircle
10
-10
20
-70
30
0
40
1.9999999999999996
210
0
220
-0
230
1
0
CIRCLE
5
366
100
AcDbEntity
8
0
100
AcDbCircle
10
-20
20
-70
30
0
40
1.9999999999999996
210
0
220
-0
230
1
0
CIRCLE
5
367
100
AcDbEntity
8
0
100
AcDbCircle
10
-30
20
-70
30
0
40
1.9999999999999996
210
0
220
-0
230
1
0
CIRCLE
5
368
100
AcDbEntity
8
0
100
AcDbCircle
10
-40
20
-70
30
0
40
1.9999999999999996
210
0
220
-0
230
1
0
CIRCLE
5
369
100
AcDbEntity
8
0
100
AcDbCircle
10
-50
20
-70
30
0
40
1.9999999999999996
210
0
220
-0
230
1
0
CIRCLE
5
370
100
AcDbEntity
8
0
100
AcDbCircle
10
-60
20
-70
30
0
40
1.9999999999999996
210
0
220
-0
230
1
0
CIRCLE
5
371
100
AcDbEntity
8
0
100
AcDbCircle
10
-70
20
-70
30
0
40
1.9999999999999996
210
0
220
-0
230
1
0
CIRCLE
5
372
100
AcDbEntity
8
0
100
AcDbCircle
10
-80
20
-70
30
0
40
1.9999999999999996
210
0
220
-0
230
1
0
CIRCLE
5
373
100
AcDbEntity
8
0
100
AcDbCircle
10
-90
20
-70
30
0
40
1.9999999999999996
210
0
220
-0
230
1
0
CIRCLE
5
374
100
AcDbEntity
8
0
100
AcDbCircle
10
-100
20
-70
30
0
40
1.9999999999999996
210
0
220
-0
230
1
0
CIRCLE
5
375
100
AcDbEntity
8
0
100
AcDbCircle
10
-110
20
-70
30
0
40
1.9999999999999996
210
0
220
-0
230
1
0
CIRCLE
5
376
100
AcDbEntity
8
0
100
AcDbCircle
10
-120
20
-70
30
0
40
1.9999999999999996
210
0
220
-0
230
1
0
CIRCLE
5
377
100
AcDbEntity
8
0
100
AcDbCircle
10
-130
20
-70
30
0
40
1.9999999999999996
210
0
220
-0
230
1
0
CIRCLE
5
378
100
AcDbEntity
8
0
100
AcDbCircle
10
-140
20
-70
30
0
40
1.9999999999999996
210
0
220
-0
230
1
0
CIRCLE
5
379
100
AcDbEntity
8
0
100
AcDbCircle
10
-150
20
-70
30
0
40
1.9999999999999996
210
0
220
-0
230
1
0
CIRCLE
5
380
100
AcDbEntity
8
0
100
AcDbCircle
10
-160
20
-70
30
0
40
1.9999999999999996
210
0
220
-0
230
1
0
CIRCLE
5
381
100
AcDbEntity
8
0
100
AcDbCircle
10
-170
20
-70
30
0
40
1.9999999999999996
210
0
220
-0
230
1
0
CIRCLE
5
382
100
AcDbEntity
8
0
100
AcDbCircle
10
-180
20
-70
30
0
40
1.9999999999999996
210
0
220
-0
230
1
0
CIRCLE
5
383
100
AcDbEntity
8
0
100
AcDbCircle
10
-190
20
-70
30
0
40
1.9999999999999996
210
0
220
-0
230
1
0
CIRCLE
5
384
100
AcDbEntity
8
0
100
AcDbCircle
10
-200
20
-70
30
0
40
1.9999999999999996
210
0
220
-0
230
1
0
CIRCLE
5
385
100
AcDbEntity
8
0
100
AcDbCircle
10
-210
20
-70
30
0
40
1.9999999999999996
210
0
220
-0
230
1
0
CIRCLE
5
386
100
AcDbEntity
8
0
100
AcDbCircle
10
-220
20
-70
30
0
40
1.9999999999999996
210
0
220
-0
230
1
0
CIRCLE
5
387
100
AcDbEntity
8
0
100
AcDbCircle
10
-230
20
-70
30
0
40
1.9999999999999996
210
0
220
-0
230
1
0
CIRCLE
5
388
100
AcDbEntity
8
0
100
AcDbCircle
10
-240
20
-70
30
0
40
1.9999999999999996
210
0
220
-0
230
1
0
CIRCLE
5
389
100
AcDbEntity
8
0
100
AcDbCircle
10
-250
20
-70
30
0
40
1.9999999999999996
210
0
220
-0
230
1
0
CIRCLE
5
390
100
AcDbEntity
8
0
100
AcDbCircle
10
-260
20
-70
30
0
40
1.9999999999999996
210
0
220
-0
230
1
0
CIRCLE
5
391
100
AcDbEntity
8
0
100
AcDbCircle
10
-270
20
-70
30
0
40
1.9999999999999996
210
0
220
-0
230
1
0
CIRCLE
5
392
100
AcDbEntity
8
0
100
AcDbCircle
10
-280
20
-70
30
0
40
1.9999999999999996
210
0
220
-0
230
1
0
CIRCLE
5
393
100
AcDbEntity
8
0
100
AcDbCircle
10
-290
20
-70
30
0
40
1.9999999999999996
210
0
220
-0
230
1
0
CIRCLE
5
394
100
AcDbEntity
8
0
100
AcDbCircle
10
-300
20
-70
30
0
40
1.9999999999999996
210
0
220
-0
230
1
0
CIRCLE
5
395
100
AcDbEntity
8
0
100
AcDbCircle
10
-310
20
-70
30
0
40
1.9999999999999996
210
0
220
-0
230
1
0
CIRCLE
5
396
100
AcDbEntity
8
0
100
AcDbCircle
10
-320
20
-70
30
0
40
1.9999999999999996
210
0
220
-0
230
1
0
CIRCLE
5
397
100
AcDbEntity
8
0
100
AcDbCircle
10
-330
20
-70
30
0
40
1.9999999999999996
210
0
220
-0
230
1
0
CIRCLE
5
398
100
AcDbEntity
8
0
100
AcDbCircle
10
-340
20
-70
30
0
40
1.9999999999999996
210
0
220
-0
230
1
0
CIRCLE
5
399
100
AcDbEntity
8
0
100
AcDbCircle
10
-350
20
-70
30
0
40
1.9999999999999996
210
0
220
-0
230
1
0
CIRCLE
5
400
100
AcDbEntity
8
0
100
AcDbCircle
10
-360
20
-70
30
0
40
1.9999999999999996
210
0
220
-0
230
1
0
CIRCLE
5
401
100
AcDbEntity
8
0
100
AcDbCircle
10
-370
20
-70
30
0
40
1.9999999999999996
210
0
220
-0
230
1
0
CIRCLE
5
402
100
AcDbEntity
8
0
100
AcDbCircle
10
-380
20
-70
30
0
40
1.9999999999999996
210
0
220
-0
230
1
0
CIRCLE
5
403
100
AcDbEntity
8
0
100
AcDbCircle
10
-390
20
-70
30
0
40
1.9999999999999996
210
0
220
-0
230
1
0
CIRCLE
5
404
100
AcDbEntity
8
0
100
AcDbCircle
10
-400
20
-70
30
0
40
1.9999999999999996
210
0
220
-0
230
1
0
CIRCLE
5
405
100
AcDbEntity
8
0
100
AcDbCircle
10
-410
20
-70
30
0
40
1.9999999999999996
210
0
220
-0
230
1
0
CIRCLE
5
406
100
AcDbEntity
8
0
100
AcDbCircle
10
-420
20
-70
30
0
40
1.9999999999999996
210
0
220
-0
230
1
0
CIRCLE
5
407
100
AcDbEntity
8
0
100
AcDbCircle
10
-430
20
-70
30
0
40
1.9999999999999996
210
0
220
-0
230
1
0
CIRCLE
5
408
100
AcDbEntity
8
0
100
AcDbCircle
10
-440
20
-70
30
0
40
1.9999999999999996
210
0
220
-0
230
1
0
CIRCLE
5
409
100
AcDbEntity
8
0
100
AcDbCircle
10
-10
20
-80
30
0
40
1.9999999999999996
210
0
220
-0
230
1
0
CIRCLE
5
410
100
AcDbEntity
8
0
100
AcDbCircle
10
-20
20
-80
30
0
40
1.9999999999999996
210
0
220
-0
230
1
0
CIRCLE
5
411
100
AcDbEntity
8
0
100
AcDbCircle
10
-30
20
-80
30
0
40
1.9999999999999996
210
0
220
-0
230
1
0
CIRCLE
5
412
100
AcDbEntity
8
0
100
AcDbCircle
10
-40
20
-80
30
0
40
1.9999999999999996
210
0
220
-0
230
1
0
CIRCLE
5
413
100
AcDbEntity
8
0
100
AcDbCircle
10
-50
20
-80
30
0
40
1.9999999999999996
210
0
220
-0
230
1
0
CIRCLE
5
414
100
AcDbEntity
8
0
100
AcDbCircle
10
-60
20
-80
30
0
40
1.9999999999999996
210
0
220
-0
230
1
0
CIRCLE
5
415
100
AcDbEntity
8
0
100
AcDbCircle
10
-70
20
-80
30
0
40
1.9999999999999996
210
0
220
-0
230
1
0
CIRCLE
5
416
100
AcDbEntity
8
0
100
AcDbCircle
10
-80
20
-80
30
0
40
1.9999999999999996
210
0
220
-0
230
1
0
CIRCLE
5
417
100
AcDbEntity
8
0
100
AcDbCircle
10
-90
20
-80
30
0
40
1.9999999999999996
210
0
220
-0
230
1
0
CIRCLE
5
418
100
AcDbEntity
8
0
100
AcDbCircle
10
-100
20
-80
30
0
40
1.9999999999999996
210
0
220
-0
230
1
0
CIRCLE
5
419
100
AcDbEntity
8
0
100
AcDbCircle
10
-110
20
-80
30
0
40
1.9999999999999996
210
0
220
-0
230
1
0
CIRCLE
5
420
100
AcDbEntity
8
0
100
AcDbCircle
10
-120
20
-80
30
0
40
1.9999999999999996
210
0
220
-0
230
1
0
CIRCLE
5
421
100
AcDbEntity
8
0
100
AcDbCircle
10
-130
20
-80
30
0
40
1.9999999999999996
210
0
220
-0
230
1
0
CIRCLE
5
422
100
AcDbEntity
8
0
100
AcDbCircle
10
-140
20
-80
30
0
40
1.9999999999999996
210
0
220
-0
230
1
0
CIRCLE
5
423
100
AcDbEntity
8
0
100
AcDbCircle
10
-150
20
-80
30
0
40
1.9999999999999996
210
0
220
-0
230
1
0
CIRCLE
5
424
100
AcDbEntity
8
0
100
AcDbCircle
10
-160
20
-80
30
0
40
1.9999999999999996
210
0
220
-0
230
1
0
CIRCLE
5
425
100
AcDbEntity
8
0
100
AcDbCircle
10
-170
20
-80
30
0
40
1.9999999999999996
210
0
220
-0
230
1
0
CIRCLE
5
426
100
AcDbEntity
8
0
100
AcDbCircle
10
-180
20
-80
30
0
40
1.9999999999999996
210
0
220
-0
230
1
0
CIRCLE
5
427
100
AcDbEntity
8
0
100
AcDbCircle
10
-190
20
-80
30
0
40
1.9999999999999996
210
0
220
-0
230
1
0
CIRCLE
5
428
100
AcDbEntity
8
0
100
AcDbCircle
10
-200
20
-80
30
0
40
1.9999999999999996
210
0
220
-0
230
1
0
CIRCLE
5
429
100
AcDbEntity
8
0
100
AcDbCircle
10
-210
20
-80
30
0
40
1.9999999999999996
210
0
220
-0
230
1
0
CIRCLE
5
430
100
AcDbEntity
8
0
100
AcDbCircle
10
-220
20
-80
30
0
40
1.9999999999999996
210
0
220
-0
230
1
0
CIRCLE
5
431
100
AcDbEntity
8
0
100
AcDbCircle
10
-230
20
-80
30
0
40
1.9999999999999996
210
0
220
-0
230
1
0
CIRCLE
5
432
100
AcDbEntity
8
0
100
AcDbCircle
10
-240
20
-80
30
0
40
1.9999999999999996
210
0
220
-0
230
1
0
CIRCLE
5
433
100
AcDbEntity
8
0
100
AcDbCircle
10
-250
20
-80
30
0
40
1.9999999999999996
210
0
220
-0
230
1
0
CIRCLE
5
434
100
AcDbEntity
8
0
100
AcDbCircle
10
-260
20
-80
30
0
40
1.9999999999999996
210
0
220
-0
230
1
0
CIRCLE
5
435
100
AcDbEntity
8
0
100
AcDbCircle
10
-270
20
-80
30
0
40
1.9999999999999996
210
0
220
-0
230
1
0
CIRCLE
5
436
100
AcDbEntity
8
0
100
AcDbCircle
10
-280
20
-80
30
0
40
1.9999999999999996
210
0
220
-0
230
1
0
CIRCLE
5
437
100
AcDbEntity
8
0
100
AcDbCircle
10
-290
20
-80
30
0
40
1.9999999999999996
210
0
220
-0
230
1
0
CIRCLE
5
438
100
AcDbEntity
8
0
100
AcDbCircle
10
-300
20
-80
30
0
40
1.9999999999999996
210
0
220
-0
230
1
0
CIRCLE
5
439
100
AcDbEntity
8
0
100
AcDbCircle
10
-310
20
-80
30
0
40
1.9999999999999996
210
0
220
-0
230
1
0
CIRCLE
5
440
100
AcDbEntity
8
0
100
AcDbCircle
10
-320
20
-80
30
0
40
1.9999999999999996
210
0
220
-0
230
1
0
CIRCLE
5
441
100
AcDbEntity
8
0
100
AcDbCircle
10
-330
20
-80
30
0
40
1.9999999999999996
210
0
220
-0
230
1
0
CIRCLE
5
442
100
AcDbEntity
8
0
100
AcDbCircle
10
-340
20
-80
30
0
40
1.9999999999999996
210
0
220
-0
230
1
0
CIRCLE
5
443
100
AcDbEntity
8
0
100
AcDbCircle
10
-350
20
-80
30
0
40
1.9999999999999996
210
0
220
-0
230
1
0
CIRCLE
5
444
100
AcDbEntity
8
0
100
AcDbCircle
10
-360
20
-80
30
0
40
1.9999999999999996
210
0
220
-0
230
1
0
CIRCLE
5
445
100
AcDbEntity
8
0
100
AcDbCircle
10
-370
20
-80
30
0
40
1.9999999999999996
210
0
220
-0
230
1
0
CIRCLE
5
446
100
AcDbEntity
8
0
100
AcDbCircle
10
-380
20
-80
30
0
40
1.9999999999999996
210
0
220
-0
230
1
0
CIRCLE
5
447
100
AcDbEntity
8
0
100
AcDbCircle
10
-390
20
-80
30
0
40
1.9999999999999996
210
0
220
-0
230
1
0
CIRCLE
5
448
100
AcDbEntity
8
0
100
AcDbCircle
10
-400
20
-80
30
0
40
1.9999999999999996
210
0
220
-0
230
1
0
CIRCLE
5
449
100
AcDbEntity
8
0
100
AcDbCircle
10
-410
20
-80
30
0
40
1.9999999999999996
210
0
220
-0
230
1
0
CIRCLE
5
450
100
AcDbEntity
8
0
100
AcDbCircle
10
-420
20
-80
30
0
40
1.9999999999999996
210
0
220
-0
230
1
0
CIRCLE
5
451
100
AcDbEntity
8
0
100
AcDbCircle
10
-430
20
-80
30
0
40
1.9999999999999996
210
0
220
-0
230
1
0
CIRCLE
5
452
100
AcDbEntity
8
0
100
AcDbCircle
10
-440
20
-80
30
0
40
1.9999999999999996
210
0
220
-0
230
1
0
CIRCLE
5
453
100
AcDbEntity
8
0
100
AcDbCircle
10
-10
20
-90
30
0
40
1.9999999999999996
210
0
220
-0
230
1
0
CIRCLE
5
454
100
AcDbEntity
8
0
100
AcDbCircle
10
-20
20
-90
30
0
40
1.9999999999999996
210
0
220
-0
230
1
0
CIRCLE
5
455
100
AcDbEntity
8
0
100
AcDbCircle
10
-30
20
-90
30
0
40
1.9999999999999996
210
0
220
-0
230
1
0
CIRCLE
5
456
100
AcDbEntity
8
0
100
AcDbCircle
10
-40
20
-90
30
0
40
1.9999999999999996
210
0
220
-0
230
1
0
CIRCLE
5
457
100
AcDbEntity
8
0
100
AcDbCircle
10
-50
20
-90
30
0
40
1.9999999999999996
210
0
220
-0
230
1
0
CIRCLE
5
458
100
AcDbEntity
8
0
100
AcDbCircle
10
-60
20
-90
30
0
40
1.9999999999999996
210
0
220
-0
230
1
0
CIRCLE
5
459
100
AcDbEntity
8
0
100
AcDbCircle
10
-70
20
-90
30
0
40
1.9999999999999996
210
0
220
-0
230
1
0
CIRCLE
5
460
100
AcDbEntity
8
0
100
AcDbCircle
10
-80
20
-90
30
0
40
1.9999999999999996
210
0
220
-0
230
1
0
CIRCLE
5
461
100
AcDbEntity
8
0
100
AcDbCircle
10
-90
20
-90
30
0
40
1.9999999999999996
210
0
220
-0
230
1
0
CIRCLE
5
462
100
AcDbEntity
8
0
100
AcDbCircle
10
-100
20
-90
30
0
40
1.9999999999999996
210
0
220
-0
230
1
0
CIRCLE
5
463
100
AcDbEntity
8
0
100
AcDbCircle
10
-110
20
-90
30
0
40
1.9999999999999996
210
0
220
-0
230
1
0
CIRCLE
5
464
100
AcDbEntity
8
0
100
AcDbCircle
10
-120
20
-90
30
0
40
1.9999999999999996
210
0
220
-0
230
1
0
CIRCLE
5
465
100
AcDbEntity
8
0
100
AcDbCircle
10
-130
20
-90
30
0
40
1.9999999999999996
210
0
220
-0
230
1
0
CIRCLE
5
466
100
AcDbEntity
8
0
100
AcDbCircle
10
-140
20
-90
30
0
40
1.9999999999999996
210
0
220
-0
230
1
0
CIRCLE
5
467
100
AcDbEntity
8
0
100
AcDbCircle
10
-150
20
-90
30
0
40
1.9999999999999996
210
0
220
-0
230
1
0
CIRCLE
5
468
100
AcDbEntity
8
0
100
AcDbCircle
10
-160
20
-90
30
0
40
1.9999999999999996
210
0
220
-0
230
1
0
CIRCLE
5
469
100
AcDbEntity
8
0
100
AcDbCircle
10
-170
20
-90
30
0
40
1.9999999999999996
210
0
220
-0
230
1
0
CIRCLE
5
470
100
AcDbEntity
8
0
100
AcDbCircle
10
-180
20
-90
30
0
40
1.9999999999999996
210
0
220
-0
230
1
0
CIRCLE
5
471
100
AcDbEntity
8
0
100
AcDbCircle
10
-190
20
-90
30
0
40
1.9999999999999996
210
0
220
-0
230
1
0
CIRCLE
5
472
100
AcDbEntity
8
0
100
AcDbCircle
10
-200
20
-90
30
0
40
1.9999999999999996
210
0
220
-0
230
1
0
CIRCLE
5
473
100
AcDbEntity
8
0
100
AcDbCircle
10
-210
20
-90
30
0
40
1.9999999999999996
210
0
220
-0
230
1
0
CIRCLE
5
474
100
AcDbEntity
8
0
100
AcDbCircle
10
-220
20
-90
30
0
40
1.9999999999999996
210
0
220
-0
230
1
0
CIRCLE
5
475
100
AcDbEntity
8
0
100
AcDbCircle
10
-230
20
-90
30
0
40
1.9999999999999996
210
0
220
-0
230
1
0
CIRCLE
5
476
100
AcDbEntity
8
0
100
AcDbCircle
10
-240
20
-90
30
0
40
1.9999999999999996
210
0
220
-0
230
1
0
CIRCLE
5
477
100
AcDbEntity
8
0
100
AcDbCircle
10
-250
20
-90
30
0
40
1.9999999999999996
210
0
220
-0
230
1
0
CIRCLE
5
478
100
AcDbEntity
8
0
100
AcDbCircle
10
-260
20
-90
30
0
40
1.9999999999999996
210
0
220
-0
230
1
0
CIRCLE
5
479
100
AcDbEntity
8
0
100
AcDbCircle
10
-270
20
-90
30
0
40
1.9999999999999996
210
0
220
-0
230
1
0
CIRCLE
5
480
100
AcDbEntity
8
0
100
AcDbCircle
10
-280
20
-90
30
0
40
1.9999999999999996
210
0
220
-0
230
1
0
CIRCLE
5
481
100
AcDbEntity
8
0
100
AcDbCircle
10
-290
20
-90
30
0
40
1.9999999999999996
210
0
220
-0
230
1
0
CIRCLE
5
482
100
AcDbEntity
8
0
100
AcDbCircle
10
-300
20
-90
30
0
40
1.9999999999999996
210
0
220
-0
230
1
0
CIRCLE
5
483
100
AcDbEntity
8
0
100
AcDbCircle
10
-310
20
-90
30
0
40
1.9999999999999996
210
0
220
-0
230
1
0
CIRCLE
5
484
100
AcDbEntity
8
0
100
AcDbCircle
10
-320
20
-90
30
0
40
1.9999999999999996
210
0
220
-0
230
1
0
CIRCLE
5
485
100
AcDbEntity
8
0
100
AcDbCircle
10
-330
20
-90
30
0
40
1.9999999999999996
210
0
220
-0
230
1
0
CIRCLE
5
486
100
AcDbEntity
8
0
100
AcDbCircle
10
-340
20
-90
30
0
40
1.9999999999999996
210
0
220
-0
230
1
0
CIRCLE
5
487
100
AcDbEntity
8
0
100
AcDbCircle
10
-350
20
-90
30
0
40
1.9999999999999996
210
0
220
-0
230
1
0
CIRCLE
5
488
100
AcDbEntity
8
0
100
AcDbCircle
10
-360
20
-90
30
0
40
1.9999999999999996
210
0
220
-0
230
1
0
CIRCLE
5
489
100
AcDbEntity
8
0
100
AcDbCircle
10
-370
20
-90
30
0
40
1.9999999999999996
210
0
220
-0
230
1
0
CIRCLE
5
490
100
AcDbEntity
8
0
100
AcDbCircle
10
-380
20
-90
30
0
40
1.9999999999999996
210
0
220
-0
230
1
0
CIRCLE
5
491
100
AcDbEntity
8
0
100
AcDbCircle
10
-390
20
-90
30
0
40
1.9999999999999996
210
0
220
-0
230
1
0
CIRCLE
5
492
100
AcDbEntity
8
0
100
AcDbCircle
10
-400
20
-90
30
0
40
1.9999999999999996
210
0
220
-0
230
1
0
CIRCLE
5
493
100
AcDbEntity
8
0
100
AcDbCircle
10
-410
20
-90
30
0
40
1.9999999999999996
210
0
220
-0
230
1
0
CIRCLE
5
494
100
AcDbEntity
8
0
100
AcDbCircle
10
-420
20
-90
30
0
40
1.9999999999999996
210
0
220
-0
230
1
0
CIRCLE
5
495
100
AcDbEntity
8
0
100
AcDbCircle
10
-430
20
-90
30
0
40
1.9999999999999996
210
0
220
-0
230
1
0
CIRCLE
5
496
100
AcDbEntity
8
0
100
AcDbCircle
10
-440
20
-90
30
0
40
1.9999999999999996
210
0
220
-0
230
1
0
CIRCLE
5
497
100
AcDbEntity
8
0
100
AcDbCircle
10
-10
20
-100
30
0
40
1.9999999999999996
210
0
220
-0
230
1
0
CIRCLE
5
498
100
AcDbEntity
8
0
100
AcDbCircle
10
-20
20
-100
30
0
40
1.9999999999999996
210
0
220
-0
230
1
0
CIRCLE
5
499
100
AcDbEntity
8
0
100
AcDbCircle
10
-30
20
-100
30
0
40
1.9999999999999996
210
0
220
-0
230
1
0
CIRCLE
5
500
100
AcDbEntity
8
0
100
AcDbCircle
10
-40
20
-100
30
0
40
1.9999999999999996
210
0
220
-0
230
1
0
CIRCLE
5
501
100
AcDbEntity
8
0
100
AcDbCircle
10
-50
20
-100
30
0
40
1.9999999999999996
210
0
220
-0
230
1
0
CIRCLE
5
502
100
AcDbEntity
8
0
100
AcDbCircle
10
-60
20
-100
30
0
40
1.9999999999999996
210
0
220
-0
230
1
0
CIRCLE
5
503
100
AcDbEntity
8
0
100
AcDbCircle
10
-70
20
-100
30
0
40
1.9999999999999996
210
0
220
-0
230
1
0
CIRCLE
5
504
100
AcDbEntity
8
0
100
AcDbCircle
10
-80
20
-100
30
0
40
1.9999999999999996
210
0
220
-0
230
1
0
CIRCLE
5
505
100
AcDbEntity
8
0
100
AcDbCircle
10
-90
20
-100
30
0
40
1.9999999999999996
210
0
220
-0
230
1
0
CIRCLE
5
506
100
AcDbEntity
8
0
100
AcDbCircle
10
-100
20
-100
30
0
40
1.9999999999999996
210
0
220
-0
230
1
0
CIRCLE
5
507
100
AcDbEntity
8
0
100
AcDbCircle
10
-110
20
-100
30
0
40
1.9999999999999996
210
0
220
-0
230
1
0
CIRCLE
5
508
100
AcDbEntity
8
0
100
AcDbCircle
10
-120
20
-100
30
0
40
1.9999999999999996
210
0
220
-0
230
1
0
CIRCLE
5
509
100
AcDbEntity
8
0
100
AcDbCircle
10
-130
20
-100
30
0
40
1.9999999999999996
210
0
220
-0
230
1
0
CIRCLE
5
510
100
AcDbEntity
8
0
100
AcDbCircle
10
-140
20
-100
30
0
40
1.9999999999999996
210
0
220
-0
230
1
0
CIRCLE
5
511
100
AcDbEntity
8
0
100
AcDbCircle
10
-150
20
-100
30
0
40
1.9999999999999996
210
0
220
-0
230
1
0
CIRCLE
5
512
100
AcDbEntity
8
0
100
AcDbCircle
10
-160
20
-100
30
0
40
1.9999999999999996
210
0
220
-0
230
1
0
CIRCLE
5
513
100
AcDbEntity
8
0
100
AcDbCircle
10
-170
20
-100
30
0
40
1.9999999999999996
210
0
220
-0
230
1
0
CIRCLE
5
514
100
AcDbEntity
8
0
100
AcDbCircle
10
-180
20
-100
30
0
40
1.9999999999999996
210
0
220
-0
230
1
0
CIRCLE
5
515
100
AcDbEntity
8
0
100
AcDbCircle
10
-190
20
-100
30
0
40
1.9999999999999996
210
0
220
-0
230
1
0
CIRCLE
5
516
100
AcDbEntity
8
0
100
AcDbCircle
10
-200
20
-100
30
0
40
1.9999999999999996
210
0
220
-0
230
1
0
CIRCLE
5
517
100
AcDbEntity
8
0
100
AcDbCircle
10
-210
20
-100
30
0
40
1.9999999999999996
210
0
220
-0
230
1
0
CIRCLE
5
518
100
AcDbEntity
8
0
100
AcDbCircle
10
-220
20
-100
30
0
40
1.9999999999999996
210
0
220
-0
230
1
0
CIRCLE
5
519
100
AcDbEntity
8
0
100
AcDbCircle
10
-230
20
-100
30
0
40
1.9999999999999996
210
0
220
-0
230
1
0
CIRCLE
5
520
100
AcDbEntity
8
0
100
AcDbCircle
10
-240
20
-100
30
0
40
1.9999999999999996
210
0
220
-0
230
1
0
CIRCLE
5
521
100
AcDbEntity
8
0
100
AcDbCircle
10
-250
20
-100
30
0
40
1.9999999999999996
210
0
220
-0
230
1
0
CIRCLE
5
522
100
AcDbEntity
8
0
100
AcDbCircle
10
-260
20
-100
30
0
40
1.9999999999999996
210
0
220
-0
230
1
0
CIRCLE
5
523
100
AcDbEntity
8
0
100
AcDbCircle
10
-270
20
-100
30
0
40
1.9999999999999996
210
0
220
-0
230
1
0
CIRCLE
5
524
100
AcDbEntity
8
0
100
AcDbCircle
10
-280
20
-100
30
0
40
1.9999999999999996
210
0
220
-0
230
1
0
CIRCLE
5
525
100
AcDbEntity
8
0
100
AcDbCircle
10
-290
20
-100
30
0
40
1.9999999999999996
210
0
220
-0
230
1
0
CIRCLE
5
526
100
AcDbEntity
8
0
100
AcDbCircle
10
-300
20
-100
30
0
40
1.9999999999999996
210
0
220
-0
230
1
0
CIRCLE
5
527
100
AcDbEntity
8
0
100
AcDbCircle
10
-310
20
-100
30
0
40
1.9999999999999996
210
0
220
-0
230
1
0
CIRCLE
5
528
100
AcDbEntity
8
0
100
AcDbCircle
10
-320
20
-100
30
0
40
1.9999999999999996
210
0
220
-0
230
1
0
CIRCLE
5
529
100
AcDbEntity
8
0
100
AcDbCircle
10
-330
20
-100
30
0
40
1.9999999999999996
210
0
220
-0
230
1
0
CIRCLE
5
530
100
AcDbEntity
8
0
100
AcDbCircle
10
-340
20
-100
30
0
40
1.9999999999999996
210
0
220
-0
230
1
0
CIRCLE
5
531
100
AcDbEntity
8
0
100
AcDbCircle
10
-350
20
-100
30
0
40
1.9999999999999996
210
0
220
-0
230
1
0
CIRCLE
5
532
100
AcDbEntity
8
0
100
AcDbCircle
10
-360
20
-100
30
0
40
1.9999999999999996
210
0
220
-0
230
1
0
CIRCLE
5
533
100
AcDbEntity
8
0
100
AcDbCircle
10
-370
20
-100
30
0
40
1.9999999999999996
210
0
220
-0
230
1
0
CIRCLE
5
534
100
AcDbEntity
8
0
100
AcDbCircle
10
-380
20
-100
30
0
40
1.9999999999999996
210
0
220
-0
230
1
0
CIRCLE
5
535
100
AcDbEntity
8
0
100
AcDbCircle
10
-390
20
-100
30
0
40
1.9999999999999996
210
0
220
-0
230
1
0
CIRCLE
5
536
100
AcDbEntity
8
0
100
AcDbCircle
10
-400
20
-100
30
0
40
1.9999999999999996
210
0
220
-0
230
1
0
CIRCLE
5
537
100
AcDbEntity
8
0
100
AcDbCircle
10
-410
20
-100
30
0
40
1.9999999999999996
210
0
220
-0
230
1
0
CIRCLE
5
538
100
AcDbEntity
8
0
100
AcDbCircle
10
-420
20
-100
30
0
40
1.9999999999999996
210
0
220
-0
230
1
0
CIRCLE
5
539
100
AcDbEntity
8
0
100
AcDbCircle
10
-430
20
-100
30
0
40
1.9999999999999996
210
0
220
-0
230
1
0
CIRCLE
5
540
100
AcDbEntity
8
0
100
AcDbCircle
10
-440
20
-100
30
0
40
1.9999999999999996
210
0
220
-0
230
1
0
CIRCLE
5
541
100
AcDbEntity
8
0
100
AcDbCircle
10
-10
20
-110
30
0
40
1.9999999999999996
210
0
220
-0
230
1
0
CIRCLE
5
542
100
AcDbEntity
8
0
100
AcDbCircle
10
-20
20
-110
30
0
40
1.9999999999999996
210
0
220
-0
230
1
0
CIRCLE
5
543
100
AcDbEntity
8
0
100
AcDbCircle
10
-30
20
-110
30
0
40
1.9999999999999996
210
0
220
-0
230
1
0
CIRCLE
5
544
100
AcDbEntity
8
0
100
AcDbCircle
10
-40
20
-110
30
0
40
1.9999999999999996
210
0
220
-0
230
1
0
CIRCLE
5
545
100
AcDbEntity
8
0
100
AcDbCircle
10
-50
20
-110
30
0
40
1.9999999999999996
210
0
220
-0
230
1
0
CIRCLE
5
546
100
AcDbEntity
8
0
100
AcDbCircle
10
-60
20
-110
30
0
40
1.9999999999999996
210
0
220
-0
230
1
0
CIRCLE
5
547
100
AcDbEntity
8
0
100
AcDbCircle
10
-70
20
-110
30
0
40
1.9999999999999996
210
0
220
-0
230
1
0
CIRCLE
5
548
100
AcDbEntity
8
0
100
AcDbCircle
10
-80
20
-110
30
0
40
1.9999999999999996
210
0
220
-0
230
1
0
CIRCLE
5
549
100
AcDbEntity
8
0
100
AcDbCircle
10
-90
20
-110
30
0
40
1.9999999999999996
210
0
220
-0
230
1
0
CIRCLE
5
550
100
AcDbEntity
8
0
100
AcDbCircle
10
-100
20
-110
30
0
40
1.9999999999999996
210
0
220
-0
230
1
0
CIRCLE
5
551
100
AcDbEntity
8
0
100
AcDbCircle
10
-110
20
-110
30
0
40
1.9999999999999996
210
0
220
-0
230
1
0
CIRCLE
5
552
100
AcDbEntity
8
0
100
AcDbCircle
10
-120
20
-110
30
0
40
1.9999999999999996
210
0
220
-0
230
1
0
CIRCLE
5
553
100
AcDbEntity
8
0
100
AcDbCircle
10
-130
20
-110
30
0
40
1.9999999999999996
210
0
220
-0
230
1
0
CIRCLE
5
554
100
AcDbEntity
8
0
100
AcDbCircle
10
-140
20
-110
30
0
40
1.9999999999999996
210
0
220
-0
230
1
0
CIRCLE
5
555
100
AcDbEntity
8
0
100
AcDbCircle
10
-150
20
-110
30
0
40
1.9999999999999996
210
0
220
-0
230
1
0
CIRCLE
5
556
100
AcDbEntity
8
0
100
AcDbCircle
10
-160
20
-110
30
0
40
1.9999999999999996
210
0
220
-0
230
1
0
CIRCLE
5
557
100
AcDbEntity
8
0
100
AcDbCircle
10
-170
20
-110
30
0
40
1.9999999999999996
210
0
220
-0
230
1
0
CIRCLE
5
558
100
AcDbEntity
8
0
100
AcDbCircle
10
-180
20
-110
30
0
40
1.9999999999999996
210
0
220
-0
230
1
0
CIRCLE
5
559
100
AcDbEntity
8
0
100
AcDbCircle
10
-190
20
-110
30
0
40
1.9999999999999996
210
0
220
-0
230
1
0
CIRCLE
5
560
100
AcDbEntity
8
0
100
AcDbCircle
10
-200
20
-110
30
0
40
1.9999999999999996
210
0
220
-0
230
1
0
CIRCLE
5
561
100
AcDbEntity
8
0
100
AcDbCircle
10
-210
20
-110
30
0
40
1.9999999999999996
210
0
220
-0
230
1
0
CIRCLE
5
562
100
AcDbEntity
8
0
100
AcDbCircle
10
-220
20
-110
30
0
40
1.9999999999999996
210
0
220
-0
230
1
0
CIRCLE
5
563
100
AcDbEntity
8
0
100
AcDbCircle
10
-230
20
-110
30
0
40
1.9999999999999996
210
0
220
-0
230
1
0
CIRCLE
5
564
100
AcDbEntity
8
0
100
AcDbCircle
10
-240
20
-110
30
0
40
1.9999999999999996
210
0
220
-0
230
1
0
CIRCLE
5
565
100
AcDbEntity
8
0
100
AcDbCircle
10
-250
20
-110
30
0
40
1.9999999999999996
210
0
220
-0
230
1
0
CIRCLE
5
566
100
AcDbEntity
8
0
100
AcDbCircle
10
-260
20
-110
30
0
40
1.9999999999999996
210
0
220
-0
230
1
0
CIRCLE
5
567
100
AcDbEntity
8
0
100
AcDbCircle
10
-270
20
-110
30
0
40
1.9999999999999996
210
0
220
-0
230
1
0
CIRCLE
5
568
100
AcDbEntity
8
0
100
AcDbCircle
10
-280
20
-110
30
0
40
1.9999999999999996
210
0
220
-0
230
1
0
CIRCLE
5
569
100
AcDbEntity
8
0
100
AcDbCircle
10
-290
20
-110
30
0
40
1.9999999999999996
210
0
220
-0
230
1
0
CIRCLE
5
570
100
AcDbEntity
8
0
100
AcDbCircle
10
-300
20
-110
30
0
40
1.9999999999999996
210
0
220
-0
230
1
0
CIRCLE
5
571
100
AcDbEntity
8
0
100
AcDbCircle
10
-310
20
-110
30
0
40
1.9999999999999996
210
0
220
-0
230
1
0
CIRCLE
5
572
100
AcDbEntity
8
0
100
AcDbCircle
10
-320
20
-110
30
0
40
1.9999999999999996
210
0
220
-0
230
1
0
CIRCLE
5
573
100
AcDbEntity
8
0
100
AcDbCircle
10
-330
20
-110
30
0
40
1.9999999999999996
210
0
220
-0
230
1
0
CIRCLE
5
574
100
AcDbEntity
8
0
100
AcDbCircle
10
-340
20
-110
30
0
40
1.9999999999999996
210
0
220
-0
230
1
0
CIRCLE
5
575
100
AcDbEntity
8
0
100
AcDbCircle
10
-350
20
-110
30
0
40
1.9999999999999996
210
0
220
-0
230
1
0
CIRCLE
5
576
100
AcDbEntity
8
0
100
AcDbCircle
10
-360
20
-110
30
0
40
1.9999999999999996
210
0
220
-0
230
1
0
CIRCLE
5
577
100
AcDbEntity
8
0
100
AcDbCircle
10
-370
20
-110
30
0
40
1.9999999999999996
210
0
220
-0
230
1
0
CIRCLE
5
578
100
AcDbEntity
8
0
100
AcDbCircle
10
-380
20
-110
30
0
40
1.9999999999999996
210
0
220
-0
230
1
0
CIRCLE
5
579
100
AcDbEntity
8
0
100
AcDbCircle
10
-390
20
-110
30
0
40
1.9999999999999996
210
0
220
-0
230
1
0
CIRCLE
5
580
100
AcDbEntity
8
0
100
AcDbCircle
10
-400
20
-110
30
0
40
1.9999999999999996
210
0
220
-0
230
1
0
CIRCLE
5
581
100
AcDbEntity
8
0
100
AcDbCircle
10
-410
20
-110
30
0
40
1.9999999999999996
210
0
220
-0
230
1
0
CIRCLE
5
582
100
AcDbEntity
8
0
100
AcDbCircle
10
-420
20
-110
30
0
40
1.9999999999999996
210
0
220
-0
230
1
0
CIRCLE
5
583
100
AcDbEntity
8
0
100
AcDbCircle
10
-430
20
-110
30
0
40
1.9999999999999996
210
0
220
-0
230
1
0
CIRCLE
5
584
100
AcDbEntity
8
0
100
AcDbCircle
10
-440
20
-110
30
0
40
1.9999999999999996
210
0
220
-0
230
1
0
CIRCLE
5
585
100
AcDbEntity
8
0
100
AcDbCircle
10
-10
20
-120
30
0
40
1.9999999999999996
210
0
220
-0
230
1
0
CIRCLE
5
586
100
AcDbEntity
8
0
100
AcDbCircle
10
-20
20
-120
30
0
40
1.9999999999999996
210
0
220
-0
230
1
0
CIRCLE
5
587
100
AcDbEntity
8
0
100
AcDbCircle
10
-30
20
-120
30
0
40
1.9999999999999996
210
0
220
-0
230
1
0
CIRCLE
5
588
100
AcDbEntity
8
0
100
AcDbCircle
10
-40
20
-120
30
0
40
1.9999999999999996
210
0
220
-0
230
1
0
CIRCLE
5
589
100
AcDbEntity
8
0
100
AcDbCircle
10
-50
20
-120
30
0
40
1.9999999999999996
210
0
220
-0
230
1
0
CIRCLE
5
590
100
AcDbEntity
8
0
100
AcDbCircle
10
-60
20
-120
30
0
40
1.9999999999999996
210
0
220
-0
230
1
0
CIRCLE
5
591
100
AcDbEntity
8
0
100
AcDbCircle
10
-70
20
-120
30
0
40
1.9999999999999996
210
0
220
-0
230
1
0
CIRCLE
5
592
100
AcDbEntity
8
0
100
AcDbCircle
10
-80
20
-120
30
0
40
1.9999999999999996
210
0
220
-0
230
1
0
CIRCLE
5
593
100
AcDbEntity
8
0
100
AcDbCircle
10
-90
20
-120
30
0
40
1.9999999999999996
210
0
220
-0
230
1
0
CIRCLE
5
594
100
AcDbEntity
8
0
100
AcDbCircle
10
-100
20
-120
30
0
40
1.9999999999999996
210
0
220
-0
230
1
0
CIRCLE
5
595
100
AcDbEntity
8
0
100
AcDbCircle
10
-110
20
-120
30
0
40
1.9999999999999996
210
0
220
-0
230
1
0
CIRCLE
5
596
100
AcDbEntity
8
0
100
AcDbCircle
10
-120
20
-120
30
0
40
1.9999999999999996
210
0
220
-0
230
1
0
CIRCLE
5
597
100
AcDbEntity
8
0
100
AcDbCircle
10
-130
20
-120
30
0
40
1.9999999999999996
210
0
220
-0
230
1
0
CIRCLE
5
598
100
AcDbEntity
8
0
100
AcDbCircle
10
-140
20
-120
30
0
40
1.9999999999999996
210
0
220
-0
230
1
0
CIRCLE
5
599
100
AcDbEntity
8
0
100
AcDbCircle
10
-150
20
-120
30
0
40
1.9999999999999996
210
0
220
-0
230
1
0
CIRCLE
5
600
100
AcDbEntity
8
0
100
AcDbCircle
10
-160
20
-120
30
0
40
1.9999999999999996
210
0
220
-0
230
1
0
CIRCLE
5
601
100
AcDbEntity
8
0
100
AcDbCircle
10
-170
20
-120
30
0
40
1.9999999999999996
210
0
220
-0
230
1
0
CIRCLE
5
602
100
AcDbEntity
8
0
100
AcDbCircle
10
-180
20
-120
30
0
40
1.9999999999999996
210
0
220
-0
230
1
0
CIRCLE
5
603
100
AcDbEntity
8
0
100
AcDbCircle
10
-190
20
-120
30
0
40
1.9999999999999996
210
0
220
-0
230
1
0
CIRCLE
5
604
100
AcDbEntity
8
0
100
AcDbCircle
10
-200
20
-120
30
0
40
1.9999999999999996
210
0
220
-0
230
1
0
CIRCLE
5
605
100
AcDbEntity
8
0
100
AcDbCircle
10
-210
20
-120
30
0
40
1.9999999999999996
210
0
220
-0
230
1
0
CIRCLE
5
606
100
AcDbEntity
8
0
100
AcDbCircle
10
-220
20
-120
30
0
40
1.9999999999999996
210
0
220
-0
230
1
0
CIRCLE
5
607
100
AcDbEntity
8
0
100
AcDbCircle
10
-230
20
-120
30
0
40
1.9999999999999996
210
0
220
-0
230
1
0
CIRCLE
5
608
100
AcDbEntity
8
0
100
AcDbCircle
10
-240
20
-120
30
0
40
1.9999999999999996
210
0
220
-0
230
1
0
CIRCLE
5
609
100
AcDbEntity
8
0
100
AcDbCircle
10
-250
20
-120
30
0
40
1.9999999999999996
210
0
220
-0
230
1
0
CIRCLE
5
610
100
AcDbEntity
8
0
100
AcDbCircle
10
-260
20
-120
30
0
40
1.9999999999999996
210
0
220
-0
230
1
0
CIRCLE
5
611
100
AcDbEntity
8
0
100
AcDbCircle
10
-270
20
-120
30
0
40
1.9999999999999996
210
0
220
-0
230
1
0
CIRCLE
5
612
100
AcDbEntity
8
0
100
AcDbCircle
10
-280
20
-120
30
0
40
1.9999999999999996
210
0
220
-0
230
1
0
CIRCLE
5
613
100
AcDbEntity
8
0
100
AcDbCircle
10
-290
20
-120
30
0
40
1.9999999999999996
210
0
220
-0
230
1
0
CIRCLE
5
614
100
AcDbEntity
8
0
100
AcDbCircle
10
-300
20
-120
30
0
40
1.9999999999999996
210
0
220
-0
230
1
0
CIRCLE
5
615
100
AcDbEntity
8
0
100
AcDbCircle
10
-310
20
-120
30
0
40
1.9999999999999996
210
0
220
-0
230
1
0
CIRCLE
5
616
100
AcDbEntity
8
0
100
AcDbCircle
10
-320
20
-120
30
0
40
1.9999999999999996
210
0
220
-0
230
1
0
CIRCLE
5
617
100
AcDbEntity
8
0
100
AcDbCircle
10
-330
20
-120
30
0
40
1.9999999999999996
210
0
220
-0
230
1
0
CIRCLE
5
618
100
AcDbEntity
8
0
100
AcDbCircle
10
-340
20
-120
30
0
40
1.9999999999999996
210
0
220
-0
230
1
0
CIRCLE
5
619
100
AcDbEntity
8
0
100
AcDbCircle
10
-350
20
-120
30
0
40
1.9999999999999996
210
0
220
-0
230
1
0
CIRCLE
5
620
100
AcDbEntity
8
0
100
AcDbCircle
10
-360
20
-120
30
0
40
1.9999999999999996
210
0
220
-0
230
1
0
CIRCLE
5
621
100
AcDbEntity
8
0
100
AcDbCircle
10
-370
20
-120
30
0
40
1.9999999999999996
210
0
220
-0
230
1
0
CIRCLE
5
622
100
AcDbEntity
8
0
100
AcDbCircle
10
-380
20
-120
30
0
40
1.9999999999999996
210
0
220
-0
230
1
0
CIRCLE
5
623
100
AcDbEntity
8
0
100
AcDbCircle
10
-390
20
-120
30
0
40
1.9999999999999996
210
0
220
-0
230
1
0
CIRCLE
5
624
100
AcDbEntity
8
0
100
AcDbCircle
10
-400
20
-120
30
0
40
1.9999999999999996
210
0
220
-0
230
1
0
CIRCLE
5
625
100
AcDbEntity
8
0
100
AcDbCircle
10
-410
20
-120
30
0
40
1.9999999999999996
210
0
220
-0
230
1
0
CIRCLE
5
626
100
AcDbEntity
8
0
100
AcDbCircle
10
-420
20
-120
30
0
40
1.9999999999999996
210
0
220
-0
230
1
0
CIRCLE
5
627
100
AcDbEntity
8
0
100
AcDbCircle
10
-430
20
-120
30
0
40
1.9999999999999996
210
0
220
-0
230
1
0
CIRCLE
5
628
100
AcDbEntity
8
0
100
AcDbCircle
10
-440
20
-120
30
0
40
1.9999999999999996
210
0
220
-0
230
1
0
CIRCLE
5
629
100
AcDbEntity
8
0
100
AcDbCircle
10
-10
20
-130
30
0
40
1.9999999999999996
210
0
220
-0
230
1
0
CIRCLE
5
630
100
AcDbEntity
8
0
100
AcDbCircle
10
-20
20
-130
30
0
40
1.9999999999999996
210
0
220
-0
230
1
0
CIRCLE
5
631
100
AcDbEntity
8
0
100
AcDbCircle
10
-30
20
-130
30
0
40
1.9999999999999996
210
0
220
-0
230
1
0
CIRCLE
5
632
100
AcDbEntity
8
0
100
AcDbCircle
10
-40
20
-130
30
0
40
1.9999999999999996
210
0
220
-0
230
1
0
CIRCLE
5
633
100
AcDbEntity
8
0
100
AcDbCircle
10
-50
20
-130
30
0
40
1.9999999999999996
210
0
220
-0
230
1
0
CIRCLE
5
634
100
AcDbEntity
8
0
100
AcDbCircle
10
-60
20
-130
30
0
40
1.9999999999999996
210
0
220
-0
230
1
0
CIRCLE
5
635
100
AcDbEntity
8
0
100
AcDbCircle
10
-70
20
-130
30
0
40
1.9999999999999996
210
0
220
-0
230
1
0
CIRCLE
5
636
100
AcDbEntity
8
0
100
AcDbCircle
10
-80
20
-130
30
0
40
1.9999999999999996
210
0
220
-0
230
1
0
CIRCLE
5
637
100
AcDbEntity
8
0
100
AcDbCircle
10
-90
20
-130
30
0
40
1.9999999999999996
210
0
220
-0
230
1
0
CIRCLE
5
638
100
AcDbEntity
8
0
100
AcDbCircle
10
-100
20
-130
30
0
40
1.9999999999999996
210
0
220
-0
230
1
0
CIRCLE
5
639
100
AcDbEntity
8
0
100
AcDbCircle
10
-110
20
-130
30
0
40
1.9999999999999996
210
0
220
-0
230
1
0
CIRCLE
5
640
100
AcDbEntity
8
0
100
AcDbCircle
10
-120
20
-130
30
0
40
1.9999999999999996
210
0
220
-0
230
1
0
CIRCLE
5
641
100
AcDbEntity
8
0
100
AcDbCircle
10
-130
20
-130
30
0
40
1.9999999999999996
210
0
220
-0
230
1
0
CIRCLE
5
642
100
AcDbEntity
8
0
100
AcDbCircle
10
-140
20
-130
30
0
40
1.9999999999999996
210
0
220
-0
230
1
0
CIRCLE
5
643
100
AcDbEntity
8
0
100
AcDbCircle
10
-150
20
-130
30
0
40
1.9999999999999996
210
0
220
-0
230
1
0
CIRCLE
5
644
100
AcDbEntity
8
0
100
AcDbCircle
10
-160
20
-130
30
0
40
1.9999999999999996
210
0
220
-0
230
1
0
CIRCLE
5
645
100
AcDbEntity
8
0
100
AcDbCircle
10
-170
20
-130
30
0
40
1.9999999999999996
210
0
220
-0
230
1
0
CIRCLE
5
646
100
AcDbEntity
8
0
100
AcDbCircle
10
-180
20
-130
30
0
40
1.9999999999999996
210
0
220
-0
230
1
0
CIRCLE
5
647
100
AcDbEntity
8
0
100
AcDbCircle
10
-190
20
-130
30
0
40
1.9999999999999996
210
0
220
-0
230
1
0
CIRCLE
5
648
100
AcDbEntity
8
0
100
AcDbCircle
10
-200
20
-130
30
0
40
1.9999999999999996
210
0
220
-0
230
1
0
CIRCLE
5
649
100
AcDbEntity
8
0
100
AcDbCircle
10
-210
20
-130
30
0
40
1.9999999999999996
210
0
220
-0
230
1
0
CIRCLE
5
650
100
AcDbEntity
8
0
100
AcDbCircle
10
-220
20
-130
30
0
40
1.9999999999999996
210
0
220
-0
230
1
0
CIRCLE
5
651
100
AcDbEntity
8
0
100
AcDbCircle
10
-230
20
-130
30
0
40
1.9999999999999996
210
0
220
-0
230
1
0
CIRCLE
5
652
100
AcDbEntity
8
0
100
AcDbCircle
10
-240
20
-130
30
0
40
1.9999999999999996
210
0
220
-0
230
1
0
CIRCLE
5
653
100
AcDbEntity
8
0
100
AcDbCircle
10
-250
20
-130
30
0
40
1.9999999999999996
210
0
220
-0
230
1
0
CIRCLE
5
654
100
AcDbEntity
8
0
100
AcDbCircle
10
-260
20
-130
30
0
40
1.9999999999999996
210
0
220
-0
230
1
0
CIRCLE
5
655
100
AcDbEntity
8
0
100
AcDbCircle
10
-270
20
-130
30
0
40
1.9999999999999996
210
0
220
-0
230
1
0
CIRCLE
5
656
100
AcDbEntity
8
0
100
AcDbCircle
10
-280
20
-130
30
0
40
1.9999999999999996
210
0
220
-0
230
1
0
CIRCLE
5
657
100
AcDbEntity
8
0
100
AcDbCircle
10
-290
20
-130
30
0
40
1.9999999999999996
210
0
220
-0
230
1
0
CIRCLE
5
658
100
AcDbEntity
8
0
100
AcDbCircle
10
-300
20
-130
30
0
40
1.9999999999999996
210
0
220
-0
230
1
0
CIRCLE
5
659
100
AcDbEntity
8
0
100
AcDbCircle
10
-310
20
-130
30
0
40
1.9999999999999996
210
0
220
-0
230
1
0
CIRCLE
5
660
100
AcDbEntity
8
0
100
AcDbCircle
10
-320
20
-130
30
0
40
1.9999999999999996
210
0
220
-0
230
1
0
CIRCLE
5
661
100
AcDbEntity
8
0
100
AcDbCircle
10
-330
20
-130
30
0
40
1.9999999999999996
210
0
220
-0
230
1
0
CIRCLE
5
662
100
AcDbEntity
8
0
100
AcDbCircle
10
-340
20
-130
30
0
40
1.9999999999999996
210
0
220
-0
230
1
0
CIRCLE
5
663
100
AcDbEntity
8
0
100
AcDbCircle
10
-350
20
-130
30
0
40
1.9999999999999996
210
0
220
-0
230
1
0
CIRCLE
5
664
100
AcDbEntity
8
0
100
AcDbCircle
10
-360
20
-130
30
0
40
1.9999999999999996
210
0
220
-0
230
1
0
CIRCLE
5
665
100
AcDbEntity
8
0
100
AcDbCircle
10
-370
20
-130
30
0
40
1.9999999999999996
210
0
220
-0
230
1
0
CIRCLE
5
666
100
AcDbEntity
8
0
100
AcDbCircle
10
-380
20
-130
30
0
40
1.9999999999999996
210
0
220
-0
230
1
0
CIRCLE
5
667
100
AcDbEntity
8
0
100
AcDbCircle
10
-390
20
-130
30
0
40
1.9999999999999996
210
0
220
-0
230
1
0
CIRCLE
5
668
100
AcDbEntity
8
0
100
AcDbCircle
10
-400
20
-130
30
0
40
1.9999999999999996
210
0
220
-0
230
1
0
CIRCLE
5
669
100
AcDbEntity
8
0
100
AcDbCircle
10
-410
20
-130
30
0
40
1.9999999999999996
210
0
220
-0
230
1
0
CIRCLE
5
670
100
AcDbEntity
8
0
100
AcDbCircle
10
-420
20
-130
30
0
40
1.9999999999999996
210
0
220
-0
230
1
0
CIRCLE
5
671
100
AcDbEntity
8
0
100
AcDbCircle
10
-430
20
-130
30
0
40
1.9999999999999996
210
0
220
-0
230
1
0
CIRCLE
5
672
100
AcDbEntity
8
0
100
AcDbCircle
10
-440
20
-130
30
0
40
1.9999999999999996
210
0
220
-0
230
1
0
CIRCLE
5
673
100
AcDbEntity
8
0
100
AcDbCircle
10
-10
20
-140
30
0
40
1.9999999999999996
210
0
220
-0
230
1
0
CIRCLE
5
674
100
AcDbEntity
8
0
100
AcDbCircle
10
-20
20
-140
30
0
40
1.9999999999999996
210
0
220
-0
230
1
0
CIRCLE
5
675
100
AcDbEntity
8
0
100
AcDbCircle
10
-30
20
-140
30
0
40
1.9999999999999996
210
0
220
-0
230
1
0
CIRCLE
5
676
100
AcDbEntity
8
0
100
AcDbCircle
10
-40
20
-140
30
0
40
1.9999999999999996
210
0
220
-0
230
1
0
CIRCLE
5
677
100
AcDbEntity
8
0
100
AcDbCircle
10
-50
20
-140
30
0
40
1.9999999999999996
210
0
220
-0
230
1
0
CIRCLE
5
678
100
AcDbEntity
8
0
100
AcDbCircle
10
-60
20
-140
30
0
40
1.9999999999999996
210
0
220
-0
230
1
0
CIRCLE
5
679
100
AcDbEntity
8
0
100
AcDbCircle
10
-70
20
-140
30
0
40
1.9999999999999996
210
0
220
-0
230
1
0
CIRCLE
5
680
100
AcDbEntity
8
0
100
AcDbCircle
10
-80
20
-140
30
0
40
1.9999999999999996
210
0
220
-0
230
1
0
CIRCLE
5
681
100
AcDbEntity
8
0
100
AcDbCircle
10
-90
20
-140
30
0
40
1.9999999999999996
210
0
220
-0
230
1
0
CIRCLE
5
682
100
AcDbEntity
8
0
100
AcDbCircle
10
-100
20
-140
30
0
40
1.9999999999999996
210
0
220
-0
230
1
0
CIRCLE
5
683
100
AcDbEntity
8
0
100
AcDbCircle
10
-110
20
-140
30
0
40
1.9999999999999996
210
0
220
-0
230
1
0
CIRCLE
5
684
100
AcDbEntity
8
0
100
AcDbCircle
10
-120
20
-140
30
0
40
1.9999999999999996
210
0
220
-0
230
1
0
CIRCLE
5
685
100
AcDbEntity
8
0
100
AcDbCircle
10
-130
20
-140
30
0
40
1.9999999999999996
210
0
220
-0
230
1
0
CIRCLE
5
686
100
AcDbEntity
8
0
100
AcDbCircle
10
-140
20
-140
30
0
40
1.9999999999999996
210
0
220
-0
230
1
0
CIRCLE
5
687
100
AcDbEntity
8
0
100
AcDbCircle
10
-150
20
-140
30
0
40
1.9999999999999996
210
0
220
-0
230
1
0
CIRCLE
5
688
100
AcDbEntity
8
0
100
AcDbCircle
10
-160
20
-140
30
0
40
1.9999999999999996
210
0
220
-0
230
1
0
CIRCLE
5
689
100
AcDbEntity
8
0
100
AcDbCircle
10
-170
20
-140
30
0
40
1.9999999999999996
210
0
220
-0
230
1
0
CIRCLE
5
690
100
AcDbEntity
8
0
100
AcDbCircle
10
-180
20
-140
30
0
40
1.9999999999999996
210
0
220
-0
230
1
0
CIRCLE
5
691
100
AcDbEntity
8
0
100
AcDbCircle
10
-190
20
-140
30
0
40
1.9999999999999996
210
0
220
-0
230
1
0
CIRCLE
5
692
100
AcDbEntity
8
0
100
AcDbCircle
10
-200
20
-140
30
0
40
1.9999999999999996
210
0
220
-0
230
1
0
CIRCLE
5
693
100
AcDbEntity
8
0
100
AcDbCircle
10
-210
20
-140
30
0
40
1.9999999999999996
210
0
220
-0
230
1
0
CIRCLE
5
694
100
AcDbEntity
8
0
100
AcDbCircle
10
-220
20
-140
30
0
40
1.9999999999999996
210
0
220
-0
230
1
0
CIRCLE
5
695
100
AcDbEntity
8
0
100
AcDbCircle
10
-230
20
-140
30
0
40
1.9999999999999996
210
0
220
-0
230
1
0
CIRCLE
5
696
100
AcDbEntity
8
0
100
AcDbCircle
10
-240
20
-140
30
0
40
1.9999999999999996
210
0
220
-0
230
1
0
CIRCLE
5
697
100
AcDbEntity
8
0
100
AcDbCircle
10
-250
20
-140
30
0
40
1.9999999999999996
210
0
220
-0
230
1
0
CIRCLE
5
698
100
AcDbEntity
8
0
100
AcDbCircle
10
-260
20
-140
30
0
40
1.9999999999999996
210
0
220
-0
230
1
0
CIRCLE
5
699
100
AcDbEntity
8
0
100
AcDbCircle
10
-270
20
-140
30
0
40
1.9999999999999996
210
0
220
-0
230
1
0
CIRCLE
5
700
100
AcDbEntity
8
0
100
AcDbCircle
10
-280
20
-140
30
0
40
1.9999999999999996
210
0
220
-0
230
1
0
CIRCLE
5
701
100
AcDbEntity
8
0
100
AcDbCircle
10
-290
20
-140
30
0
40
1.9999999999999996
210
0
220
-0
230
1
0
CIRCLE
5
702
100
AcDbEntity
8
0
100
AcDbCircle
10
-300
20
-140
30
0
40
1.9999999999999996
210
0
220
-0
230
1
0
CIRCLE
5
703
100
AcDbEntity
8
0
100
AcDbCircle
10
-310
20
-140
30
0
40
1.9999999999999996
210
0
220
-0
230
1
0
CIRCLE
5
704
100
AcDbEntity
8
0
100
AcDbCircle
10
-320
20
-140
30
0
40
1.9999999999999996
210
0
220
-0
230
1
0
CIRCLE
5
705
100
AcDbEntity
8
0
100
AcDbCircle
10
-330
20
-140
30
0
40
1.9999999999999996
210
0
220
-0
230
1
0
CIRCLE
5
706
100
AcDbEntity
8
0
100
AcDbCircle
10
-340
20
-140
30
0
40
1.9999999999999996
210
0
220
-0
230
1
0
CIRCLE
5
707
100
AcDbEntity
8
0
100
AcDbCircle
10
-350
20
-140
30
0
40
1.9999999999999996
210
0
220
-0
230
1
0
CIRCLE
5
708
100
AcDbEntity
8
0
100
AcDbCircle
10
-360
20
-140
30
0
40
1.9999999999999996
210
0
220
-0
230
1
0
CIRCLE
5
709
100
AcDbEntity
8
0
100
AcDbCircle
10
-370
20
-140
30
0
40
1.9999999999999996
210
0
220
-0
230
1
0
CIRCLE
5
710
100
AcDbEntity
8
0
100
AcDbCircle
10
-380
20
-140
30
0
40
1.9999999999999996
210
0
220
-0
230
1
0
CIRCLE
5
711
100
AcDbEntity
8
0
100
AcDbCircle
10
-390
20
-140
30
0
40
1.9999999999999996
210
0
220
-0
230
1
0
CIRCLE
5
712
100
AcDbEntity
8
0
100
AcDbCircle
10
-400
20
-140
30
0
40
1.9999999999999996
210
0
220
-0
230
1
0
CIRCLE
5
713
100
AcDbEntity
8
0
100
AcDbCircle
10
-410
20
-140
30
0
40
1.9999999999999996
210
0
220
-0
230
1
0
CIRCLE
5
714
100
AcDbEntity
8
0
100
AcDbCircle
10
-420
20
-140
30
0
40
1.9999999999999996
210
0
220
-0
230
1
0
CIRCLE
5
715
100
AcDbEntity
8
0
100
AcDbCircle
10
-430
20
-140
30
0
40
1.9999999999999996
210
0
220
-0
230
1
0
CIRCLE
5
716
100
AcDbEntity
8
0
100
AcDbCircle
10
-440
20
-140
30
0
40
1.9999999999999996
210
0
220
-0
230
1
0
CIRCLE
5
717
100
AcDbEntity
8
0
100
AcDbCircle
10
-10
20
-150
30
0
40
1.9999999999999996
210
0
220
-0
230
1
0
CIRCLE
5
718
100
AcDbEntity
8
0
100
AcDbCircle
10
-20
20
-150
30
0
40
1.9999999999999996
210
0
220
-0
230
1
0
CIRCLE
5
719
100
AcDbEntity
8
0
100
AcDbCircle
10
-30
20
-150
30
0
40
1.9999999999999996
210
0
220
-0
230
1
0
CIRCLE
5
720
100
AcDbEntity
8
0
100
AcDbCircle
10
-40
20
-150
30
0
40
1.9999999999999996
210
0
220
-0
230
1
0
CIRCLE
5
721
100
AcDbEntity
8
0
100
AcDbCircle
10
-50
20
-150
30
0
40
1.9999999999999996
210
0
220
-0
230
1
0
CIRCLE
5
722
100
AcDbEntity
8
0
100
AcDbCircle
10
-60
20
-150
30
0
40
1.9999999999999996
210
0
220
-0
230
1
0
CIRCLE
5
723
100
AcDbEntity
8
0
100
AcDbCircle
10
-70
20
-150
30
0
40
1.9999999999999996
210
0
220
-0
230
1
0
CIRCLE
5
724
100
AcDbEntity
8
0
100
AcDbCircle
10
-80
20
-150
30
0
40
1.9999999999999996
210
0
220
-0
230
1
0
CIRCLE
5
725
100
AcDbEntity
8
0
100
AcDbCircle
10
-90
20
-150
30
0
40
1.9999999999999996
210
0
220
-0
230
1
0
CIRCLE
5
726
100
AcDbEntity
8
0
100
AcDbCircle
10
-100
20
-150
30
0
40
1.9999999999999996
210
0
220
-0
230
1
0
CIRCLE
5
727
100
AcDbEntity
8
0
100
AcDbCircle
10
-110
20
-150
30
0
40
1.9999999999999996
210
0
220
-0
230
1
0
CIRCLE
5
728
100
AcDbEntity
8
0
100
AcDbCircle
10
-120
20
-150
30
0
40
1.9999999999999996
210
0
220
-0
230
1
0
CIRCLE
5
729
100
AcDbEntity
8
0
100
AcDbCircle
10
-130
20
-150
30
0
40
1.9999999999999996
210
0
220
-0
230
1
0
CIRCLE
5
730
100
AcDbEntity
8
0
100
AcDbCircle
10
-140
20
-150
30
0
40
1.9999999999999996
210
0
220
-0
230
1
0
CIRCLE
5
731
100
AcDbEntity
8
0
100
AcDbCircle
10
-150
20
-150
30
0
40
1.9999999999999996
210
0
220
-0
230
1
0
CIRCLE
5
732
100
AcDbEntity
8
0
100
AcDbCircle
10
-160
20
-150
30
0
40
1.9999999999999996
210
0
220
-0
230
1
0
CIRCLE
5
733
100
AcDbEntity
8
0
100
AcDbCircle
10
-170
20
-150
30
0
40
1.9999999999999996
210
0
220
-0
230
1
0
CIRCLE
5
734
100
AcDbEntity
8
0
100
AcDbCircle
10
-180
20
-150
30
0
40
1.9999999999999996
210
0
220
-0
230
1
0
CIRCLE
5
735
100
AcDbEntity
8
0
100
AcDbCircle
10
-190
20
-150
30
0
40
1.9999999999999996
210
0
220
-0
230
1
0
CIRCLE
5
736
100
AcDbEntity
8
0
100
AcDbCircle
10
-200
20
-150
30
0
40
1.9999999999999996
210
0
220
-0
230
1
0
CIRCLE
5
737
100
AcDbEntity
8
0
100
AcDbCircle
10
-210
20
-150
30
0
40
1.9999999999999996
210
0
220
-0
230
1
0
CIRCLE
5
738
100
AcDbEntity
8
0
100
AcDbCircle
10
-220
20
-150
30
0
40
1.9999999999999996
210
0
220
-0
230
1
0
CIRCLE
5
739
100
AcDbEntity
8
0
100
AcDbCircle
10
-230
20
-150
30
0
40
1.9999999999999996
210
0
220
-0
230
1
0
CIRCLE
5
740
100
AcDbEntity
8
0
100
AcDbCircle
10
-240
20
-150
30
0
40
1.9999999999999996
210
0
220
-0
230
1
0
CIRCLE
5
741
100
AcDbEntity
8
0
100
AcDbCircle
10
-250
20
-150
30
0
40
1.9999999999999996
210
0
220
-0
230
1
0
CIRCLE
5
742
100
AcDbEntity
8
0
100
AcDbCircle
10
-260
20
-150
30
0
40
1.9999999999999996
210
0
220
-0
230
1
0
CIRCLE
5
743
100
AcDbEntity
8
0
100
AcDbCircle
10
-270
20
-150
30
0
40
1.9999999999999996
210
0
220
-0
230
1
0
CIRCLE
5
744
100
AcDbEntity
8
0
100
AcDbCircle
10
-280
20
-150
30
0
40
1.9999999999999996
210
0
220
-0
230
1
0
CIRCLE
5
745
100
AcDbEntity
8
0
100
AcDbCircle
10
-290
20
-150
30
0
40
1.9999999999999996
210
0
220
-0
230
1
0
CIRCLE
5
746
100
AcDbEntity
8
0
100
AcDbCircle
10
-300
20
-150
30
0
40
1.9999999999999996
210
0
220
-0
230
1
0
CIRCLE
5
747
100
AcDbEntity
8
0
100
AcDbCircle
10
-310
20
-150
30
0
40
1.9999999999999996
210
0
220
-0
230
1
0
CIRCLE
5
748
100
AcDbEntity
8
0
100
AcDbCircle
10
-320
20
-150
30
0
40
1.9999999999999996
210
0
220
-0
230
1
0
CIRCLE
5
749
100
AcDbEntity
8
0
100
AcDbCircle
10
-330
20
-150
30
0
40
1.9999999999999996
210
0
220
-0
230
1
0
CIRCLE
5
750
100
AcDbEntity
8
0
100
AcDbCircle
10
-340
20
-150
30
0
40
1.9999999999999996
210
0
220
-0
230
1
0
CIRCLE
5
751
100
AcDbEntity
8
0
100
AcDbCircle
10
-350
20
-150
30
0
40
1.9999999999999996
210
0
220
-0
230
1
0
CIRCLE
5
752
100
AcDbEntity
8
0
100
AcDbCircle
10
-360
20
-150
30
0
40
1.9999999999999996
210
0
220
-0
230
1
0
CIRCLE
5
753
100
AcDbEntity
8
0
100
AcDbCircle
10
-370
20
-150
30
0
40
1.9999999999999996
210
0
220
-0
230
1
0
CIRCLE
5
754
100
AcDbEntity
8
0
100
AcDbCircle
10
-380
20
-150
30
0
40
1.9999999999999996
210
0
220
-0
230
1
0
CIRCLE
5
755
100
AcDbEntity
8
0
100
AcDbCircle
10
-390
20
-150
30
0
40
1.9999999999999996
210
0
220
-0
230
1
0
CIRCLE
5
756
100
AcDbEntity
8
0
100
AcDbCircle
10
-400
20
-150
30
0
40
1.9999999999999996
210
0
220
-0
230
1
0
CIRCLE
5
757
100
AcDbEntity
8
0
100
AcDbCircle
10
-410
20
-150
30
0
40
1.9999999999999996
210
0
220
-0
230
1
0
CIRCLE
5
758
100
AcDbEntity
8
0
100
AcDbCircle
10
-420
20
-150
30
0
40
1.9999999999999996
210
0
220
-0
230
1
0
CIRCLE
5
759
100
AcDbEntity
8
0
100
AcDbCircle
10
-430
20
-150
30
0
40
1.9999999999999996
210
0
220
-0
230
1
0
CIRCLE
5
760
100
AcDbEntity
8
0
100
AcDbCircle
10
-440
20
-150
30
0
40
1.9999999999999996
210
0
220
-0
230
1
0
CIRCLE
5
761
100
AcDbEntity
8
0
100
AcDbCircle
10
-10
20
-160
30
0
40
1.9999999999999996
210
0
220
-0
230
1
0
CIRCLE
5
762
100
AcDbEntity
8
0
100
AcDbCircle
10
-20
20
-160
30
0
40
1.9999999999999996
210
0
220
-0
230
1
0
CIRCLE
5
763
100
AcDbEntity
8
0
100
AcDbCircle
10
-30
20
-160
30
0
40
1.9999999999999996
210
0
220
-0
230
1
0
CIRCLE
5
764
100
AcDbEntity
8
0
100
AcDbCircle
10
-40
20
-160
30
0
40
1.9999999999999996
210
0
220
-0
230
1
0
CIRCLE
5
765
100
AcDbEntity
8
0
100
AcDbCircle
10
-50
20
-160
30
0
40
1.9999999999999996
210
0
220
-0
230
1
0
CIRCLE
5
766
100
AcDbEntity
8
0
100
AcDbCircle
10
-60
20
-160
30
0
40
1.9999999999999996
210
0
220
-0
230
1
0
CIRCLE
5
767
100
AcDbEntity
8
0
100
AcDbCircle
10
-70
20
-160
30
0
40
1.9999999999999996
210
0
220
-0
230
1
0
CIRCLE
5
768
100
AcDbEntity
8
0
100
AcDbCircle
10
-80
20
-160
30
0
40
1.9999999999999996
210
0
220
-0
230
1
0
CIRCLE
5
769
100
AcDbEntity
8
0
100
AcDbCircle
10
-90
20
-160
30
0
40
1.9999999999999996
210
0
220
-0
230
1
0
CIRCLE
5
770
100
AcDbEntity
8
0
100
AcDbCircle
10
-100
20
-160
30
0
40
1.9999999999999996
210
0
220
-0
230
1
0
CIRCLE
5
771
100
AcDbEntity
8
0
100
AcDbCircle
10
-110
20
-160
30
0
40
1.9999999999999996
210
0
220
-0
230
1
0
CIRCLE
5
772
100
AcDbEntity
8
0
100
AcDbCircle
10
-120
20
-160
30
0
40
1.9999999999999996
210
0
220
-0
230
1
0
CIRCLE
5
773
100
AcDbEntity
8
0
100
AcDbCircle
10
-130
20
-160
30
0
40
1.9999999999999996
210
0
220
-0
230
1
0
CIRCLE
5
774
100
AcDbEntity
8
0
100
AcDbCircle
10
-140
20
-160
30
0
40
1.9999999999999996
210
0
220
-0
230
1
0
CIRCLE
5
775
100
AcDbEntity
8
0
100
AcDbCircle
10
-150
20
-160
30
0
40
1.9999999999999996
210
0
220
-0
230
1
0
CIRCLE
5
776
100
AcDbEntity
8
0
100
AcDbCircle
10
-160
20
-160
30
0
40
1.9999999999999996
210
0
220
-0
230
1
0
CIRCLE
5
777
100
AcDbEntity
8
0
100
AcDbCircle
10
-170
20
-160
30
0
40
1.9999999999999996
210
0
220
-0
230
1
0
CIRCLE
5
778
100
AcDbEntity
8
0
100
AcDbCircle
10
-180
20
-160
30
0
40
1.9999999999999996
210
0
220
-0
230
1
0
CIRCLE
5
779
100
AcDbEntity
8
0
100
AcDbCircle
10
-190
20
-160
30
0
40
1.9999999999999996
210
0
220
-0
230
1
0
CIRCLE
5
780
100
AcDbEntity
8
0
100
AcDbCircle
10
-200
20
-160
30
0
40
1.9999999999999996
210
0
220
-0
230
1
0
CIRCLE
5
781
100
AcDbEntity
8
0
100
AcDbCircle
10
-210
20
-160
30
0
40
1.9999999999999996
210
0
220
-0
230
1
0
CIRCLE
5
782
100
AcDbEntity
8
0
100
AcDbCircle
10
-220
20
-160
30
0
40
1.9999999999999996
210
0
220
-0
230
1
0
CIRCLE
5
783
100
AcDbEntity
8
0
100
AcDbCircle
10
-230
20
-160
30
0
40
1.9999999999999996
210
0
220
-0
230
1
0
CIRCLE
5
784
100
AcDbEntity
8
0
100
AcDbCircle
10
-240
20
-160
30
0
40
1.9999999999999996
210
0
220
-0
230
1
0
CIRCLE
5
785
100
AcDbEntity
8
0
100
AcDbCircle
10
-250
20
-160
30
0
40
1.9999999999999996
210
0
220
-0
230
1
0
CIRCLE
5
786
100
AcDbEntity
8
0
100
AcDbCircle
10
-260
20
-160
30
0
40
1.9999999999999996
210
0
220
-0
230
1
0
CIRCLE
5
787
100
AcDbEntity
8
0
100
AcDbCircle
10
-270
20
-160
30
0
40
1.9999999999999996
210
0
220
-0
230
1
0
CIRCLE
5
788
100
AcDbEntity
8
0
100
AcDbCircle
10
-280
20
-160
30
0
40
1.9999999999999996
210
0
220
-0
230
1
0
CIRCLE
5
789
100
AcDbEntity
8
0
100
AcDbCircle
10
-290
20
-160
30
0
40
1.9999999999999996
210
0
220
-0
230
1
0
CIRCLE
5
790
100
AcDbEntity
8
0
100
AcDbCircle
10
-300
20
-160
30
0
40
1.9999999999999996
210
0
220
-0
230
1
0
CIRCLE
5
791
100
AcDbEntity
8
0
100
AcDbCircle
10
-310
20
-160
30
0
40
1.9999999999999996
210
0
220
-0
230
1
0
CIRCLE
5
792
100
AcDbEntity
8
0
100
AcDbCircle
10
-320
20
-160
30
0
40
1.9999999999999996
210
0
220
-0
230
1
0
CIRCLE
5
793
100
AcDbEntity
8
0
100
AcDbCircle
10
-330
20
-160
30
0
40
1.9999999999999996
210
0
220
-0
230
1
0
CIRCLE
5
794
100
AcDbEntity
8
0
100
AcDbCircle
10
-340
20
-160
30
0
40
1.9999999999999996
210
0
220
-0
230
1
0
CIRCLE
5
795
100
AcDbEntity
8
0
100
AcDbCircle
10
-350
20
-160
30
0
40
1.9999999999999996
210
0
220
-0
230
1
0
CIRCLE
5
796
100
AcDbEntity
8
0
100
AcDbCircle
10
-360
20
-160
30
0
40
1.9999999999999996
210
0
220
-0
230
1
0
CIRCLE
5
797
100
AcDbEntity
8
0
100
AcDbCircle
10
-370
20
-160
30
0
40
1.9999999999999996
210
0
220
-0
230
1
0
CIRCLE
5
798
100
AcDbEntity
8
0
100
AcDbCircle
10
-380
20
-160
30
0
40
1.9999999999999996
210
0
220
-0
230
1
0
CIRCLE
5
799
100
AcDbEntity
8
0
100
AcDbCircle
10
-390
20
-160
30
0
40
1.9999999999999996
210
0
220
-0
230
1
0
CIRCLE
5
800
100
AcDbEntity
8
0
100
AcDbCircle
10
-400
20
-160
30
0
40
1.9999999999999996
210
0
220
-0
230
1
0
CIRCLE
5
801
100
AcDbEntity
8
0
100
AcDbCircle
10
-410
20
-160
30
0
40
1.9999999999999996
210
0
220
-0
230
1
0
CIRCLE
5
802
100
AcDbEntity
8
0
100
AcDbCircle
10
-420
20
-160
30
0
40
1.9999999999999996
210
0
220
-0
230
1
0
CIRCLE
5
803
100
AcDbEntity
8
0
100
AcDbCircle
10
-430
20
-160
30
0
40
1.9999999999999996
210
0
220
-0
230
1
0
CIRCLE
5
804
100
AcDbEntity
8
0
100
AcDbCircle
10
-440
20
-160
30
0
40
1.9999999999999996
210
0
220
-0
230
1
0
CIRCLE
5
805
100
AcDbEntity
8
0
100
AcDbCircle
10
-10
20
-170
30
0
40
1.9999999999999996
210
0
220
-0
230
1
0
CIRCLE
5
806
100
AcDbEntity
8
0
100
AcDbCircle
10
-20
20
-170
30
0
40
1.9999999999999996
210
0
220
-0
230
1
0
CIRCLE
5
807
100
AcDbEntity
8
0
100
AcDbCircle
10
-30
20
-170
30
0
40
1.9999999999999996
210
0
220
-0
230
1
0
CIRCLE
5
808
100
AcDbEntity
8
0
100
AcDbCircle
10
-40
20
-170
30
0
40
1.9999999999999996
210
0
220
-0
230
1
0
CIRCLE
5
809
100
AcDbEntity
8
0
100
AcDbCircle
10
-50
20
-170
30
0
40
1.9999999999999996
210
0
220
-0
230
1
0
CIRCLE
5
810
100
AcDbEntity
8
0
100
AcDbCircle
10
-60
20
-170
30
0
40
1.9999999999999996
210
0
220
-0
230
1
0
CIRCLE
5
811
100
AcDbEntity
8
0
100
AcDbCircle
10
-70
20
-170
30
0
40
1.9999999999999996
210
0
220
-0
230
1
0
CIRCLE
5
812
100
AcDbEntity
8
0
100
AcDbCircle
10
-80
20
-170
30
0
40
1.9999999999999996
210
0
220
-0
230
1
0
CIRCLE
5
813
100
AcDbEntity
8
0
100
AcDbCircle
10
-90
20
-170
30
0
40
1.9999999999999996
210
0
220
-0
230
1
0
CIRCLE
5
814
100
AcDbEntity
8
0
100
AcDbCircle
10
-100
20
-170
30
0
40
1.9999999999999996
210
0
220
-0
230
1
0
CIRCLE
5
815
100
AcDbEntity
8
0
100
AcDbCircle
10
-110
20
-170
30
0
40
1.9999999999999996
210
0
220
-0
230
1
0
CIRCLE
5
816
100
AcDbEntity
8
0
100
AcDbCircle
10
-120
20
-170
30
0
40
1.9999999999999996
210
0
220
-0
230
1
0
CIRCLE
5
817
100
AcDbEntity
8
0
100
AcDbCircle
10
-130
20
-170
30
0
40
1.9999999999999996
210
0
220
-0
230
1
0
CIRCLE
5
818
100
AcDbEntity
8
0
100
AcDbCircle
10
-140
20
-170
30
0
40
1.9999999999999996
210
0
220
-0
230
1
0
CIRCLE
5
819
100
AcDbEntity
8
0
100
AcDbCircle
10
-150
20
-170
30
0
40
1.9999999999999996
210
0
220
-0
230
1
0
CIRCLE
5
820
100
AcDbEntity
8
0
100
AcDbCircle
10
-160
20
-170
30
0
40
1.9999999999999996
210
0
220
-0
230
1
0
CIRCLE
5
821
100
AcDbEntity
8
0
100
AcDbCircle
10
-170
20
-170
30
0
40
1.9999999999999996
210
0
220
-0
230
1
0
CIRCLE
5
822
100
AcDbEntity
8
0
100
AcDbCircle
10
-180
20
-170
30
0
40
1.9999999999999996
210
0
220
-0
230
1
0
CIRCLE
5
823
100
AcDbEntity
8
0
100
AcDbCircle
10
-190
20
-170
30
0
40
1.9999999999999996
210
0
220
-0
230
1
0
CIRCLE
5
824
100
AcDbEntity
8
0
100
AcDbCircle
10
-200
20
-170
30
0
40
1.9999999999999996
210
0
220
-0
230
1
0
CIRCLE
5
825
100
AcDbEntity
8
0
100
AcDbCircle
10
-210
20
-170
30
0
40
1.9999999999999996
210
0
220
-0
230
1
0
CIRCLE
5
826
100
AcDbEntity
8
0
100
AcDbCircle
10
-220
20
-170
30
0
40
1.9999999999999996
210
0
220
-0
230
1
0
CIRCLE
5
827
100
AcDbEntity
8
0
100
AcDbCircle
10
-230
20
-170
30
0
40
1.9999999999999996
210
0
220
-0
230
1
0
CIRCLE
5
828
100
AcDbEntity
8
0
100
AcDbCircle
10
-240
20
-170
30
0
40
1.9999999999999996
210
0
220
-0
230
1
0
CIRCLE
5
829
100
AcDbEntity
8
0
100
AcDbCircle
10
-250
20
-170
30
0
40
1.9999999999999996
210
0
220
-0
230
1
0
CIRCLE
5
830
100
AcDbEntity
8
0
100
AcDbCircle
10
-260
20
-170
30
0
40
1.9999999999999996
210
0
220
-0
230
1
0
CIRCLE
5
831
100
AcDbEntity
8
0
100
AcDbCircle
10
-270
20
-170
30
0
40
1.9999999999999996
210
0
220
-0
230
1
0
CIRCLE
5
832
100
AcDbEntity
8
0
100
AcDbCircle
10
-280
20
-170
30
0
40
1.9999999999999996
210
0
220
-0
230
1
0
CIRCLE
5
833
100
AcDbEntity
8
0
100
AcDbCircle
10
-290
20
-170
30
0
40
1.9999999999999996
210
0
220
-0
230
1
0
CIRCLE
5
834
100
AcDbEntity
8
0
100
AcDbCircle
10
-300
20
-170
30
0
40
1.9999999999999996
210
0
220
-0
230
1
0
CIRCLE
5
835
100
AcDbEntity
8
0
100
AcDbCircle
10
-310
20
-170
30
0
40
1.9999999999999996
210
0
220
-0
230
1
0
CIRCLE
5
836
100
AcDbEntity
8
0
100
AcDbCircle
10
-320
20
-170
30
0
40
1.9999999999999996
210
0
220
-0
230
1
0
CIRCLE
5
837
100
AcDbEntity
8
0
100
AcDbCircle
10
-330
20
-170
30
0
40
1.9999999999999996
210
0
220
-0
230
1
0
CIRCLE
5
838
100
AcDbEntity
8
0
100
AcDbCircle
10
-340
20
-170
30
0
40
1.9999999999999996
210
0
220
-0
230
1
0
CIRCLE
5
839
100
AcDbEntity
8
0
100
AcDbCircle
10
-350
20
-170
30
0
40
1.9999999999999996
210
0
220
-0
230
1
0
CIRCLE
5
840
100
AcDbEntity
8
0
100
AcDbCircle
10
-360
20
-170
30
0
40
1.9999999999999996
210
0
220
-0
230
1
0
CIRCLE
5
841
100
AcDbEntity
8
0
100
AcDbCircle
10
-370
20
-170
30
0
40
1.9999999999999996
210
0
220
-0
230
1
0
CIRCLE
5
842
100
AcDbEntity
8
0
100
AcDbCircle
10
-380
20
-170
30
0
40
1.9999999999999996
210
0
220
-0
230
1
0
CIRCLE
5
843
100
AcDbEntity
8
0
100
AcDbCircle
10
-390
20
-170
30
0
40
1.9999999999999996
210
0
220
-0
230
1
0
CIRCLE
5
844
100
AcDbEntity
8
0
100
AcDbCircle
10
-400
20
-170
30
0
40
1.9999999999999996
210
0
220
-0
230
1
0
CIRCLE
5
845
100
AcDbEntity
8
0
100
AcDbCircle
10
-410
20
-170
30
0
40
1.9999999999999996
210
0
220
-0
230
1
0
CIRCLE
5
846
100
AcDbEntity
8
0
100
AcDbCircle
10
-420
20
-170
30
0
40
1.9999999999999996
210
0
220
-0
230
1
0
CIRCLE
5
847
100
AcDbEntity
8
0
100
AcDbCircle
10
-430
20
-170
30
0
40
1.9999999999999996
210
0
220
-0
230
1
0
CIRCLE
5
848
100
AcDbEntity
8
0
100
AcDbCircle
10
-440
20
-170
30
0
40
1.9999999999999996
210
0
220
-0
230
1
0
CIRCLE
5
849
100
AcDbEntity
8
0
100
AcDbCircle
10
-10
20
-180
30
0
40
1.9999999999999996
210
0
220
-0
230
1
0
CIRCLE
5
850
100
AcDbEntity
8
0
100
AcDbCircle
10
-20
20
-180
30
0
40
1.9999999999999996
210
0
220
-0
230
1
0
CIRCLE
5
851
100
AcDbEntity
8
0
100
AcDbCircle
10
-30
20
-180
30
0
40
1.9999999999999996
210
0
220
-0
230
1
0
CIRCLE
5
852
100
AcDbEntity
8
0
100
AcDbCircle
10
-40
20
-180
30
0
40
1.9999999999999996
210
0
220
-0
230
1
0
CIRCLE
5
853
100
AcDbEntity
8
0
100
AcDbCircle
10
-50
20
-180
30
0
40
1.9999999999999996
210
0
220
-0
230
1
0
CIRCLE
5
854
100
AcDbEntity
8
0
100
AcDbCircle
10
-60
20
-180
30
0
40
1.9999999999999996
210
0
220
-0
230
1
0
CIRCLE
5
855
100
AcDbEntity
8
0
100
AcDbCircle
10
-70
20
-180
30
0
40
1.9999999999999996
210
0
220
-0
230
1
0
CIRCLE
5
856
100
AcDbEntity
8
0
100
AcDbCircle
10
-80
20
-180
30
0
40
1.9999999999999996
210
0
220
-0
230
1
0
CIRCLE
5
857
100
AcDbEntity
8
0
100
AcDbCircle
10
-90
20
-180
30
0
40
1.9999999999999996
210
0
220
-0
230
1
0
CIRCLE
5
858
100
AcDbEntity
8
0
100
AcDbCircle
10
-100
20
-180
30
0
40
1.9999999999999996
210
0
220
-0
230
1
0
CIRCLE
5
859
100
AcDbEntity
8
0
100
AcDbCircle
10
-110
20
-180
30
0
40
1.9999999999999996
210
0
220
-0
230
1
0
CIRCLE
5
860
100
AcDbEntity
8
0
100
AcDbCircle
10
-120
20
-180
30
0
40
1.9999999999999996
210
0
220
-0
230
1
0
CIRCLE
5
861
100
AcDbEntity
8
0
100
AcDbCircle
10
-130
20
-180
30
0
40
1.9999999999999996
210
0
220
-0
230
1
0
CIRCLE
5
862
100
AcDbEntity
8
0
100
AcDbCircle
10
-140
20
-180
30
0
40
1.9999999999999996
210
0
220
-0
230
1
0
CIRCLE
5
863
100
AcDbEntity
8
0
100
AcDbCircle
10
-150
20
-180
30
0
40
1.9999999999999996
210
0
220
-0
230
1
0
CIRCLE
5
864
100
AcDbEntity
8
0
100
AcDbCircle
10
-160
20
-180
30
0
40
1.9999999999999996
210
0
220
-0
230
1
0
CIRCLE
5
865
100
AcDbEntity
8
0
100
AcDbCircle
10
-170
20
-180
30
0
40
1.9999999999999996
210
0
220
-0
230
1
0
CIRCLE
5
866
100
AcDbEntity
8
0
100
AcDbCircle
10
-180
20
-180
30
0
40
1.9999999999999996
210
0
220
-0
230
1
0
CIRCLE
5
867
100
AcDbEntity
8
0
100
AcDbCircle
10
-190
20
-180
30
0
40
1.9999999999999996
210
0
220
-0
230
1
0
CIRCLE
5
868
100
AcDbEntity
8
0
100
AcDbCircle
10
-200
20
-180
30
0
40
1.9999999999999996
210
0
220
-0
230
1
0
CIRCLE
5
869
100
AcDbEntity
8
0
100
AcDbCircle
10
-210
20
-180
30
0
40
1.9999999999999996
210
0
220
-0
230
1
0
CIRCLE
5
870
100
AcDbEntity
8
0
100
AcDbCircle
10
-220
20
-180
30
0
40
1.9999999999999996
210
0
220
-0
230
1
0
CIRCLE
5
871
100
AcDbEntity
8
0
100
AcDbCircle
10
-230
20
-180
30
0
40
1.9999999999999996
210
0
220
-0
230
1
0
CIRCLE
5
872
100
AcDbEntity
8
0
100
AcDbCircle
10
-240
20
-180
30
0
40
1.9999999999999996
210
0
220
-0
230
1
0
CIRCLE
5
873
100
AcDbEntity
8
0
100
AcDbCircle
10
-250
20
-180
30
0
40
1.9999999999999996
210
0
220
-0
230
1
0
CIRCLE
5
874
100
AcDbEntity
8
0
100
AcDbCircle
10
-260
20
-180
30
0
40
1.9999999999999996
210
0
220
-0
230
1
0
CIRCLE
5
875
100
AcDbEntity
8
0
100
AcDbCircle
10
-270
20
-180
30
0
40
1.9999999999999996
210
0
220
-0
230
1
0
CIRCLE
5
876
100
AcDbEntity
8
0
100
AcDbCircle
10
-280
20
-180
30
0
40
1.9999999999999996
210
0
220
-0
230
1
0
CIRCLE
5
877
100
AcDbEntity
8
0
100
AcDbCircle
10
-290
20
-180
30
0
40
1.9999999999999996
210
0
220
-0
230
1
0
CIRCLE
5
878
100
AcDbEntity
8
0
100
AcDbCircle
10
-300
20
-180
30
0
40
1.9999999999999996
210
0
220
-0
230
1
0
CIRCLE
5
879
100
AcDbEntity
8
0
100
AcDbCircle
10
-310
20
-180
30
0
40
1.9999999999999996
210
0
220
-0
230
1
0
CIRCLE
5
880
100
AcDbEntity
8
0
100
AcDbCircle
10
-320
20
-180
30
0
40
1.9999999999999996
210
0
220
-0
230
1
0
CIRCLE
5
881
100
AcDbEntity
8
0
100
AcDbCircle
10
-330
20
-180
30
0
40
1.9999999999999996
210
0
220
-0
230
1
0
CIRCLE
5
882
100
AcDbEntity
8
0
100
AcDbCircle
10
-340
20
-180
30
0
40
1.9999999999999996
210
0
220
-0
230
1
0
CIRCLE
5
883
100
AcDbEntity
8
0
100
AcDbCircle
10
-350
20
-180
30
0
40
1.9999999999999996
210
0
220
-0
230
1
0
CIRCLE
5
884
100
AcDbEntity
8
0
100
AcDbCircle
10
-360
20
-180
30
0
40
1.9999999999999996
210
0
220
-0
230
1
0
CIRCLE
5
885
100
AcDbEntity
8
0
100
AcDbCircle
10
-370
20
-180
30
0
40
1.9999999999999996
210
0
220
-0
230
1
0
CIRCLE
5
886
100
AcDbEntity
8
0
100
AcDbCircle
10
-380
20
-180
30
0
40
1.9999999999999996
210
0
220
-0
230
1
0
CIRCLE
5
887
100
AcDbEntity
8
0
100
AcDbCircle
10
-390
20
-180
30
0
40
1.9999999999999996
210
0
220
-0
230
1
0
CIRCLE
5
888
100
AcDbEntity
8
0
100
AcDbCircle
10
-400
20
-180
30
0
40
1.9999999999999996
210
0
220
-0
230
1
0
CIRCLE
5
889
100
AcDbEntity
8
0
100
AcDbCircle
10
-410
20
-180
30
0
40
1.9999999999999996
210
0
220
-0
230
1
0
CIRCLE
5
890
100
AcDbEntity
8
0
100
AcDbCircle
10
-420
20
-180
30
0
40
1.9999999999999996
210
0
220
-0
230
1
0
CIRCLE
5
891
100
AcDbEntity
8
0
100
AcDbCircle
10
-430
20
-180
30
0
40
1.9999999999999996
210
0
220
-0
230
1
0
CIRCLE
5
892
100
AcDbEntity
8
0
100
AcDbCircle
10
-440
20
-180
30
0
40
1.9999999999999996
210
0
220
-0
230
1
0
CIRCLE
5
893
100
AcDbEntity
8
0
100
AcDbCircle
10
-10
20
-190
30
0
40
1.9999999999999996
210
0
220
-0
230
1
0
CIRCLE
5
894
100
AcDbEntity
8
0
100
AcDbCircle
10
-20
20
-190
30
0
40
1.9999999999999996
210
0
220
-0
230
1
0
CIRCLE
5
895
100
AcDbEntity
8
0
100
AcDbCircle
10
-30
20
-190
30
0
40
1.9999999999999996
210
0
220
-0
230
1
0
CIRCLE
5
896
100
AcDbEntity
8
0
100
AcDbCircle
10
-40
20
-190
30
0
40
1.9999999999999996
210
0
220
-0
230
1
0
CIRCLE
5
897
100
AcDbEntity
8
0
100
AcDbCircle
10
-50
20
-190
30
0
40
1.9999999999999996
210
0
220
-0
230
1
0
CIRCLE
5
898
100
AcDbEntity
8
0
100
AcDbCircle
10
-60
20
-190
30
0
40
1.9999999999999996
210
0
220
-0
230
1
0
CIRCLE
5
899
100
AcDbEntity
8
0
100
AcDbCircle
10
-70
20
-190
30
0
40
1.9999999999999996
210
0
220
-0
230
1
0
CIRCLE
5
900
100
AcDbEntity
8
0
100
AcDbCircle
10
-80
20
-190
30
0
40
1.9999999999999996
210
0
220
-0
230
1
0
CIRCLE
5
901
100
AcDbEntity
8
0
100
AcDbCircle
10
-90
20
-190
30
0
40
1.9999999999999996
210
0
220
-0
230
1
0
CIRCLE
5
902
100
AcDbEntity
8
0
100
AcDbCircle
10
-100
20
-190
30
0
40
1.9999999999999996
210
0
220
-0
230
1
0
CIRCLE
5
903
100
AcDbEntity
8
0
100
AcDbCircle
10
-110
20
-190
30
0
40
1.9999999999999996
210
0
220
-0
230
1
0
CIRCLE
5
904
100
AcDbEntity
8
0
100
AcDbCircle
10
-120
20
-190
30
0
40
1.9999999999999996
210
0
220
-0
230
1
0
CIRCLE
5
905
100
AcDbEntity
8
0
100
AcDbCircle
10
-130
20
-190
30
0
40
1.9999999999999996
210
0
220
-0
230
1
0
CIRCLE
5
906
100
AcDbEntity
8
0
100
AcDbCircle
10
-140
20
-190
30
0
40
1.9999999999999996
210
0
220
-0
230
1
0
CIRCLE
5
907
100
AcDbEntity
8
0
100
AcDbCircle
10
-150
20
-190
30
0
40
1.9999999999999996
210
0
220
-0
230
1
0
CIRCLE
5
908
100
AcDbEntity
8
0
100
AcDbCircle
10
-160
20
-190
30
0
40
1.9999999999999996
210
0
220
-0
230
1
0
CIRCLE
5
909
100
AcDbEntity
8
0
100
AcDbCircle
10
-170
20
-190
30
0
40
1.9999999999999996
210
0
220
-0
230
1
0
CIRCLE
5
910
100
AcDbEntity
8
0
100
AcDbCircle
10
-180
20
-190
30
0
40
1.9999999999999996
210
0
220
-0
230
1
0
CIRCLE
5
911
100
AcDbEntity
8
0
100
AcDbCircle
10
-190
20
-190
30
0
40
1.9999999999999996
210
0
220
-0
230
1
0
CIRCLE
5
912
100
AcDbEntity
8
0
100
AcDbCircle
10
-200
20
-190
30
0
40
1.9999999999999996
210
0
220
-0
230
1
0
CIRCLE
5
913
100
AcDbEntity
8
0
100
AcDbCircle
10
-210
20
-190
30
0
40
1.9999999999999996
210
0
220
-0
230
1
0
CIRCLE
5
914
100
AcDbEntity
8
0
100
AcDbCircle
10
-220
20
-190
30
0
40
1.9999999999999996
210
0
220
-0
230
1
0
CIRCLE
5
915
100
AcDbEntity
8
0
100
AcDbCircle
10
-230
20
-190
30
0
40
1.9999999999999996
210
0
220
-0
230
1
0
CIRCLE
5
916
100
AcDbEntity
8
0
100
AcDbCircle
10
-240
20
-190
30
0
40
1.9999999999999996
210
0
220
-0
230
1
0
CIRCLE
5
917
100
AcDbEntity
8
0
100
AcDbCircle
10
-250
20
-190
30
0
40
1.9999999999999996
210
0
220
-0
230
1
0
CIRCLE
5
918
100
AcDbEntity
8
0
100
AcDbCircle
10
-260
20
-190
30
0
40
1.9999999999999996
210
0
220
-0
230
1
0
CIRCLE
5
919
100
AcDbEntity
8
0
100
AcDbCircle
10
-270
20
-190
30
0
40
1.9999999999999996
210
0
220
-0
230
1
0
CIRCLE
5
920
100
AcDbEntity
8
0
100
AcDbCircle
10
-280
20
-190
30
0
40
1.9999999999999996
210
0
220
-0
230
1
0
CIRCLE
5
921
100
AcDbEntity
8
0
100
AcDbCircle
10
-290
20
-190
30
0
40
1.9999999999999996
210
0
220
-0
230
1
0
CIRCLE
5
922
100
AcDbEntity
8
0
100
AcDbCircle
10
-300
20
-190
30
0
40
1.9999999999999996
210
0
220
-0
230
1
0
CIRCLE
5
923
100
AcDbEntity
8
0
100
AcDbCircle
10
-310
20
-190
30
0
40
1.9999999999999996
210
0
220
-0
230
1
0
CIRCLE
5
924
100
AcDbEntity
8
0
100
AcDbCircle
10
-320
20
-190
30
0
40
1.9999999999999996
210
0
220
-0
230
1
0
CIRCLE
5
925
100
AcDbEntity
8
0
100
AcDbCircle
10
-330
20
-190
30
0
40
1.9999999999999996
210
0
220
-0
230
1
0
CIRCLE
5
926
100
AcDbEntity
8
0
100
AcDbCircle
10
-340
20
-190
30
0
40
1.9999999999999996
210
0
220
-0
230
1
0
CIRCLE
5
927
100
AcDbEntity
8
0
100
AcDbCircle
10
-350
20
-190
30
0
40
1.9999999999999996
210
0
220
-0
230
1
0
CIRCLE
5
928
100
AcDbEntity
8
0
100
AcDbCircle
10
-360
20
-190
30
0
40
1.9999999999999996
210
0
220
-0
230
1
0
CIRCLE
5
929
100
AcDbEntity
8
0
100
AcDbCircle
10
-370
20
-190
30
0
40
1.9999999999999996
210
0
220
-0
230
1
0
CIRCLE
5
930
100
AcDbEntity
8
0
100
AcDbCircle
10
-380
20
-190
30
0
40
1.9999999999999996
210
0
220
-0
230
1
0
CIRCLE
5
931
100
AcDbEntity
8
0
100
AcDbCircle
10
-390
20
-190
30
0
40
1.9999999999999996
210
0
220
-0
230
1
0
CIRCLE
5
932
100
AcDbEntity
8
0
100
AcDbCircle
10
-400
20
-190
30
0
40
1.9999999999999996
210
0
220
-0
230
1
0
CIRCLE
5
933
100
AcDbEntity
8
0
100
AcDbCircle
10
-410
20
-190
30
0
40
1.9999999999999996
210
0
220
-0
230
1
0
CIRCLE
5
934
100
AcDbEntity
8
0
100
AcDbCircle
10
-420
20
-190
30
0
40
1.9999999999999996
210
0
220
-0
230
1
0
CIRCLE
5
935
100
AcDbEntity
8
0
100
AcDbCircle
10
-430
20
-190
30
0
40
1.9999999999999996
210
0
220
-0
230
1
0
CIRCLE
5
936
100
AcDbEntity
8
0
100
AcDbCircle
10
-440
20
-190
30
0
40
1.9999999999999996
210
0
220
-0
230
1
0
CIRCLE
5
937
100
AcDbEntity
8
0
100
AcDbCircle
10
-10
20
-200
30
0
40
1.9999999999999996
210
0
220
-0
230
1
0
CIRCLE
5
938
100
AcDbEntity
8
0
100
AcDbCircle
10
-20
20
-200
30
0
40
1.9999999999999996
210
0
220
-0
230
1
0
CIRCLE
5
939
100
AcDbEntity
8
0
100
AcDbCircle
10
-30
20
-200
30
0
40
1.9999999999999996
210
0
220
-0
230
1
0
CIRCLE
5
940
100
AcDbEntity
8
0
100
AcDbCircle
10
-40
20
-200
30
0
40
1.9999999999999996
210
0
220
-0
230
1
0
CIRCLE
5
941
100
AcDbEntity
8
0
100
AcDbCircle
10
-50
20
-200
30
0
40
1.9999999999999996
210
0
220
-0
230
1
0
CIRCLE
5
942
100
AcDbEntity
8
0
100
AcDbCircle
10
-60
20
-200
30
0
40
1.9999999999999996
210
0
220
-0
230
1
0
CIRCLE
5
943
100
AcDbEntity
8
0
100
AcDbCircle
10
-70
20
-200
30
0
40
1.9999999999999996
210
0
220
-0
230
1
0
CIRCLE
5
944
100
AcDbEntity
8
0
100
AcDbCircle
10
-80
20
-200
30
0
40
1.9999999999999996
210
0
220
-0
230
1
0
CIRCLE
5
945
100
AcDbEntity
8
0
100
AcDbCircle
10
-90
20
-200
30
0
40
1.9999999999999996
210
0
220
-0
230
1
0
CIRCLE
5
946
100
AcDbEntity
8
0
100
AcDbCircle
10
-100
20
-200
30
0
40
1.9999999999999996
210
0
220
-0
230
1
0
CIRCLE
5
947
100
AcDbEntity
8
0
100
AcDbCircle
10
-110
20
-200
30
0
40
1.9999999999999996
210
0
220
-0
230
1
0
CIRCLE
5
948
100
AcDbEntity
8
0
100
AcDbCircle
10
-120
20
-200
30
0
40
1.9999999999999996
210
0
220
-0
230
1
0
CIRCLE
5
949
100
AcDbEntity
8
0
100
AcDbCircle
10
-130
20
-200
30
0
40
1.9999999999999996
210
0
220
-0
230
1
0
CIRCLE
5
950
100
AcDbEntity
8
0
100
AcDbCircle
10
-140
20
-200
30
0
40
1.9999999999999996
210
0
220
-0
230
1
0
CIRCLE
5
951
100
AcDbEntity
8
0
100
AcDbCircle
10
-150
20
-200
30
0
40
1.9999999999999996
210
0
220
-0
230
1
0
CIRCLE
5
952
100
AcDbEntity
8
0
100
AcDbCircle
10
-160
20
-200
30
0
40
1.9999999999999996
210
0
220
-0
230
1
0
CIRCLE
5
953
100
AcDbEntity
8
0
100
AcDbCircle
10
-170
20
-200
30
0
40
1.9999999999999996
210
0
220
-0
230
1
0
CIRCLE
5
954
100
AcDbEntity
8
0
100
AcDbCircle
10
-180
20
-200
30
0
40
1.9999999999999996
210
0
220
-0
230
1
0
CIRCLE
5
955
100
AcDbEntity
8
0
100
AcDbCircle
10
-190
20
-200
30
0
40
1.9999999999999996
210
0
220
-0
230
1
0
CIRCLE
5
956
100
AcDbEntity
8
0
100
AcDbCircle
10
-200
20
-200
30
0
40
1.9999999999999996
210
0
220
-0
230
1
0
CIRCLE
5
957
100
AcDbEntity
8
0
100
AcDbCircle
10
-210
20
-200
30
0
40
1.9999999999999996
210
0
220
-0
230
1
0
CIRCLE
5
958
100
AcDbEntity
8
0
100
AcDbCircle
10
-220
20
-200
30
0
40
1.9999999999999996
210
0
220
-0
230
1
0
CIRCLE
5
959
100
AcDbEntity
8
0
100
AcDbCircle
10
-230
20
-200
30
0
40
1.9999999999999996
210
0
220
-0
230
1
0
CIRCLE
5
960
100
AcDbEntity
8
0
100
AcDbCircle
10
-240
20
-200
30
0
40
1.9999999999999996
210
0
220
-0
230
1
0
CIRCLE
5
961
100
AcDbEntity
8
0
100
AcDbCircle
10
-250
20
-200
30
0
40
1.9999999999999996
210
0
220
-0
230
1
0
CIRCLE
5
962
100
AcDbEntity
8
0
100
AcDbCircle
10
-260
20
-200
30
0
40
1.9999999999999996
210
0
220
-0
230
1
0
CIRCLE
5
963
100
AcDbEntity
8
0
100
AcDbCircle
10
-270
20
-200
30
0
40
1.9999999999999996
210
0
220
-0
230
1
0
CIRCLE
5
964
100
AcDbEntity
8
0
100
AcDbCircle
10
-280
20
-200
30
0
40
1.9999999999999996
210
0
220
-0
230
1
0
CIRCLE
5
965
100
AcDbEntity
8
0
100
AcDbCircle
10
-290
20
-200
30
0
40
1.9999999999999996
210
0
220
-0
230
1
0
CIRCLE
5
966
100
AcDbEntity
8
0
100
AcDbCircle
10
-300
20
-200
30
0
40
1.9999999999999996
210
0
220
-0
230
1
0
CIRCLE
5
967
100
AcDbEntity
8
0
100
AcDbCircle
10
-310
20
-200
30
0
40
1.9999999999999996
210
0
220
-0
230
1
0
CIRCLE
5
968
100
AcDbEntity
8
0
100
AcDbCircle
10
-320
20
-200
30
0
40
1.9999999999999996
210
0
220
-0
230
1
0
CIRCLE
5
969
100
AcDbEntity
8
0
100
AcDbCircle
10
-330
20
-200
30
0
40
1.9999999999999996
210
0
220
-0
230
1
0
CIRCLE
5
970
100
AcDbEntity
8
0
100
AcDbCircle
10
-340
20
-200
30
0
40
1.9999999999999996
210
0
220
-0
230
1
0
CIRCLE
5
971
100
AcDbEntity
8
0
100
AcDbCircle
10
-350
20
-200
30
0
40
1.9999999999999996
210
0
220
-0
230
1
0
CIRCLE
5
972
100
AcDbEntity
8
0
100
AcDbCircle
10
-360
20
-200
30
0
40
1.9999999999999996
210
0
220
-0
230
1
0
CIRCLE
5
973
100
AcDbEntity
8
0
100
AcDbCircle
10
-370
20
-200
30
0
40
1.9999999999999996
210
0
220
-0
230
1
0
CIRCLE
5
974
100
AcDbEntity
8
0
100
AcDbCircle
10
-380
20
-200
30
0
40
1.9999999999999996
210
0
220
-0
230
1
0
CIRCLE
5
975
100
AcDbEntity
8
0
100
AcDbCircle
10
-390
20
-200
30
0
40
1.9999999999999996
210
0
220
-0
230
1
0
CIRCLE
5
976
100
AcDbEntity
8
0
100
AcDbCircle
10
-400
20
-200
30
0
40
1.9999999999999996
210
0
220
-0
230
1
0
CIRCLE
5
977
100
AcDbEntity
8
0
100
AcDbCircle
10
-410
20
-200
30
0
40
1.9999999999999996
210
0
220
-0
230
1
0
CIRCLE
5
978
100
AcDbEntity
8
0
100
AcDbCircle
10
-420
20
-200
30
0
40
1.9999999999999996
210
0
220
-0
230
1
0
CIRCLE
5
979
100
AcDbEntity
8
0
100
AcDbCircle
10
-430
20
-200
30
0
40
1.9999999999999996
210
0
220
-0
230
1
0
CIRCLE
5
980
100
AcDbEntity
8
0
100
AcDbCircle
10
-440
20
-200
30
0
40
1.9999999999999996
210
0
220
-0
230
1
0
CIRCLE
5
981
100
AcDbEntity
8
0
100
AcDbCircle
10
-10
20
-210
30
0
40
1.9999999999999996
210
0
220
-0
230
1
0
CIRCLE
5
982
100
AcDbEntity
8
0
100
AcDbCircle
10
-20
20
-210
30
0
40
1.9999999999999996
210
0
220
-0
230
1
0
CIRCLE
5
983
100
AcDbEntity
8
0
100
AcDbCircle
10
-30
20
-210
30
0
40
1.9999999999999996
210
0
220
-0
230
1
0
CIRCLE
5
984
100
AcDbEntity
8
0
100
AcDbCircle
10
-40
20
-210
30
0
40
1.9999999999999996
210
0
220
-0
230
1
0
CIRCLE
5
985
100
AcDbEntity
8
0
100
AcDbCircle
10
-50
20
-210
30
0
40
1.9999999999999996
210
0
220
-0
230
1
0
CIRCLE
5
986
100
AcDbEntity
8
0
100
AcDbCircle
10
-60
20
-210
30
0
40
1.9999999999999996
210
0
220
-0
230
1
0
CIRCLE
5
987
100
AcDbEntity
8
0
100
AcDbCircle
10
-70
20
-210
30
0
40
1.9999999999999996
210
0
220
-0
230
1
0
CIRCLE
5
988
100
AcDbEntity
8
0
100
AcDbCircle
10
-80
20
-210
30
0
40
1.9999999999999996
210
0
220
-0
230
1
0
CIRCLE
5
989
100
AcDbEntity
8
0
100
AcDbCircle
10
-90
20
-210
30
0
40
1.9999999999999996
210
0
220
-0
230
1
0
CIRCLE
5
990
100
AcDbEntity
8
0
100
AcDbCircle
10
-100
20
-210
30
0
40
1.9999999999999996
210
0
220
-0
230
1
0
CIRCLE
5
991
100
AcDbEntity
8
0
100
AcDbCircle
10
-110
20
-210
30
0
40
1.9999999999999996
210
0
220
-0
230
1
0
CIRCLE
5
992
100
AcDbEntity
8
0
100
AcDbCircle
10
-120
20
-210
30
0
40
1.9999999999999996
210
0
220
-0
230
1
0
CIRCLE
5
993
100
AcDbEntity
8
0
100
AcDbCircle
10
-130
20
-210
30
0
40
1.9999999999999996
210
0
220
-0
230
1
0
CIRCLE
5
994
100
AcDbEntity
8
0
100
AcDbCircle
10
-140
20
-210
30
0
40
1.9999999999999996
210
0
220
-0
230
1
0
CIRCLE
5
995
100
AcDbEntity
8
0
100
AcDbCircle
10
-150
20
-210
30
0
40
1.9999999999999996
210
0
220
-0
230
1
0
CIRCLE
5
996
100
AcDbEntity
8
0
100
AcDbCircle
10
-160
20
-210
30
0
40
1.9999999999999996
210
0
220
-0
230
1
0
CIRCLE
5
997
100
AcDbEntity
8
0
100
AcDbCircle
10
-170
20
-210
30
0
40
1.9999999999999996
210
0
220
-0
230
1
0
CIRCLE
5
998
100
AcDbEntity
8
0
100
AcDbCircle
10
-180
20
-210
30
0
40
1.9999999999999996
210
0
220
-0
230
1
0
CIRCLE
5
999
100
AcDbEntity
8
0
100
AcDbCircle
10
-190
20
-210
30
0
40
1.9999999999999996
210
0
220
-0
230
1
0
CIRCLE
5
1000
100
AcDbEntity
8
0
100
AcDbCircle
10
-200
20
-210
30
0
40
1.9999999999999996
210
0
220
-0
230
1
0
CIRCLE
5
1001
100
AcDbEntity
8
0
100
AcDbCircle
10
-210
20
-210
30
0
40
1.9999999999999996
210
0
220
-0
230
1
0
CIRCLE
5
1002
100
AcDbEntity
8
0
100
AcDbCircle
10
-220
20
-210
30
0
40
1.9999999999999996
210
0
220
-0
230
1
0
CIRCLE
5
1003
100
AcDbEntity
8
0
100
AcDbCircle
10
-230
20
-210
30
0
40
1.9999999999999996
210
0
220
-0
230
1
0
CIRCLE
5
1004
100
AcDbEntity
8
0
100
AcDbCircle
10
-240
20
-210
30
0
40
1.9999999999999996
210
0
220
-0
230
1
0
CIRCLE
5
1005
100
AcDbEntity
8
0
100
AcDbCircle
10
-250
20
-210
30
0
40
1.9999999999999996
210
0
220
-0
230
1
0
CIRCLE
5
1006
100
AcDbEntity
8
0
100
AcDbCircle
10
-260
20
-210
30
0
40
1.9999999999999996
210
0
220
-0
230
1
0
CIRCLE
5
1007
100
AcDbEntity
8
0
100
AcDbCircle
10
-270
20
-210
30
0
40
1.9999999999999996
210
0
220
-0
230
1
0
CIRCLE
5
1008
100
AcDbEntity
8
0
100
AcDbCircle
10
-280
20
-210
30
0
40
1.9999999999999996
210
0
220
-0
230
1
0
CIRCLE
5
1009
100
AcDbEntity
8
0
100
AcDbCircle
10
-290
20
-210
30
0
40
1.9999999999999996
210
0
220
-0
230
1
0
CIRCLE
5
1010
100
AcDbEntity
8
0
100
AcDbCircle
10
-300
20
-210
30
0
40
1.9999999999999996
210
0
220
-0
230
1
0
CIRCLE
5
1011
100
AcDbEntity
8
0
100
AcDbCircle
10
-310
20
-210
30
0
40
1.9999999999999996
210
0
220
-0
230
1
0
CIRCLE
5
1012
100
AcDbEntity
8
0
100
AcDbCircle
10
-320
20
-210
30
0
40
1.9999999999999996
210
0
220
-0
230
1
0
CIRCLE
5
1013
100
AcDbEntity
8
0
100
AcDbCircle
10
-330
20
-210
30
0
40
1.9999999999999996
210
0
220
-0
230
1
0
CIRCLE
5
1014
100
AcDbEntity
8
0
100
AcDbCircle
10
-340
20
-210
30
0
40
1.9999999999999996
210
0
220
-0
230
1
0
CIRCLE
5
1015
100
AcDbEntity
8
0
100
AcDbCircle
10
-350
20
-210
30
0
40
1.9999999999999996
210
0
220
-0
230
1
0
CIRCLE
5
1016
100
AcDbEntity
8
0
100
AcDbCircle
10
-360
20
-210
30
0
40
1.9999999999999996
210
0
220
-0
230
1
0
CIRCLE
5
1017
100
AcDbEntity
8
0
100
AcDbCircle
10
-370
20
-210
30
0
40
1.9999999999999996
210
0
220
-0
230
1
0
CIRCLE
5
1018
100
AcDbEntity
8
0
100
AcDbCircle
10
-380
20
-210
30
0
40
1.9999999999999996
210
0
220
-0
230
1
0
CIRCLE
5
1019
100
AcDbEntity
8
0
100
AcDbCircle
10
-390
20
-210
30
0
40
1.9999999999999996
210
0
220
-0
230
1
0
CIRCLE
5
1020
100
AcDbEntity
8
0
100
AcDbCircle
10
-400
20
-210
30
0
40
1.9999999999999996
210
0
220
-0
230
1
0
CIRCLE
5
1021
100
AcDbEntity
8
0
100
AcDbCircle
10
-410
20
-210
30
0
40
1.9999999999999996
210
0
220
-0
230
1
0
CIRCLE
5
1022
100
AcDbEntity
8
0
100
AcDbCircle
10
-420
20
-210
30
0
40
1.9999999999999996
210
0
220
-0
230
1
0
CIRCLE
5
1023
100
AcDbEntity
8
0
100
AcDbCircle
10
-430
20
-210
30
0
40
1.9999999999999996
210
0
220
-0
230
1
0
CIRCLE
5
1024
100
AcDbEntity
8
0
100
AcDbCircle
10
-440
20
-210
30
0
40
1.9999999999999996
210
0
220
-0
230
1
0
CIRCLE
5
1025
100
AcDbEntity
8
0
100
AcDbCircle
10
-10
20
-220
30
0
40
1.9999999999999996
210
0
220
-0
230
1
0
CIRCLE
5
1026
100
AcDbEntity
8
0
100
AcDbCircle
10
-20
20
-220
30
0
40
1.9999999999999996
210
0
220
-0
230
1
0
CIRCLE
5
1027
100
AcDbEntity
8
0
100
AcDbCircle
10
-30
20
-220
30
0
40
1.9999999999999996
210
0
220
-0
230
1
0
CIRCLE
5
1028
100
AcDbEntity
8
0
100
AcDbCircle
10
-40
20
-220
30
0
40
1.9999999999999996
210
0
220
-0
230
1
0
CIRCLE
5
1029
100
AcDbEntity
8
0
100
AcDbCircle
10
-50
20
-220
30
0
40
1.9999999999999996
210
0
220
-0
230
1
0
CIRCLE
5
1030
100
AcDbEntity
8
0
100
AcDbCircle
10
-60
20
-220
30
0
40
1.9999999999999996
210
0
220
-0
230
1
0
CIRCLE
5
1031
100
AcDbEntity
8
0
100
AcDbCircle
10
-70
20
-220
30
0
40
1.9999999999999996
210
0
220
-0
230
1
0
CIRCLE
5
1032
100
AcDbEntity
8
0
100
AcDbCircle
10
-80
20
-220
30
0
40
1.9999999999999996
210
0
220
-0
230
1
0
CIRCLE
5
1033
100
AcDbEntity
8
0
100
AcDbCircle
10
-90
20
-220
30
0
40
1.9999999999999996
210
0
220
-0
230
1
0
CIRCLE
5
1034
100
AcDbEntity
8
0
100
AcDbCircle
10
-100
20
-220
30
0
40
1.9999999999999996
210
0
220
-0
230
1
0
CIRCLE
5
1035
100
AcDbEntity
8
0
100
AcDbCircle
10
-110
20
-220
30
0
40
1.9999999999999996
210
0
220
-0
230
1
0
CIRCLE
5
1036
100
AcDbEntity
8
0
100
AcDbCircle
10
-120
20
-220
30
0
40
1.9999999999999996
210
0
220
-0
230
1
0
CIRCLE
5
1037
100
AcDbEntity
8
0
100
AcDbCircle
10
-130
20
-220
30
0
40
1.9999999999999996
210
0
220
-0
230
1
0
CIRCLE
5
1038
100
AcDbEntity
8
0
100
AcDbCircle
10
-140
20
-220
30
0
40
1.9999999999999996
210
0
220
-0
230
1
0
CIRCLE
5
1039
100
AcDbEntity
8
0
100
AcDbCircle
10
-150
20
-220
30
0
40
1.9999999999999996
210
0
220
-0
230
1
0
CIRCLE
5
1040
100
AcDbEntity
8
0
100
AcDbCircle
10
-160
20
-220
30
0
40
1.9999999999999996
210
0
220
-0
230
1
0
CIRCLE
5
1041
100
AcDbEntity
8
0
100
AcDbCircle
10
-170
20
-220
30
0
40
1.9999999999999996
210
0
220
-0
230
1
0
CIRCLE
5
1042
100
AcDbEntity
8
0
100
AcDbCircle
10
-180
20
-220
30
0
40
1.9999999999999996
210
0
220
-0
230
1
0
CIRCLE
5
1043
100
AcDbEntity
8
0
100
AcDbCircle
10
-190
20
-220
30
0
40
1.9999999999999996
210
0
220
-0
230
1
0
CIRCLE
5
1044
100
AcDbEntity
8
0
100
AcDbCircle
10
-200
20
-220
30
0
40
1.9999999999999996
210
0
220
-0
230
1
0
CIRCLE
5
1045
100
AcDbEntity
8
0
100
AcDbCircle
10
-210
20
-220
30
0
40
1.9999999999999996
210
0
220
-0
230
1
0
CIRCLE
5
1046
100
AcDbEntity
8
0
100
AcDbCircle
10
-220
20
-220
30
0
40
1.9999999999999996
210
0
220
-0
230
1
0
CIRCLE
5
1047
100
AcDbEntity
8
0
100
AcDbCircle
10
-230
20
-220
30
0
40
1.9999999999999996
210
0
220
-0
230
1
0
CIRCLE
5
1048
100
AcDbEntity
8
0
100
AcDbCircle
10
-240
20
-220
30
0
40
1.9999999999999996
210
0
220
-0
230
1
0
CIRCLE
5
1049
100
AcDbEntity
8
0
100
AcDbCircle
10
-250
20
-220
30
0
40
1.9999999999999996
210
0
220
-0
230
1
0
CIRCLE
5
1050
100
AcDbEntity
8
0
100
AcDbCircle
10
-260
20
-220
30
0
40
1.9999999999999996
210
0
220
-0
230
1
0
CIRCLE
5
1051
100
AcDbEntity
8
0
100
AcDbCircle
10
-270
20
-220
30
0
40
1.9999999999999996
210
0
220
-0
230
1
0
CIRCLE
5
1052
100
AcDbEntity
8
0
100
AcDbCircle
10
-280
20
-220
30
0
40
1.9999999999999996
210
0
220
-0
230
1
0
CIRCLE
5
1053
100
AcDbEntity
8
0
100
AcDbCircle
10
-290
20
-220
30
0
40
1.9999999999999996
210
0
220
-0
230
1
0
CIRCLE
5
1054
100
AcDbEntity
8
0
100
AcDbCircle
10
-300
20
-220
30
0
40
1.9999999999999996
210
0
220
-0
230
1
0
CIRCLE
5
1055
100
AcDbEntity
8
0
100
AcDbCircle
10
-310
20
-220
30
0
40
1.9999999999999996
210
0
220
-0
230
1
0
CIRCLE
5
1056
100
AcDbEntity
8
0
100
AcDbCircle
10
-320
20
-220
30
0
40
1.9999999999999996
210
0
220
-0
230
1
0
CIRCLE
5
1057
100
AcDbEntity
8
0
100
AcDbCircle
10
-330
20
-220
30
0
40
1.9999999999999996
210
0
220
-0
230
1
0
CIRCLE
5
1058
100
AcDbEntity
8
0
100
AcDbCircle
10
-340
20
-220
30
0
40
1.9999999999999996
210
0
220
-0
230
1
0
CIRCLE
5
1059
100
AcDbEntity
8
0
100
AcDbCircle
10
-350
20
-220
30
0
40
1.9999999999999996
210
0
220
-0
230
1
0
CIRCLE
5
1060
100
AcDbEntity
8
0
100
AcDbCircle
10
-360
20
-220
30
0
40
1.9999999999999996
210
0
220
-0
230
1
0
CIRCLE
5
1061
100
AcDbEntity
8
0
100
AcDbCircle
10
-370
20
-220
30
0
40
1.9999999999999996
210
0
220
-0
230
1
0
CIRCLE
5
1062
100
AcDbEntity
8
0
100
AcDbCircle
10
-380
20
-220
30
0
40
1.9999999999999996
210
0
220
-0
230
1
0
CIRCLE
5
1063
100
AcDbEntity
8
0
100
AcDbCircle
10
-390
20
-220
30
0
40
1.9999999999999996
210
0
220
-0
230
1
0
CIRCLE
5
1064
100
AcDbEntity
8
0
100
AcDbCircle
10
-400
20
-220
30
0
40
1.9999999999999996
210
0
220
-0
230
1
0
CIRCLE
5
1065
100
AcDbEntity
8
0
100
AcDbCircle
10
-410
20
-220
30
0
40
1.9999999999999996
210
0
220
-0
230
1
0
CIRCLE
5
1066
100
AcDbEntity
8
0
100
AcDbCircle
10
-420
20
-220
30
0
40
1.9999999999999996
210
0
220
-0
230
1
0
CIRCLE
5
1067
100
AcDbEntity
8
0
100
AcDbCircle
10
-430
20
-220
30
0
40
1.9999999999999996
210
0
220
-0
230
1
0
CIRCLE
5
1068
100
AcDbEntity
8
0
100
AcDbCircle
10
-440
20
-220
30
0
40
1.9999999999999996
210
0
220
-0
230
1
0
CIRCLE
5
1069
100
AcDbEntity
8
0
100
AcDbCircle
10
-10
20
-230
30
0
40
1.9999999999999996
210
0
220
-0
230
1
0
CIRCLE
5
1070
100
AcDbEntity
8
0
100
AcDbCircle
10
-20
20
-230
30
0
40
1.9999999999999996
210
0
220
-0
230
1
0
CIRCLE
5
1071
100
AcDbEntity
8
0
100
AcDbCircle
10
-30
20
-230
30
0
40
1.9999999999999996
210
0
220
-0
230
1
0
CIRCLE
5
1072
100
AcDbEntity
8
0
100
AcDbCircle
10
-40
20
-230
30
0
40
1.9999999999999996
210
0
220
-0
230
1
0
CIRCLE
5
1073
100
AcDbEntity
8
0
100
AcDbCircle
10
-50
20
-230
30
0
40
1.9999999999999996
210
0
220
-0
230
1
0
CIRCLE
5
1074
100
AcDbEntity
8
0
100
AcDbCircle
10
-60
20
-230
30
0
40
1.9999999999999996
210
0
220
-0
230
1
0
CIRCLE
5
1075
100
AcDbEntity
8
0
100
AcDbCircle
10
-70
20
-230
30
0
40
1.9999999999999996
210
0
220
-0
230
1
0
CIRCLE
5
1076
100
AcDbEntity
8
0
100
AcDbCircle
10
-80
20
-230
30
0
40
1.9999999999999996
210
0
220
-0
230
1
0
CIRCLE
5
1077
100
AcDbEntity
8
0
100
AcDbCircle
10
-90
20
-230
30
0
40
1.9999999999999996
210
0
220
-0
230
1
0
CIRCLE
5
1078
100
AcDbEntity
8
0
100
AcDbCircle
10
-100
20
-230
30
0
40
1.9999999999999996
210
0
220
-0
230
1
0
CIRCLE
5
1079
100
AcDbEntity
8
0
100
AcDbCircle
10
-110
20
-230
30
0
40
1.9999999999999996
210
0
220
-0
230
1
0
CIRCLE
5
1080
100
AcDbEntity
8
0
100
AcDbCircle
10
-120
20
-230
30
0
40
1.9999999999999996
210
0
220
-0
230
1
0
CIRCLE
5
1081
100
AcDbEntity
8
0
100
AcDbCircle
10
-130
20
-230
30
0
40
1.9999999999999996
210
0
220
-0
230
1
0
CIRCLE
5
1082
100
AcDbEntity
8
0
100
AcDbCircle
10
-140
20
-230
30
0
40
1.9999999999999996
210
0
220
-0
230
1
0
CIRCLE
5
1083
100
AcDbEntity
8
0
100
AcDbCircle
10
-150
20
-230
30
0
40
1.9999999999999996
210
0
220
-0
230
1
0
CIRCLE
5
1084
100
AcDbEntity
8
0
100
AcDbCircle
10
-160
20
-230
30
0
40
1.9999999999999996
210
0
220
-0
230
1
0
CIRCLE
5
1085
100
AcDbEntity
8
0
100
AcDbCircle
10
-170
20
-230
30
0
40
1.9999999999999996
210
0
220
-0
230
1
0
CIRCLE
5
1086
100
AcDbEntity
8
0
100
AcDbCircle
10
-180
20
-230
30
0
40
1.9999999999999996
210
0
220
-0
230
1
0
CIRCLE
5
1087
100
AcDbEntity
8
0
100
AcDbCircle
10
-190
20
-230
30
0
40
1.9999999999999996
210
0
220
-0
230
1
0
CIRCLE
5
1088
100
AcDbEntity
8
0
100
AcDbCircle
10
-200
20
-230
30
0
40
1.9999999999999996
210
0
220
-0
230
1
0
CIRCLE
5
1089
100
AcDbEntity
8
0
100
AcDbCircle
10
-210
20
-230
30
0
40
1.9999999999999996
210
0
220
-0
230
1
0
CIRCLE
5
1090
100
AcDbEntity
8
0
100
AcDbCircle
10
-220
20
-230
30
0
40
1.9999999999999996
210
0
220
-0
230
1
0
CIRCLE
5
1091
100
AcDbEntity
8
0
100
AcDbCircle
10
-230
20
-230
30
0
40
1.9999999999999996
210
0
220
-0
230
1
0
CIRCLE
5
1092
100
AcDbEntity
8
0
100
AcDbCircle
10
-240
20
-230
30
0
40
1.9999999999999996
210
0
220
-0
230
1
0
CIRCLE
5
1093
100
AcDbEntity
8
0
100
AcDbCircle
10
-250
20
-230
30
0
40
1.9999999999999996
210
0
220
-0
230
1
0
CIRCLE
5
1094
100
AcDbEntity
8
0
100
AcDbCircle
10
-260
20
-230
30
0
40
1.9999999999999996
210
0
220
-0
230
1
0
CIRCLE
5
1095
100
AcDbEntity
8
0
100
AcDbCircle
10
-270
20
-230
30
0
40
1.9999999999999996
210
0
220
-0
230
1
0
CIRCLE
5
1096
100
AcDbEntity
8
0
100
AcDbCircle
10
-280
20
-230
30
0
40
1.9999999999999996
210
0
220
-0
230
1
0
CIRCLE
5
1097
100
AcDbEntity
8
0
100
AcDbCircle
10
-290
20
-230
30
0
40
1.9999999999999996
210
0
220
-0
230
1
0
CIRCLE
5
1098
100
AcDbEntity
8
0
100
AcDbCircle
10
-300
20
-230
30
0
40
1.9999999999999996
210
0
220
-0
230
1
0
CIRCLE
5
1099
100
AcDbEntity
8
0
100
AcDbCircle
10
-310
20
-230
30
0
40
1.9999999999999996
210
0
220
-0
230
1
0
CIRCLE
5
1100
100
AcDbEntity
8
0
100
AcDbCircle
10
-320
20
-230
30
0
40
1.9999999999999996
210
0
220
-0
230
1
0
CIRCLE
5
1101
100
AcDbEntity
8
0
100
AcDbCircle
10
-330
20
-230
30
0
40
1.9999999999999996
210
0
220
-0
230
1
0
CIRCLE
5
1102
100
AcDbEntity
8
0
100
AcDbCircle
10
-340
20
-230
30
0
40
1.9999999999999996
210
0
220
-0
230
1
0
CIRCLE
5
1103
100
AcDbEntity
8
0
100
AcDbCircle
10
-350
20
-230
30
0
40
1.9999999999999996
210
0
220
-0
230
1
0
CIRCLE
5
1104
100
AcDbEntity
8
0
100
AcDbCircle
10
-360
20
-230
30
0
40
1.9999999999999996
210
0
220
-0
230
1
0
CIRCLE
5
1105
100
AcDbEntity
8
0
100
AcDbCircle
10
-370
20
-230
30
0
40
1.9999999999999996
210
0
220
-0
230
1
0
CIRCLE
5
1106
100
AcDbEntity
8
0
100
AcDbCircle
10
-380
20
-230
30
0
40
1.9999999999999996
210
0
220
-0
230
1
0
CIRCLE
5
1107
100
AcDbEntity
8
0
100
AcDbCircle
10
-390
20
-230
30
0
40
1.9999999999999996
210
0
220
-0
230
1
0
CIRCLE
5
1108
100
AcDbEntity
8
0
100
AcDbCircle
10
-400
20
-230
30
0
40
1.9999999999999996
210
0
220
-0
230
1
0
CIRCLE
5
1109
100
AcDbEntity
8
0
100
AcDbCircle
10
-410
20
-230
30
0
40
1.9999999999999996
210
0
220
-0
230
1
0
CIRCLE
5
1110
100
AcDbEntity
8
0
100
AcDbCircle
10
-420
20
-230
30
0
40
1.9999999999999996
210
0
220
-0
230
1
0
CIRCLE
5
1111
100
AcDbEntity
8
0
100
AcDbCircle
10
-430
20
-230
30
0
40
1.9999999999999996
210
0
220
-0
230
1
0
CIRCLE
5
1112
100
AcDbEntity
8
0
100
AcDbCircle
10
-440
20
-230
30
0
40
1.9999999999999996
210
0
220
-0
230
1
0
CIRCLE
5
1113
100
AcDbEntity
8
0
100
AcDbCircle
10
-10
20
-240
30
0
40
1.9999999999999996
210
0
220
-0
230
1
0
CIRCLE
5
1114
100
AcDbEntity
8
0
100
AcDbCircle
10
-20
20
-240
30
0
40
1.9999999999999996
210
0
220
-0
230
1
0
CIRCLE
5
1115
100
AcDbEntity
8
0
100
AcDbCircle
10
-30
20
-240
30
0
40
1.9999999999999996
210
0
220
-0
230
1
0
CIRCLE
5
1116
100
AcDbEntity
8
0
100
AcDbCircle
10
-40
20
-240
30
0
40
1.9999999999999996
210
0
220
-0
230
1
0
CIRCLE
5
1117
100
AcDbEntity
8
0
100
AcDbCircle
10
-50
20
-240
30
0
40
1.9999999999999996
210
0
220
-0
230
1
0
CIRCLE
5
1118
100
AcDbEntity
8
0
100
AcDbCircle
10
-60
20
-240
30
0
40
1.9999999999999996
210
0
220
-0
230
1
0
CIRCLE
5
1119
100
AcDbEntity
8
0
100
AcDbCircle
10
-70
20
-240
30
0
40
1.9999999999999996
210
0
220
-0
230
1
0
CIRCLE
5
1120
100
AcDbEntity
8
0
100
AcDbCircle
10
-80
20
-240
30
0
40
1.9999999999999996
210
0
220
-0
230
1
0
CIRCLE
5
1121
100
AcDbEntity
8
0
100
AcDbCircle
10
-90
20
-240
30
0
40
1.9999999999999996
210
0
220
-0
230
1
0
CIRCLE
5
1122
100
AcDbEntity
8
0
100
AcDbCircle
10
-100
20
-240
30
0
40
1.9999999999999996
210
0
220
-0
230
1
0
CIRCLE
5
1123
100
AcDbEntity
8
0
100
AcDbCircle
10
-110
20
-240
30
0
40
1.9999999999999996
210
0
220
-0
230
1
0
CIRCLE
5
1124
100
AcDbEntity
8
0
100
AcDbCircle
10
-120
20
-240
30
0
40
1.9999999999999996
210
0
220
-0
230
1
0
CIRCLE
5
1125
100
AcDbEntity
8
0
100
AcDbCircle
10
-130
20
-240
30
0
40
1.9999999999999996
210
0
220
-0
230
1
0
CIRCLE
5
1126
100
AcDbEntity
8
0
100
AcDbCircle
10
-140
20
-240
30
0
40
1.9999999999999996
210
0
220
-0
230
1
0
CIRCLE
5
1127
100
AcDbEntity
8
0
100
AcDbCircle
10
-150
20
-240
30
0
40
1.9999999999999996
210
0
220
-0
230
1
0
CIRCLE
5
1128
100
AcDbEntity
8
0
100
AcDbCircle
10
-160
20
-240
30
0
40
1.9999999999999996
210
0
220
-0
230
1
0
CIRCLE
5
1129
100
AcDbEntity
8
0
100
AcDbCircle
10
-170
20
-240
30
0
40
1.9999999999999996
210
0
220
-0
230
1
0
CIRCLE
5
1130
100
AcDbEntity
8
0
100
AcDbCircle
10
-180
20
-240
30
0
40
1.9999999999999996
210
0
220
-0
230
1
0
CIRCLE
5
1131
100
AcDbEntity
8
0
100
AcDbCircle
10
-190
20
-240
30
0
40
1.9999999999999996
210
0
220
-0
230
1
0
CIRCLE
5
1132
100
AcDbEntity
8
0
100
AcDbCircle
10
-200
20
-240
30
0
40
1.9999999999999996
210
0
220
-0
230
1
0
CIRCLE
5
1133
100
AcDbEntity
8
0
100
AcDbCircle
10
-210
20
-240
30
0
40
1.9999999999999996
210
0
220
-0
230
1
0
CIRCLE
5
1134
100
AcDbEntity
8
0
100
AcDbCircle
10
-220
20
-240
30
0
40
1.9999999999999996
210
0
220
-0
230
1
0
CIRCLE
5
1135
100
AcDbEntity
8
0
100
AcDbCircle
10
-230
20
-240
30
0
40
1.9999999999999996
210
0
220
-0
230
1
0
CIRCLE
5
1136
100
AcDbEntity
8
0
100
AcDbCircle
10
-240
20
-240
30
0
40
1.9999999999999996
210
0
220
-0
230
1
0
CIRCLE
5
1137
100
AcDbEntity
8
0
100
AcDbCircle
10
-250
20
-240
30
0
40
1.9999999999999996
210
0
220
-0
230
1
0
CIRCLE
5
1138
100
AcDbEntity
8
0
100
AcDbCircle
10
-260
20
-240
30
0
40
1.9999999999999996
210
0
220
-0
230
1
0
CIRCLE
5
1139
100
AcDbEntity
8
0
100
AcDbCircle
10
-270
20
-240
30
0
40
1.9999999999999996
210
0
220
-0
230
1
0
CIRCLE
5
1140
100
AcDbEntity
8
0
100
AcDbCircle
10
-280
20
-240
30
0
40
1.9999999999999996
210
0
220
-0
230
1
0
CIRCLE
5
1141
100
AcDbEntity
8
0
100
AcDbCircle
10
-290
20
-240
30
0
40
1.9999999999999996
210
0
220
-0
230
1
0
CIRCLE
5
1142
100
AcDbEntity
8
0
100
AcDbCircle
10
-300
20
-240
30
0
40
1.9999999999999996
210
0
220
-0
230
1
0
CIRCLE
5
1143
100
AcDbEntity
8
0
100
AcDbCircle
10
-310
20
-240
30
0
40
1.9999999999999996
210
0
220
-0
230
1
0
CIRCLE
5
1144
100
AcDbEntity
8
0
100
AcDbCircle
10
-320
20
-240
30
0
40
1.9999999999999996
210
0
220
-0
230
1
0
CIRCLE
5
1145
100
AcDbEntity
8
0
100
AcDbCircle
10
-330
20
-240
30
0
40
1.9999999999999996
210
0
220
-0
230
1
0
CIRCLE
5
1146
100
AcDbEntity
8
0
100
AcDbCircle
10
-340
20
-240
30
0
40
1.9999999999999996
210
0
220
-0
230
1
0
CIRCLE
5
1147
100
AcDbEntity
8
0
100
AcDbCircle
10
-350
20
-240
30
0
40
1.9999999999999996
210
0
220
-0
230
1
0
CIRCLE
5
1148
100
AcDbEntity
8
0
100
AcDbCircle
10
-360
20
-240
30
0
40
1.9999999999999996
210
0
220
-0
230
1
0
CIRCLE
5
1149
100
AcDbEntity
8
0
100
AcDbCircle
10
-370
20
-240
30
0
40
1.9999999999999996
210
0
220
-0
230
1
0
CIRCLE
5
1150
100
AcDbEntity
8
0
100
AcDbCircle
10
-380
20
-240
30
0
40
1.9999999999999996
210
0
220
-0
230
1
0
CIRCLE
5
1151
100
AcDbEntity
8
0
100
AcDbCircle
10
-390
20
-240
30
0
40
1.9999999999999996
210
0
220
-0
230
1
0
CIRCLE
5
1152
100
AcDbEntity
8
0
100
AcDbCircle
10
-400
20
-240
30
0
40
1.9999999999999996
210
0
220
-0
230
1
0
CIRCLE
5
1153
100
AcDbEntity
8
0
100
AcDbCircle
10
-410
20
-240
30
0
40
1.9999999999999996
210
0
220
-0
230
1
0
CIRCLE
5
1154
100
AcDbEntity
8
0
100
AcDbCircle
10
-420
20
-240
30
0
40
1.9999999999999996
210
0
220
-0
230
1
0
CIRCLE
5
1155
100
AcDbEntity
8
0
100
AcDbCircle
10
-430
20
-240
30
0
40
1.9999999999999996
210
0
220
-0
230
1
0
CIRCLE
5
1156
100
AcDbEntity
8
0
100
AcDbCircle
10
-440
20
-240
30
0
40
1.9999999999999996
210
0
220
-0
230
1
0
CIRCLE
5
1157
100
AcDbEntity
8
0
100
AcDbCircle
10
-10
20
-250
30
0
40
1.9999999999999996
210
0
220
-0
230
1
0
CIRCLE
5
1158
100
AcDbEntity
8
0
100
AcDbCircle
10
-20
20
-250
30
0
40
1.9999999999999996
210
0
220
-0
230
1
0
CIRCLE
5
1159
100
AcDbEntity
8
0
100
AcDbCircle
10
-30
20
-250
30
0
40
1.9999999999999996
210
0
220
-0
230
1
0
CIRCLE
5
1160
100
AcDbEntity
8
0
100
AcDbCircle
10
-40
20
-250
30
0
40
1.9999999999999996
210
0
220
-0
230
1
0
CIRCLE
5
1161
100
AcDbEntity
8
0
100
AcDbCircle
10
-50
20
-250
30
0
40
1.9999999999999996
210
0
220
-0
230
1
0
CIRCLE
5
1162
100
AcDbEntity
8
0
100
AcDbCircle
10
-60
20
-250
30
0
40
1.9999999999999996
210
0
220
-0
230
1
0
CIRCLE
5
1163
100
AcDbEntity
8
0
100
AcDbCircle
10
-70
20
-250
30
0
40
1.9999999999999996
210
0
220
-0
230
1
0
CIRCLE
5
1164
100
AcDbEntity
8
0
100
AcDbCircle
10
-80
20
-250
30
0
40
1.9999999999999996
210
0
220
-0
230
1
0
CIRCLE
5
1165
100
AcDbEntity
8
0
100
AcDbCircle
10
-90
20
-250
30
0
40
1.9999999999999996
210
0
220
-0
230
1
0
CIRCLE
5
1166
100
AcDbEntity
8
0
100
AcDbCircle
10
-100
20
-250
30
0
40
1.9999999999999996
210
0
220
-0
230
1
0
CIRCLE
5
1167
100
AcDbEntity
8
0
100
AcDbCircle
10
-110
20
-250
30
0
40
1.9999999999999996
210
0
220
-0
230
1
0
CIRCLE
5
1168
100
AcDbEntity
8
0
100
AcDbCircle
10
-120
20
-250
30
0
40
1.9999999999999996
210
0
220
-0
230
1
0
CIRCLE
5
1169
100
AcDbEntity
8
0
100
AcDbCircle
10
-130
20
-250
30
0
40
1.9999999999999996
210
0
220
-0
230
1
0
CIRCLE
5
1170
100
AcDbEntity
8
0
100
AcDbCircle
10
-140
20
-250
30
0
40
1.9999999999999996
210
0
220
-0
230
1
0
CIRCLE
5
1171
100
AcDbEntity
8
0
100
AcDbCircle
10
-150
20
-250
30
0
40
1.9999999999999996
210
0
220
-0
230
1
0
CIRCLE
5
1172
100
AcDbEntity
8
0
100
AcDbCircle
10
-160
20
-250
30
0
40
1.9999999999999996
210
0
220
-0
230
1
0
CIRCLE
5
1173
100
AcDbEntity
8
0
100
AcDbCircle
10
-170
20
-250
30
0
40
1.9999999999999996
210
0
220
-0
230
1
0
CIRCLE
5
1174
100
AcDbEntity
8
0
100
AcDbCircle
10
-180
20
-250
30
0
40
1.9999999999999996
210
0
220
-0
230
1
0
CIRCLE
5
1175
100
AcDbEntity
8
0
100
AcDbCircle
10
-190
20
-250
30
0
40
1.9999999999999996
210
0
220
-0
230
1
0
CIRCLE
5
1176
100
AcDbEntity
8
0
100
AcDbCircle
10
-200
20
-250
30
0
40
1.9999999999999996
210
0
220
-0
230
1
0
CIRCLE
5
1177
100
AcDbEntity
8
0
100
AcDbCircle
10
-210
20
-250
30
0
40
1.9999999999999996
210
0
220
-0
230
1
0
CIRCLE
5
1178
100
AcDbEntity
8
0
100
AcDbCircle
10
-220
20
-250
30
0
40
1.9999999999999996
210
0
220
-0
230
1
0
CIRCLE
5
1179
100
AcDbEntity
8
0
100
AcDbCircle
10
-230
20
-250
30
0
40
1.9999999999999996
210
0
220
-0
230
1
0
CIRCLE
5
1180
100
AcDbEntity
8
0
100
AcDbCircle
10
-240
20
-250
30
0
40
1.9999999999999996
210
0
220
-0
230
1
0
CIRCLE
5
1181
100
AcDbEntity
8
0
100
AcDbCircle
10
-250
20
-250
30
0
40
1.9999999999999996
210
0
220
-0
230
1
0
CIRCLE
5
1182
100
AcDbEntity
8
0
100
AcDbCircle
10
-260
20
-250
30
0
40
1.9999999999999996
210
0
220
-0
230
1
0
CIRCLE
5
1183
100
AcDbEntity
8
0
100
AcDbCircle
10
-270
20
-250
30
0
40
1.9999999999999996
210
0
220
-0
230
1
0
CIRCLE
5
1184
100
AcDbEntity
8
0
100
AcDbCircle
10
-280
20
-250
30
0
40
1.9999999999999996
210
0
220
-0
230
1
0
CIRCLE
5
1185
100
AcDbEntity
8
0
100
AcDbCircle
10
-290
20
-250
30
0
40
1.9999999999999996
210
0
220
-0
230
1
0
CIRCLE
5
1186
100
AcDbEntity
8
0
100
AcDbCircle
10
-300
20
-250
30
0
40
1.9999999999999996
210
0
220
-0
230
1
0
CIRCLE
5
1187
100
AcDbEntity
8
0
100
AcDbCircle
10
-310
20
-250
30
0
40
1.9999999999999996
210
0
220
-0
230
1
0
CIRCLE
5
1188
100
AcDbEntity
8
0
100
AcDbCircle
10
-320
20
-250
30
0
40
1.9999999999999996
210
0
220
-0
230
1
0
CIRCLE
5
1189
100
AcDbEntity
8
0
100
AcDbCircle
10
-330
20
-250
30
0
40
1.9999999999999996
210
0
220
-0
230
1
0
CIRCLE
5
1190
100
AcDbEntity
8
0
100
AcDbCircle
10
-340
20
-250
30
0
40
1.9999999999999996
210
0
220
-0
230
1
0
CIRCLE
5
1191
100
AcDbEntity
8
0
100
AcDbCircle
10
-350
20
-250
30
0
40
1.9999999999999996
210
0
220
-0
230
1
0
CIRCLE
5
1192
100
AcDbEntity
8
0
100
AcDbCircle
10
-360
20
-250
30
0
40
1.9999999999999996
210
0
220
-0
230
1
0
CIRCLE
5
1193
100
AcDbEntity
8
0
100
AcDbCircle
10
-370
20
-250
30
0
40
1.9999999999999996
210
0
220
-0
230
1
0
CIRCLE
5
1194
100
AcDbEntity
8
0
100
AcDbCircle
10
-380
20
-250
30
0
40
1.9999999999999996
210
0
220
-0
230
1
0
CIRCLE
5
1195
100
AcDbEntity
8
0
100
AcDbCircle
10
-390
20
-250
30
0
40
1.9999999999999996
210
0
220
-0
230
1
0
CIRCLE
5
1196
100
AcDbEntity
8
0
100
AcDbCircle
10
-400
20
-250
30
0
40
1.9999999999999996
210
0
220
-0
230
1
0
CIRCLE
5
1197
100
AcDbEntity
8
0
100
AcDbCircle
10
-410
20
-250
30
0
40
1.9999999999999996
210
0
220
-0
230
1
0
CIRCLE
5
1198
100
AcDbEntity
8
0
100
AcDbCircle
10
-420
20
-250
30
0
40
1.9999999999999996
210
0
220
-0
230
1
0
CIRCLE
5
1199
100
AcDbEntity
8
0
100
AcDbCircle
10
-430
20
-250
30
0
40
1.9999999999999996
210
0
220
-0
230
1
0
CIRCLE
5
1200
100
AcDbEntity
8
0
100
AcDbCircle
10
-440
20
-250
30
0
40
1.9999999999999996
210
0
220
-0
230
1
0
CIRCLE
5
1201
100
AcDbEntity
8
0
100
AcDbCircle
10
-10
20
-260
30
0
40
1.9999999999999996
210
0
220
-0
230
1
0
CIRCLE
5
1202
100
AcDbEntity
8
0
100
AcDbCircle
10
-20
20
-260
30
0
40
1.9999999999999996
210
0
220
-0
230
1
0
CIRCLE
5
1203
100
AcDbEntity
8
0
100
AcDbCircle
10
-30
20
-260
30
0
40
1.9999999999999996
210
0
220
-0
230
1
0
CIRCLE
5
1204
100
AcDbEntity
8
0
100
AcDbCircle
10
-40
20
-260
30
0
40
1.9999999999999996
210
0
220
-0
230
1
0
CIRCLE
5
1205
100
AcDbEntity
8
0
100
AcDbCircle
10
-50
20
-260
30
0
40
1.9999999999999996
210
0
220
-0
230
1
0
CIRCLE
5
1206
100
AcDbEntity
8
0
100
AcDbCircle
10
-60
20
-260
30
0
40
1.9999999999999996
210
0
220
-0
230
1
0
CIRCLE
5
1207
100
AcDbEntity
8
0
100
AcDbCircle
10
-70
20
-260
30
0
40
1.9999999999999996
210
0
220
-0
230
1
0
CIRCLE
5
1208
100
AcDbEntity
8
0
100
AcDbCircle
10
-80
20
-260
30
0
40
1.9999999999999996
210
0
220
-0
230
1
0
CIRCLE
5
1209
100
AcDbEntity
8
0
100
AcDbCircle
10
-90
20
-260
30
0
40
1.9999999999999996
210
0
220
-0
230
1
0
CIRCLE
5
1210
100
AcDbEntity
8
0
100
AcDbCircle
10
-100
20
-260
30
0
40
1.9999999999999996
210
0
220
-0
230
1
0
CIRCLE
5
1211
100
AcDbEntity
8
0
100
AcDbCircle
10
-110
20
-260
30
0
40
1.9999999999999996
210
0
220
-0
230
1
0
CIRCLE
5
1212
100
AcDbEntity
8
0
100
AcDbCircle
10
-120
20
-260
30
0
40
1.9999999999999996
210
0
220
-0
230
1
0
CIRCLE
5
1213
100
AcDbEntity
8
0
100
AcDbCircle
10
-130
20
-260
30
0
40
1.9999999999999996
210
0
220
-0
230
1
0
CIRCLE
5
1214
100
AcDbEntity
8
0
100
AcDbCircle
10
-140
20
-260
30
0
40
1.9999999999999996
210
0
220
-0
230
1
0
CIRCLE
5
1215
100
AcDbEntity
8
0
100
AcDbCircle
10
-150
20
-260
30
0
40
1.9999999999999996
210
0
220
-0
230
1
0
CIRCLE
5
1216
100
AcDbEntity
8
0
100
AcDbCircle
10
-160
20
-260
30
0
40
1.9999999999999996
210
0
220
-0
230
1
0
CIRCLE
5
1217
100
AcDbEntity
8
0
100
AcDbCircle
10
-170
20
-260
30
0
40
1.9999999999999996
210
0
220
-0
230
1
0
CIRCLE
5
1218
100
AcDbEntity
8
0
100
AcDbCircle
10
-180
20
-260
30
0
40
1.9999999999999996
210
0
220
-0
230
1
0
CIRCLE
5
1219
100
AcDbEntity
8
0
100
AcDbCircle
10
-190
20
-260
30
0
40
1.9999999999999996
210
0
220
-0
230
1
0
CIRCLE
5
1220
100
AcDbEntity
8
0
100
AcDbCircle
10
-200
20
-260
30
0
40
1.9999999999999996
210
0
220
-0
230
1
0
CIRCLE
5
1221
100
AcDbEntity
8
0
100
AcDbCircle
10
-210
20
-260
30
0
40
1.9999999999999996
210
0
220
-0
230
1
0
CIRCLE
5
1222
100
AcDbEntity
8
0
100
AcDbCircle
10
-220
20
-260
30
0
40
1.9999999999999996
210
0
220
-0
230
1
0
CIRCLE
5
1223
100
AcDbEntity
8
0
100
AcDbCircle
10
-230
20
-260
30
0
40
1.9999999999999996
210
0
220
-0
230
1
0
CIRCLE
5
1224
100
AcDbEntity
8
0
100
AcDbCircle
10
-240
20
-260
30
0
40
1.9999999999999996
210
0
220
-0
230
1
0
CIRCLE
5
1225
100
AcDbEntity
8
0
100
AcDbCircle
10
-250
20
-260
30
0
40
1.9999999999999996
210
0
220
-0
230
1
0
CIRCLE
5
1226
100
AcDbEntity
8
0
100
AcDbCircle
10
-260
20
-260
30
0
40
1.9999999999999996
210
0
220
-0
230
1
0
CIRCLE
5
1227
100
AcDbEntity
8
0
100
AcDbCircle
10
-270
20
-260
30
0
40
1.9999999999999996
210
0
220
-0
230
1
0
CIRCLE
5
1228
100
AcDbEntity
8
0
100
AcDbCircle
10
-280
20
-260
30
0
40
1.9999999999999996
210
0
220
-0
230
1
0
CIRCLE
5
1229
100
AcDbEntity
8
0
100
AcDbCircle
10
-290
20
-260
30
0
40
1.9999999999999996
210
0
220
-0
230
1
0
CIRCLE
5
1230
100
AcDbEntity
8
0
100
AcDbCircle
10
-300
20
-260
30
0
40
1.9999999999999996
210
0
220
-0
230
1
0
CIRCLE
5
1231
100
AcDbEntity
8
0
100
AcDbCircle
10
-310
20
-260
30
0
40
1.9999999999999996
210
0
220
-0
230
1
0
CIRCLE
5
1232
100
AcDbEntity
8
0
100
AcDbCircle
10
-320
20
-260
30
0
40
1.9999999999999996
210
0
220
-0
230
1
0
CIRCLE
5
1233
100
AcDbEntity
8
0
100
AcDbCircle
10
-330
20
-260
30
0
40
1.9999999999999996
210
0
220
-0
230
1
0
CIRCLE
5
1234
100
AcDbEntity
8
0
100
AcDbCircle
10
-340
20
-260
30
0
40
1.9999999999999996
210
0
220
-0
230
1
0
CIRCLE
5
1235
100
AcDbEntity
8
0
100
AcDbCircle
10
-350
20
-260
30
0
40
1.9999999999999996
210
0
220
-0
230
1
0
CIRCLE
5
1236
100
AcDbEntity
8
0
100
AcDbCircle
10
-360
20
-260
30
0
40
1.9999999999999996
210
0
220
-0
230
1
0
CIRCLE
5
1237
100
AcDbEntity
8
0
100
AcDbCircle
10
-370
20
-260
30
0
40
1.9999999999999996
210
0
220
-0
230
1
0
CIRCLE
5
1238
100
AcDbEntity
8
0
100
AcDbCircle
10
-380
20
-260
30
0
40
1.9999999999999996
210
0
220
-0
230
1
0
CIRCLE
5
1239
100
AcDbEntity
8
0
100
AcDbCircle
10
-390
20
-260
30
0
40
1.9999999999999996
210
0
220
-0
230
1
0
CIRCLE
5
1240
100
AcDbEntity
8
0
100
AcDbCircle
10
-400
20
-260
30
0
40
1.9999999999999996
210
0
220
-0
230
1
0
CIRCLE
5
1241
100
AcDbEntity
8
0
100
AcDbCircle
10
-410
20
-260
30
0
40
1.9999999999999996
210
0
220
-0
230
1
0
CIRCLE
5
1242
100
AcDbEntity
8
0
100
AcDbCircle
10
-420
20
-260
30
0
40
1.9999999999999996
210
0
220
-0
230
1
0
CIRCLE
5
1243
100
AcDbEntity
8
0
100
AcDbCircle
10
-430
20
-260
30
0
40
1.9999999999999996
210
0
220
-0
230
1
0
CIRCLE
5
1244
100
AcDbEntity
8
0
100
AcDbCircle
10
-440
20
-260
30
0
40
1.9999999999999996
210
0
220
-0
230
1
0
CIRCLE
5
1245
100
AcDbEntity
8
0
100
AcDbCircle
10
-10
20
-270
30
0
40
1.9999999999999996
210
0
220
-0
230
1
0
CIRCLE
5
1246
100
AcDbEntity
8
0
100
AcDbCircle
10
-20
20
-270
30
0
40
1.9999999999999996
210
0
220
-0
230
1
0
CIRCLE
5
1247
100
AcDbEntity
8
0
100
AcDbCircle
10
-30
20
-270
30
0
40
1.9999999999999996
210
0
220
-0
230
1
0
CIRCLE
5
1248
100
AcDbEntity
8
0
100
AcDbCircle
10
-40
20
-270
30
0
40
1.9999999999999996
210
0
220
-0
230
1
0
CIRCLE
5
1249
100
AcDbEntity
8
0
100
AcDbCircle
10
-50
20
-270
30
0
40
1.9999999999999996
210
0
220
-0
230
1
0
CIRCLE
5
1250
100
AcDbEntity
8
0
100
AcDbCircle
10
-60
20
-270
30
0
40
1.9999999999999996
210
0
220
-0
230
1
0
CIRCLE
5
1251
100
AcDbEntity
8
0
100
AcDbCircle
10
-70
20
-270
30
0
40
1.9999999999999996
210
0
220
-0
230
1
0
CIRCLE
5
1252
100
AcDbEntity
8
0
100
AcDbCircle
10
-80
20
-270
30
0
40
1.9999999999999996
210
0
220
-0
230
1
0
CIRCLE
5
1253
100
AcDbEntity
8
0
100
AcDbCircle
10
-90
20
-270
30
0
40
1.9999999999999996
210
0
220
-0
230
1
0
CIRCLE
5
1254
100
AcDbEntity
8
0
100
AcDbCircle
10
-100
20
-270
30
0
40
1.9999999999999996
210
0
220
-0
230
1
0
CIRCLE
5
1255
100
AcDbEntity
8
0
100
AcDbCircle
10
-110
20
-270
30
0
40
1.9999999999999996
210
0
220
-0
230
1
0
CIRCLE
5
1256
100
AcDbEntity
8
0
100
AcDbCircle
10
-120
20
-270
30
0
40
1.9999999999999996
210
0
220
-0
230
1
0
CIRCLE
5
1257
100
AcDbEntity
8
0
100
AcDbCircle
10
-130
20
-270
30
0
40
1.9999999999999996
210
0
220
-0
230
1
0
CIRCLE
5
1258
100
AcDbEntity
8
0
100
AcDbCircle
10
-140
20
-270
30
0
40
1.9999999999999996
210
0
220
-0
230
1
0
CIRCLE
5
1259
100
AcDbEntity
8
0
100
AcDbCircle
10
-150
20
-270
30
0
40
1.9999999999999996
210
0
220
-0
230
1
0
CIRCLE
5
1260
100
AcDbEntity
8
0
100
AcDbCircle
10
-160
20
-270
30
0
40
1.9999999999999996
210
0
220
-0
230
1
0
CIRCLE
5
1261
100
AcDbEntity
8
0
100
AcDbCircle
10
-170
20
-270
30
0
40
1.9999999999999996
210
0
220
-0
230
1
0
CIRCLE
5
1262
100
AcDbEntity
8
0
100
AcDbCircle
10
-180
20
-270
30
0
40
1.9999999999999996
210
0
220
-0
230
1
0
CIRCLE
5
1263
100
AcDbEntity
8
0
100
AcDbCircle
10
-190
20
-270
30
0
40
1.9999999999999996
210
0
220
-0
230
1
0
CIRCLE
5
1264
100
AcDbEntity
8
0
100
AcDbCircle
10
-200
20
-270
30
0
40
1.9999999999999996
210
0
220
-0
230
1
0
CIRCLE
5
1265
100
AcDbEntity
8
0
100
AcDbCircle
10
-210
20
-270
30
0
40
1.9999999999999996
210
0
220
-0
230
1
0
CIRCLE
5
1266
100
AcDbEntity
8
0
100
AcDbCircle
10
-220
20
-270
30
0
40
1.9999999999999996
210
0
220
-0
230
1
0
CIRCLE
5
1267
100
AcDbEntity
8
0
100
AcDbCircle
10
-230
20
-270
30
0
40
1.9999999999999996
210
0
220
-0
230
1
0
CIRCLE
5
1268
100
AcDbEntity
8
0
100
AcDbCircle
10
-240
20
-270
30
0
40
1.9999999999999996
210
0
220
-0
230
1
0
CIRCLE
5
1269
100
AcDbEntity
8
0
100
AcDbCircle
10
-250
20
-270
30
0
40
1.9999999999999996
210
0
220
-0
230
1
0
CIRCLE
5
1270
100
AcDbEntity
8
0
100
AcDbCircle
10
-260
20
-270
30
0
40
1.9999999999999996
210
0
220
-0
230
1
0
CIRCLE
5
1271
100
AcDbEntity
8
0
100
AcDbCircle
10
-270
20
-270
30
0
40
1.9999999999999996
210
0
220
-0
230
1
0
CIRCLE
5
1272
100
AcDbEntity
8
0
100
AcDbCircle
10
-280
20
-270
30
0
40
1.9999999999999996
210
0
220
-0
230
1
0
CIRCLE
5
1273
100
AcDbEntity
8
0
100
AcDbCircle
10
-290
20
-270
30
0
40
1.9999999999999996
210
0
220
-0
230
1
0
CIRCLE
5
1274
100
AcDbEntity
8
0
100
AcDbCircle
10
-300
20
-270
30
0
40
1.9999999999999996
210
0
220
-0
230
1
0
CIRCLE
5
1275
100
AcDbEntity
8
0
100
AcDbCircle
10
-310
20
-270
30
0
40
1.9999999999999996
210
0
220
-0
230
1
0
CIRCLE
5
1276
100
AcDbEntity
8
0
100
AcDbCircle
10
-320
20
-270
30
0
40
1.9999999999999996
210
0
220
-0
230
1
0
CIRCLE
5
1277
100
AcDbEntity
8
0
100
AcDbCircle
10
-330
20
-270
30
0
40
1.9999999999999996
210
0
220
-0
230
1
0
CIRCLE
5
1278
100
AcDbEntity
8
0
100
AcDbCircle
10
-340
20
-270
30
0
40
1.9999999999999996
210
0
220
-0
230
1
0
CIRCLE
5
1279
100
AcDbEntity
8
0
100
AcDbCircle
10
-350
20
-270
30
0
40
1.9999999999999996
210
0
220
-0
230
1
0
CIRCLE
5
1280
100
AcDbEntity
8
0
100
AcDbCircle
10
-360
20
-270
30
0
40
1.9999999999999996
210
0
220
-0
230
1
0
CIRCLE
5
1281
100
AcDbEntity
8
0
100
AcDbCircle
10
-370
20
-270
30
0
40
1.9999999999999996
210
0
220
-0
230
1
0
CIRCLE
5
1282
100
AcDbEntity
8
0
100
AcDbCircle
10
-380
20
-270
30
0
40
1.9999999999999996
210
0
220
-0
230
1
0
CIRCLE
5
1283
100
AcDbEntity
8
0
100
AcDbCircle
10
-390
20
-270
30
0
40
1.9999999999999996
210
0
220
-0
230
1
0
CIRCLE
5
1284
100
AcDbEntity
8
0
100
AcDbCircle
10
-400
20
-270
30
0
40
1.9999999999999996
210
0
220
-0
230
1
0
CIRCLE
5
1285
100
AcDbEntity
8
0
100
AcDbCircle
10
-410
20
-270
30
0
40
1.9999999999999996
210
0
220
-0
230
1
0
CIRCLE
5
1286
100
AcDbEntity
8
0
100
AcDbCircle
10
-420
20
-270
30
0
40
1.9999999999999996
210
0
220
-0
230
1
0
CIRCLE
5
1287
100
AcDbEntity
8
0
100
AcDbCircle
10
-430
20
-270
30
0
40
1.9999999999999996
210
0
220
-0
230
1
0
CIRCLE
5
1288
100
AcDbEntity
8
0
100
AcDbCircle
10
-440
20
-270
30
0
40
1.9999999999999996
210
0
220
-0
230
1
0
CIRCLE
5
1289
100
AcDbEntity
8
0
100
AcDbCircle
10
-10
20
-280
30
0
40
1.9999999999999996
210
0
220
-0
230
1
0
CIRCLE
5
1290
100
AcDbEntity
8
0
100
AcDbCircle
10
-20
20
-280
30
0
40
1.9999999999999996
210
0
220
-0
230
1
0
CIRCLE
5
1291
100
AcDbEntity
8
0
100
AcDbCircle
10
-30
20
-280
30
0
40
1.9999999999999996
210
0
220
-0
230
1
0
CIRCLE
5
1292
100
AcDbEntity
8
0
100
AcDbCircle
10
-40
20
-280
30
0
40
1.9999999999999996
210
0
220
-0
230
1
0
CIRCLE
5
1293
100
AcDbEntity
8
0
100
AcDbCircle
10
-50
20
-280
30
0
40
1.9999999999999996
210
0
220
-0
230
1
0
CIRCLE
5
1294
100
AcDbEntity
8
0
100
AcDbCircle
10
-60
20
-280
30
0
40
1.9999999999999996
210
0
220
-0
230
1
0
CIRCLE
5
1295
100
AcDbEntity
8
0
100
AcDbCircle
10
-70
20
-280
30
0
40
1.9999999999999996
210
0
220
-0
230
1
0
CIRCLE
5
1296
100
AcDbEntity
8
0
100
AcDbCircle
10
-80
20
-280
30
0
40
1.9999999999999996
210
0
220
-0
230
1
0
CIRCLE
5
1297
100
AcDbEntity
8
0
100
AcDbCircle
10
-90
20
-280
30
0
40
1.9999999999999996
210
0
220
-0
230
1
0
CIRCLE
5
1298
100
AcDbEntity
8
0
100
AcDbCircle
10
-100
20
-280
30
0
40
1.9999999999999996
210
0
220
-0
230
1
0
CIRCLE
5
1299
100
AcDbEntity
8
0
100
AcDbCircle
10
-110
20
-280
30
0
40
1.9999999999999996
210
0
220
-0
230
1
0
CIRCLE
5
1300
100
AcDbEntity
8
0
100
AcDbCircle
10
-120
20
-280
30
0
40
1.9999999999999996
210
0
220
-0
230
1
0
CIRCLE
5
1301
100
AcDbEntity
8
0
100
AcDbCircle
10
-130
20
-280
30
0
40
1.9999999999999996
210
0
220
-0
230
1
0
CIRCLE
5
1302
100
AcDbEntity
8
0
100
AcDbCircle
10
-140
20
-280
30
0
40
1.9999999999999996
210
0
220
-0
230
1
0
CIRCLE
5
1303
100
AcDbEntity
8
0
100
AcDbCircle
10
-150
20
-280
30
0
40
1.9999999999999996
210
0
220
-0
230
1
0
CIRCLE
5
1304
100
AcDbEntity
8
0
100
AcDbCircle
10
-160
20
-280
30
0
40
1.9999999999999996
210
0
220
-0
230
1
0
CIRCLE
5
1305
100
AcDbEntity
8
0
100
AcDbCircle
10
-170
20
-280
30
0
40
1.9999999999999996
210
0
220
-0
230
1
0
CIRCLE
5
1306
100
AcDbEntity
8
0
100
AcDbCircle
10
-180
20
-280
30
0
40
1.9999999999999996
210
0
220
-0
230
1
0
CIRCLE
5
1307
100
AcDbEntity
8
0
100
AcDbCircle
10
-190
20
-280
30
0
40
1.9999999999999996
210
0
220
-0
230
1
0
CIRCLE
5
1308
100
AcDbEntity
8
0
100
AcDbCircle
10
-200
20
-280
30
0
40
1.9999999999999996
210
0
220
-0
230
1
0
CIRCLE
5
1309
100
AcDbEntity
8
0
100
AcDbCircle
10
-210
20
-280
30
0
40
1.9999999999999996
210
0
220
-0
230
1
0
CIRCLE
5
1310
100
AcDbEntity
8
0
100
AcDbCircle
10
-220
20
-280
30
0
40
1.9999999999999996
210
0
220
-0
230
1
0
CIRCLE
5
1311
100
AcDbEntity
8
0
100
AcDbCircle
10
-230
20
-280
30
0
40
1.9999999999999996
210
0
220
-0
230
1
0
CIRCLE
5
1312
100
AcDbEntity
8
0
100
AcDbCircle
10
-240
20
-280
30
0
40
1.9999999999999996
210
0
220
-0
230
1
0
CIRCLE
5
1313
100
AcDbEntity
8
0
100
AcDbCircle
10
-250
20
-280
30
0
40
1.9999999999999996
210
0
220
-0
230
1
0
CIRCLE
5
1314
100
AcDbEntity
8
0
100
AcDbCircle
10
-260
20
-280
30
0
40
1.9999999999999996
210
0
220
-0
230
1
0
CIRCLE
5
1315
100
AcDbEntity
8
0
100
AcDbCircle
10
-270
20
-280
30
0
40
1.9999999999999996
210
0
220
-0
230
1
0
CIRCLE
5
1316
100
AcDbEntity
8
0
100
AcDbCircle
10
-280
20
-280
30
0
40
1.9999999999999996
210
0
220
-0
230
1
0
CIRCLE
5
1317
100
AcDbEntity
8
0
100
AcDbCircle
10
-290
20
-280
30
0
40
1.9999999999999996
210
0
220
-0
230
1
0
CIRCLE
5
1318
100
AcDbEntity
8
0
100
AcDbCircle
10
-300
20
-280
30
0
40
1.9999999999999996
210
0
220
-0
230
1
0
CIRCLE
5
1319
100
AcDbEntity
8
0
100
AcDbCircle
10
-310
20
-280
30
0
40
1.9999999999999996
210
0
220
-0
230
1
0
CIRCLE
5
1320
100
AcDbEntity
8
0
100
AcDbCircle
10
-320
20
-280
30
0
40
1.9999999999999996
210
0
220
-0
230
1
0
CIRCLE
5
1321
100
AcDbEntity
8
0
100
AcDbCircle
10
-330
20
-280
30
0
40
1.9999999999999996
210
0
220
-0
230
1
0
CIRCLE
5
1322
100
AcDbEntity
8
0
100
AcDbCircle
10
-340
20
-280
30
0
40
1.9999999999999996
210
0
220
-0
230
1
0
CIRCLE
5
1323
100
AcDbEntity
8
0
100
AcDbCircle
10
-350
20
-280
30
0
40
1.9999999999999996
210
0
220
-0
230
1
0
CIRCLE
5
1324
100
AcDbEntity
8
0
100
AcDbCircle
10
-360
20
-280
30
0
40
1.9999999999999996
210
0
220
-0
230
1
0
CIRCLE
5
1325
100
AcDbEntity
8
0
100
AcDbCircle
10
-370
20
-280
30
0
40
1.9999999999999996
210
0
220
-0
230
1
0
CIRCLE
5
1326
100
AcDbEntity
8
0
100
AcDbCircle
10
-380
20
-280
30
0
40
1.9999999999999996
210
0
220
-0
230
1
0
CIRCLE
5
1327
100
AcDbEntity
8
0
100
AcDbCircle
10
-390
20
-280
30
0
40
1.9999999999999996
210
0
220
-0
230
1
0
CIRCLE
5
1328
100
AcDbEntity
8
0
100
AcDbCircle
10
-400
20
-280
30
0
40
1.9999999999999996
210
0
220
-0
230
1
0
CIRCLE
5
1329
100
AcDbEntity
8
0
100
AcDbCircle
10
-410
20
-280
30
0
40
1.9999999999999996
210
0
220
-0
230
1
0
CIRCLE
5
1330
100
AcDbEntity
8
0
100
AcDbCircle
10
-420
20
-280
30
0
40
1.9999999999999996
210
0
220
-0
230
1
0
CIRCLE
5
1331
100
AcDbEntity
8
0
100
AcDbCircle
10
-430
20
-280
30
0
40
1.9999999999999996
210
0
220
-0
230
1
0
CIRCLE
5
1332
100
AcDbEntity
8
0
100
AcDbCircle
10
-440
20
-280
30
0
40
1.9999999999999996
210
0
220
-0
230
1
0
CIRCLE
5
1333
100
AcDbEntity
8
0
100
AcDbCircle
10
-10
20
-290
30
0
40
1.9999999999999996
210
0
220
-0
230
1
0
CIRCLE
5
1334
100
AcDbEntity
8
0
100
AcDbCircle
10
-20
20
-290
30
0
40
1.9999999999999996
210
0
220
-0
230
1
0
CIRCLE
5
1335
100
AcDbEntity
8
0
100
AcDbCircle
10
-30
20
-290
30
0
40
1.9999999999999996
210
0
220
-0
230
1
0
CIRCLE
5
1336
100
AcDbEntity
8
0
100
AcDbCircle
10
-40
20
-290
30
0
40
1.9999999999999996
210
0
220
-0
230
1
0
CIRCLE
5
1337
100
AcDbEntity
8
0
100
AcDbCircle
10
-50
20
-290
30
0
40
1.9999999999999996
210
0
220
-0
230
1
0
CIRCLE
5
1338
100
AcDbEntity
8
0
100
AcDbCircle
10
-60
20
-290
30
0
40
1.9999999999999996
210
0
220
-0
230
1
0
CIRCLE
5
1339
100
AcDbEntity
8
0
100
AcDbCircle
10
-70
20
-290
30
0
40
1.9999999999999996
210
0
220
-0
230
1
0
CIRCLE
5
1340
100
AcDbEntity
8
0
100
AcDbCircle
10
-80
20
-290
30
0
40
1.9999999999999996
210
0
220
-0
230
1
0
CIRCLE
5
1341
100
AcDbEntity
8
0
100
AcDbCircle
10
-90
20
-290
30
0
40
1.9999999999999996
210
0
220
-0
230
1
0
CIRCLE
5
1342
100
AcDbEntity
8
0
100
AcDbCircle
10
-100
20
-290
30
0
40
1.9999999999999996
210
0
220
-0
230
1
0
CIRCLE
5
1343
100
AcDbEntity
8
0
100
AcDbCircle
10
-110
20
-290
30
0
40
1.9999999999999996
210
0
220
-0
230
1
0
CIRCLE
5
1344
100
AcDbEntity
8
0
100
AcDbCircle
10
-120
20
-290
30
0
40
1.9999999999999996
210
0
220
-0
230
1
0
CIRCLE
5
1345
100
AcDbEntity
8
0
100
AcDbCircle
10
-130
20
-290
30
0
40
1.9999999999999996
210
0
220
-0
230
1
0
CIRCLE
5
1346
100
AcDbEntity
8
0
100
AcDbCircle
10
-140
20
-290
30
0
40
1.9999999999999996
210
0
220
-0
230
1
0
CIRCLE
5
1347
100
AcDbEntity
8
0
100
AcDbCircle
10
-150
20
-290
30
0
40
1.9999999999999996
210
0
220
-0
230
1
0
CIRCLE
5
1348
100
AcDbEntity
8
0
100
AcDbCircle
10
-160
20
-290
30
0
40
1.9999999999999996
210
0
220
-0
230
1
0
CIRCLE
5
1349
100
AcDbEntity
8
0
100
AcDbCircle
10
-170
20
-290
30
0
40
1.9999999999999996
210
0
220
-0
230
1
0
CIRCLE
5
1350
100
AcDbEntity
8
0
100
AcDbCircle
10
-180
20
-290
30
0
40
1.9999999999999996
210
0
220
-0
230
1
0
CIRCLE
5
1351
100
AcDbEntity
8
0
100
AcDbCircle
10
-190
20
-290
30
0
40
1.9999999999999996
210
0
220
-0
230
1
0
CIRCLE
5
1352
100
AcDbEntity
8
0
100
AcDbCircle
10
-200
20
-290
30
0
40
1.9999999999999996
210
0
220
-0
230
1
0
CIRCLE
5
1353
100
AcDbEntity
8
0
100
AcDbCircle
10
-210
20
-290
30
0
40
1.9999999999999996
210
0
220
-0
230
1
0
CIRCLE
5
1354
100
AcDbEntity
8
0
100
AcDbCircle
10
-220
20
-290
30
0
40
1.9999999999999996
210
0
220
-0
230
1
0
CIRCLE
5
1355
100
AcDbEntity
8
0
100
AcDbCircle
10
-230
20
-290
30
0
40
1.9999999999999996
210
0
220
-0
230
1
0
CIRCLE
5
1356
100
AcDbEntity
8
0
100
AcDbCircle
10
-240
20
-290
30
0
40
1.9999999999999996
210
0
220
-0
230
1
0
CIRCLE
5
1357
100
AcDbEntity
8
0
100
AcDbCircle
10
-250
20
-290
30
0
40
1.9999999999999996
210
0
220
-0
230
1
0
CIRCLE
5
1358
100
AcDbEntity
8
0
100
AcDbCircle
10
-260
20
-290
30
0
40
1.9999999999999996
210
0
220
-0
230
1
0
CIRCLE
5
1359
100
AcDbEntity
8
0
100
AcDbCircle
10
-270
20
-290
30
0
40
1.9999999999999996
210
0
220
-0
230
1
0
CIRCLE
5
1360
100
AcDbEntity
8
0
100
AcDbCircle
10
-280
20
-290
30
0
40
1.9999999999999996
210
0
220
-0
230
1
0
CIRCLE
5
1361
100
AcDbEntity
8
0
100
AcDbCircle
10
-290
20
-290
30
0
40
1.9999999999999996
210
0
220
-0
230
1
0
CIRCLE
5
1362
100
AcDbEntity
8
0
100
AcDbCircle
10
-300
20
-290
30
0
40
1.9999999999999996
210
0
220
-0
230
1
0
CIRCLE
5
1363
100
AcDbEntity
8
0
100
AcDbCircle
10
-310
20
-290
30
0
40
1.9999999999999996
210
0
220
-0
230
1
0
CIRCLE
5
1364
100
AcDbEntity
8
0
100
AcDbCircle
10
-320
20
-290
30
0
40
1.9999999999999996
210
0
220
-0
230
1
0
CIRCLE
5
1365
100
AcDbEntity
8
0
100
AcDbCircle
10
-330
20
-290
30
0
40
1.9999999999999996
210
0
220
-0
230
1
0
CIRCLE
5
1366
100
AcDbEntity
8
0
100
AcDbCircle
10
-340
20
-290
30
0
40
1.9999999999999996
210
0
220
-0
230
1
0
CIRCLE
5
1367
100
AcDbEntity
8
0
100
AcDbCircle
10
-350
20
-290
30
0
40
1.9999999999999996
210
0
220
-0
230
1
0
CIRCLE
5
1368
100
AcDbEntity
8
0
100
AcDbCircle
10
-360
20
-290
30
0
40
1.9999999999999996
210
0
220
-0
230
1
0
CIRCLE
5
1369
100
AcDbEntity
8
0
100
AcDbCircle
10
-370
20
-290
30
0
40
1.9999999999999996
210
0
220
-0
230
1
0
CIRCLE
5
1370
100
AcDbEntity
8
0
100
AcDbCircle
10
-380
20
-290
30
0
40
1.9999999999999996
210
0
220
-0
230
1
0
CIRCLE
5
1371
100
AcDbEntity
8
0
100
AcDbCircle
10
-390
20
-290
30
0
40
1.9999999999999996
210
0
220
-0
230
1
0
CIRCLE
5
1372
100
AcDbEntity
8
0
100
AcDbCircle
10
-400
20
-290
30
0
40
1.9999999999999996
210
0
220
-0
230
1
0
CIRCLE
5
1373
100
AcDbEntity
8
0
100
AcDbCircle
10
-410
20
-290
30
0
40
1.9999999999999996
210
0
220
-0
230
1
0
CIRCLE
5
1374
100
AcDbEntity
8
0
100
AcDbCircle
10
-420
20
-290
30
0
40
1.9999999999999996
210
0
220
-0
230
1
0
CIRCLE
5
1375
100
AcDbEntity
8
0
100
AcDbCircle
10
-430
20
-290
30
0
40
1.9999999999999996
210
0
220
-0
230
1
0
CIRCLE
5
1376
100
AcDbEntity
8
0
100
AcDbCircle
10
-440
20
-290
30
0
40
1.9999999999999996
210
0
220
-0
230
1
0
CIRCLE
5
1377
100
AcDbEntity
8
0
100
AcDbCircle
10
-10
20
-300
30
0
40
1.9999999999999996
210
0
220
-0
230
1
0
CIRCLE
5
1378
100
AcDbEntity
8
0
100
AcDbCircle
10
-20
20
-300
30
0
40
1.9999999999999996
210
0
220
-0
230
1
0
CIRCLE
5
1379
100
AcDbEntity
8
0
100
AcDbCircle
10
-30
20
-300
30
0
40
1.9999999999999996
210
0
220
-0
230
1
0
CIRCLE
5
1380
100
AcDbEntity
8
0
100
AcDbCircle
10
-40
20
-300
30
0
40
1.9999999999999996
210
0
220
-0
230
1
0
CIRCLE
5
1381
100
AcDbEntity
8
0
100
AcDbCircle
10
-50
20
-300
30
0
40
1.9999999999999996
210
0
220
-0
230
1
0
CIRCLE
5
1382
100
AcDbEntity
8
0
100
AcDbCircle
10
-60
20
-300
30
0
40
1.9999999999999996
210
0
220
-0
230
1
0
CIRCLE
5
1383
100
AcDbEntity
8
0
100
AcDbCircle
10
-70
20
-300
30
0
40
1.9999999999999996
210
0
220
-0
230
1
0
CIRCLE
5
1384
100
AcDbEntity
8
0
100
AcDbCircle
10
-80
20
-300
30
0
40
1.9999999999999996
210
0
220
-0
230
1
0
CIRCLE
5
1385
100
AcDbEntity
8
0
100
AcDbCircle
10
-90
20
-300
30
0
40
1.9999999999999996
210
0
220
-0
230
1
0
CIRCLE
5
1386
100
AcDbEntity
8
0
100
AcDbCircle
10
-100
20
-300
30
0
40
1.9999999999999996
210
0
220
-0
230
1
0
CIRCLE
5
1387
100
AcDbEntity
8
0
100
AcDbCircle
10
-110
20
-300
30
0
40
1.9999999999999996
210
0
220
-0
230
1
0
CIRCLE
5
1388
100
AcDbEntity
8
0
100
AcDbCircle
10
-120
20
-300
30
0
40
1.9999999999999996
210
0
220
-0
230
1
0
CIRCLE
5
1389
100
AcDbEntity
8
0
100
AcDbCircle
10
-130
20
-300
30
0
40
1.9999999999999996
210
0
220
-0
230
1
0
CIRCLE
5
1390
100
AcDbEntity
8
0
100
AcDbCircle
10
-140
20
-300
30
0
40
1.9999999999999996
210
0
220
-0
230
1
0
CIRCLE
5
1391
100
AcDbEntity
8
0
100
AcDbCircle
10
-150
20
-300
30
0
40
1.9999999999999996
210
0
220
-0
230
1
0
CIRCLE
5
1392
100
AcDbEntity
8
0
100
AcDbCircle
10
-160
20
-300
30
0
40
1.9999999999999996
210
0
220
-0
230
1
0
CIRCLE
5
1393
100
AcDbEntity
8
0
100
AcDbCircle
10
-170
20
-300
30
0
40
1.9999999999999996
210
0
220
-0
230
1
0
CIRCLE
5
1394
100
AcDbEntity
8
0
100
AcDbCircle
10
-180
20
-300
30
0
40
1.9999999999999996
210
0
220
-0
230
1
0
CIRCLE
5
1395
100
AcDbEntity
8
0
100
AcDbCircle
10
-190
20
-300
30
0
40
1.9999999999999996
210
0
220
-0
230
1
0
CIRCLE
5
1396
100
AcDbEntity
8
0
100
AcDbCircle
10
-200
20
-300
30
0
40
1.9999999999999996
210
0
220
-0
230
1
0
CIRCLE
5
1397
100
AcDbEntity
8
0
100
AcDbCircle
10
-210
20
-300
30
0
40
1.9999999999999996
210
0
220
-0
230
1
0
CIRCLE
5
1398
100
AcDbEntity
8
0
100
AcDbCircle
10
-220
20
-300
30
0
40
1.9999999999999996
210
0
220
-0
230
1
0
CIRCLE
5
1399
100
AcDbEntity
8
0
100
AcDbCircle
10
-230
20
-300
30
0
40
1.9999999999999996
210
0
220
-0
230
1
0
CIRCLE
5
1400
100
AcDbEntity
8
0
100
AcDbCircle
10
-240
20
-300
30
0
40
1.9999999999999996
210
0
220
-0
230
1
0
CIRCLE
5
1401
100
AcDbEntity
8
0
100
AcDbCircle
10
-250
20
-300
30
0
40
1.9999999999999996
210
0
220
-0
230
1
0
CIRCLE
5
1402
100
AcDbEntity
8
0
100
AcDbCircle
10
-260
20
-300
30
0
40
1.9999999999999996
210
0
220
-0
230
1
0
CIRCLE
5
1403
100
AcDbEntity
8
0
100
AcDbCircle
10
-270
20
-300
30
0
40
1.9999999999999996
210
0
220
-0
230
1
0
CIRCLE
5
1404
100
AcDbEntity
8
0
100
AcDbCircle
10
-280
20
-300
30
0
40
1.9999999999999996
210
0
220
-0
230
1
0
CIRCLE
5
1405
100
AcDbEntity
8
0
100
AcDbCircle
10
-290
20
-300
30
0
40
1.9999999999999996
210
0
220
-0
230
1
0
CIRCLE
5
1406
100
AcDbEntity
8
0
100
AcDbCircle
10
-300
20
-300
30
0
40
1.9999999999999996
210
0
220
-0
230
1
0
CIRCLE
5
1407
100
AcDbEntity
8
0
100
AcDbCircle
10
-310
20
-300
30
0
40
1.9999999999999996
210
0
220
-0
230
1
0
CIRCLE
5
1408
100
AcDbEntity
8
0
100
AcDbCircle
10
-320
20
-300
30
0
40
1.9999999999999996
210
0
220
-0
230
1
0
CIRCLE
5
1409
100
AcDbEntity
8
0
100
AcDbCircle
10
-330
20
-300
30
0
40
1.9999999999999996
210
0
220
-0
230
1
0
CIRCLE
5
1410
100
AcDbEntity
8
0
100
AcDbCircle
10
-340
20
-300
30
0
40
1.9999999999999996
210
0
220
-0
230
1
0
CIRCLE
5
1411
100
AcDbEntity
8
0
100
AcDbCircle
10
-350
20
-300
30
0
40
1.9999999999999996
210
0
220
-0
230
1
0
CIRCLE
5
1412
100
AcDbEntity
8
0
100
AcDbCircle
10
-360
20
-300
30
0
40
1.9999999999999996
210
0
220
-0
230
1
0
CIRCLE
5
1413
100
AcDbEntity
8
0
100
AcDbCircle
10
-370
20
-300
30
0
40
1.9999999999999996
210
0
220
-0
230
1
0
CIRCLE
5
1414
100
AcDbEntity
8
0
100
AcDbCircle
10
-380
20
-300
30
0
40
1.9999999999999996
210
0
220
-0
230
1
0
CIRCLE
5
1415
100
AcDbEntity
8
0
100
AcDbCircle
10
-390
20
-300
30
0
40
1.9999999999999996
210
0
220
-0
230
1
0
CIRCLE
5
1416
100
AcDbEntity
8
0
100
AcDbCircle
10
-400
20
-300
30
0
40
1.9999999999999996
210
0
220
-0
230
1
0
CIRCLE
5
1417
100
AcDbEntity
8
0
100
AcDbCircle
10
-410
20
-300
30
0
40
1.9999999999999996
210
0
220
-0
230
1
0
CIRCLE
5
1418
100
AcDbEntity
8
0
100
AcDbCircle
10
-420
20
-300
30
0
40
1.9999999999999996
210
0
220
-0
230
1
0
CIRCLE
5
1419
100
AcDbEntity
8
0
100
AcDbCircle
10
-430
20
-300
30
0
40
1.9999999999999996
210
0
220
-0
230
1
0
CIRCLE
5
1420
100
AcDbEntity
8
0
100
AcDbCircle
10
-440
20
-300
30
0
40
1.9999999999999996
210
0
220
-0
230
1
0
CIRCLE
5
1421
100
AcDbEntity
8
0
100
AcDbCircle
10
-10
20
-310
30
0
40
1.9999999999999996
210
0
220
-0
230
1
0
CIRCLE
5
1422
100
AcDbEntity
8
0
100
AcDbCircle
10
-20
20
-310
30
0
40
1.9999999999999996
210
0
220
-0
230
1
0
CIRCLE
5
1423
100
AcDbEntity
8
0
100
AcDbCircle
10
-30
20
-310
30
0
40
1.9999999999999996
210
0
220
-0
230
1
0
CIRCLE
5
1424
100
AcDbEntity
8
0
100
AcDbCircle
10
-40
20
-310
30
0
40
1.9999999999999996
210
0
220
-0
230
1
0
CIRCLE
5
1425
100
AcDbEntity
8
0
100
AcDbCircle
10
-50
20
-310
30
0
40
1.9999999999999996
210
0
220
-0
230
1
0
CIRCLE
5
1426
100
AcDbEntity
8
0
100
AcDbCircle
10
-60
20
-310
30
0
40
1.9999999999999996
210
0
220
-0
230
1
0
CIRCLE
5
1427
100
AcDbEntity
8
0
100
AcDbCircle
10
-70
20
-310
30
0
40
1.9999999999999996
210
0
220
-0
230
1
0
CIRCLE
5
1428
100
AcDbEntity
8
0
100
AcDbCircle
10
-80
20
-310
30
0
40
1.9999999999999996
210
0
220
-0
230
1
0
CIRCLE
5
1429
100
AcDbEntity
8
0
100
AcDbCircle
10
-90
20
-310
30
0
40
1.9999999999999996
210
0
220
-0
230
1
0
CIRCLE
5
1430
100
AcDbEntity
8
0
100
AcDbCircle
10
-100
20
-310
30
0
40
1.9999999999999996
210
0
220
-0
230
1
0
CIRCLE
5
1431
100
AcDbEntity
8
0
100
AcDbCircle
10
-110
20
-310
30
0
40
1.9999999999999996
210
0
220
-0
230
1
0
CIRCLE
5
1432
100
AcDbEntity
8
0
100
AcDbCircle
10
-120
20
-310
30
0
40
1.9999999999999996
210
0
220
-0
230
1
0
CIRCLE
5
1433
100
AcDbEntity
8
0
100
AcDbCircle
10
-130
20
-310
30
0
40
1.9999999999999996
210
0
220
-0
230
1
0
CIRCLE
5
1434
100
AcDbEntity
8
0
100
AcDbCircle
10
-140
20
-310
30
0
40
1.9999999999999996
210
0
220
-0
230
1
0
CIRCLE
5
1435
100
AcDbEntity
8
0
100
AcDbCircle
10
-150
20
-310
30
0
40
1.9999999999999996
210
0
220
-0
230
1
0
CIRCLE
5
1436
100
AcDbEntity
8
0
100
AcDbCircle
10
-160
20
-310
30
0
40
1.9999999999999996
210
0
220
-0
230
1
0
CIRCLE
5
1437
100
AcDbEntity
8
0
100
AcDbCircle
10
-170
20
-310
30
0
40
1.9999999999999996
210
0
220
-0
230
1
0
CIRCLE
5
1438
100
AcDbEntity
8
0
100
AcDbCircle
10
-180
20
-310
30
0
40
1.9999999999999996
210
0
220
-0
230
1
0
CIRCLE
5
1439
100
AcDbEntity
8
0
100
AcDbCircle
10
-190
20
-310
30
0
40
1.9999999999999996
210
0
220
-0
230
1
0
CIRCLE
5
1440
100
AcDbEntity
8
0
100
AcDbCircle
10
-200
20
-310
30
0
40
1.9999999999999996
210
0
220
-0
230
1
0
CIRCLE
5
1441
100
AcDbEntity
8
0
100
AcDbCircle
10
-210
20
-310
30
0
40
1.9999999999999996
210
0
220
-0
230
1
0
CIRCLE
5
1442
100
AcDbEntity
8
0
100
AcDbCircle
10
-220
20
-310
30
0
40
1.9999999999999996
210
0
220
-0
230
1
0
CIRCLE
5
1443
100
AcDbEntity
8
0
100
AcDbCircle
10
-230
20
-310
30
0
40
1.9999999999999996
210
0
220
-0
230
1
0
CIRCLE
5
1444
100
AcDbEntity
8
0
100
AcDbCircle
10
-240
20
-310
30
0
40
1.9999999999999996
210
0
220
-0
230
1
0
CIRCLE
5
1445
100
AcDbEntity
8
0
100
AcDbCircle
10
-250
20
-310
30
0
40
1.9999999999999996
210
0
220
-0
230
1
0
CIRCLE
5
1446
100
AcDbEntity
8
0
100
AcDbCircle
10
-260
20
-310
30
0
40
1.9999999999999996
210
0
220
-0
230
1
0
CIRCLE
5
1447
100
AcDbEntity
8
0
100
AcDbCircle
10
-270
20
-310
30
0
40
1.9999999999999996
210
0
220
-0
230
1
0
CIRCLE
5
1448
100
AcDbEntity
8
0
100
AcDbCircle
10
-280
20
-310
30
0
40
1.9999999999999996
210
0
220
-0
230
1
0
CIRCLE
5
1449
100
AcDbEntity
8
0
100
AcDbCircle
10
-290
20
-310
30
0
40
1.9999999999999996
210
0
220
-0
230
1
0
CIRCLE
5
1450
100
AcDbEntity
8
0
100
AcDbCircle
10
-300
20
-310
30
0
40
1.9999999999999996
210
0
220
-0
230
1
0
CIRCLE
5
1451
100
AcDbEntity
8
0
100
AcDbCircle
10
-310
20
-310
30
0
40
1.9999999999999996
210
0
220
-0
230
1
0
CIRCLE
5
1452
100
AcDbEntity
8
0
100
AcDbCircle
10
-320
20
-310
30
0
40
1.9999999999999996
210
0
220
-0
230
1
0
CIRCLE
5
1453
100
AcDbEntity
8
0
100
AcDbCircle
10
-330
20
-310
30
0
40
1.9999999999999996
210
0
220
-0
230
1
0
CIRCLE
5
1454
100
AcDbEntity
8
0
100
AcDbCircle
10
-340
20
-310
30
0
40
1.9999999999999996
210
0
220
-0
230
1
0
CIRCLE
5
1455
100
AcDbEntity
8
0
100
AcDbCircle
10
-350
20
-310
30
0
40
1.9999999999999996
210
0
220
-0
230
1
0
CIRCLE
5
1456
100
AcDbEntity
8
0
100
AcDbCircle
10
-360
20
-310
30
0
40
1.9999999999999996
210
0
220
-0
230
1
0
CIRCLE
5
1457
100
AcDbEntity
8
0
100
AcDbCircle
10
-370
20
-310
30
0
40
1.9999999999999996
210
0
220
-0
230
1
0
CIRCLE
5
1458
100
AcDbEntity
8
0
100
AcDbCircle
10
-380
20
-310
30
0
40
1.9999999999999996
210
0
220
-0
230
1
0
CIRCLE
5
1459
100
AcDbEntity
8
0
100
AcDbCircle
10
-390
20
-310
30
0
40
1.9999999999999996
210
0
220
-0
230
1
0
CIRCLE
5
1460
100
AcDbEntity
8
0
100
AcDbCircle
10
-400
20
-310
30
0
40
1.9999999999999996
210
0
220
-0
230
1
0
CIRCLE
5
1461
100
AcDbEntity
8
0
100
AcDbCircle
10
-410
20
-310
30
0
40
1.9999999999999996
210
0
220
-0
230
1
0
CIRCLE
5
1462
100
AcDbEntity
8
0
100
AcDbCircle
10
-420
20
-310
30
0
40
1.9999999999999996
210
0
220
-0
230
1
0
CIRCLE
5
1463
100
AcDbEntity
8
0
100
AcDbCircle
10
-430
20
-310
30
0
40
1.9999999999999996
210
0
220
-0
230
1
0
CIRCLE
5
1464
100
AcDbEntity
8
0
100
AcDbCircle
10
-440
20
-310
30
0
40
1.9999999999999996
210
0
220
-0
230
1
0
CIRCLE
5
1465
100
AcDbEntity
8
0
100
AcDbCircle
10
-10
20
-320
30
0
40
1.9999999999999996
210
0
220
-0
230
1
0
CIRCLE
5
1466
100
AcDbEntity
8
0
100
AcDbCircle
10
-20
20
-320
30
0
40
1.9999999999999996
210
0
220
-0
230
1
0
CIRCLE
5
1467
100
AcDbEntity
8
0
100
AcDbCircle
10
-30
20
-320
30
0
40
1.9999999999999996
210
0
220
-0
230
1
0
CIRCLE
5
1468
100
AcDbEntity
8
0
100
AcDbCircle
10
-40
20
-320
30
0
40
1.9999999999999996
210
0
220
-0
230
1
0
CIRCLE
5
1469
100
AcDbEntity
8
0
100
AcDbCircle
10
-50
20
-320
30
0
40
1.9999999999999996
210
0
220
-0
230
1
0
CIRCLE
5
1470
100
AcDbEntity
8
0
100
AcDbCircle
10
-60
20
-320
30
0
40
1.9999999999999996
210
0
220
-0
230
1
0
CIRCLE
5
1471
100
AcDbEntity
8
0
100
AcDbCircle
10
-70
20
-320
30
0
40
1.9999999999999996
210
0
220
-0
230
1
0
CIRCLE
5
1472
100
AcDbEntity
8
0
100
AcDbCircle
10
-80
20
-320
30
0
40
1.9999999999999996
210
0
220
-0
230
1
0
CIRCLE
5
1473
100
AcDbEntity
8
0
100
AcDbCircle
10
-90
20
-320
30
0
40
1.9999999999999996
210
0
220
-0
230
1
0
CIRCLE
5
1474
100
AcDbEntity
8
0
100
AcDbCircle
10
-100
20
-320
30
0
40
1.9999999999999996
210
0
220
-0
230
1
0
CIRCLE
5
1475
100
AcDbEntity
8
0
100
AcDbCircle
10
-110
20
-320
30
0
40
1.9999999999999996
210
0
220
-0
230
1
0
CIRCLE
5
1476
100
AcDbEntity
8
0
100
AcDbCircle
10
-120
20
-320
30
0
40
1.9999999999999996
210
0
220
-0
230
1
0
CIRCLE
5
1477
100
AcDbEntity
8
0
100
AcDbCircle
10
-130
20
-320
30
0
40
1.9999999999999996
210
0
220
-0
230
1
0
CIRCLE
5
1478
100
AcDbEntity
8
0
100
AcDbCircle
10
-140
20
-320
30
0
40
1.9999999999999996
210
0
220
-0
230
1
0
CIRCLE
5
1479
100
AcDbEntity
8
0
100
AcDbCircle
10
-150
20
-320
30
0
40
1.9999999999999996
210
0
220
-0
230
1
0
CIRCLE
5
1480
100
AcDbEntity
8
0
100
AcDbCircle
10
-160
20
-320
30
0
40
1.9999999999999996
210
0
220
-0
230
1
0
CIRCLE
5
1481
100
AcDbEntity
8
0
100
AcDbCircle
10
-170
20
-320
30
0
40
1.9999999999999996
210
0
220
-0
230
1
0
CIRCLE
5
1482
100
AcDbEntity
8
0
100
AcDbCircle
10
-180
20
-320
30
0
40
1.9999999999999996
210
0
220
-0
230
1
0
CIRCLE
5
1483
100
AcDbEntity
8
0
100
AcDbCircle
10
-190
20
-320
30
0
40
1.9999999999999996
210
0
220
-0
230
1
0
CIRCLE
5
1484
100
AcDbEntity
8
0
100
AcDbCircle
10
-200
20
-320
30
0
40
1.9999999999999996
210
0
220
-0
230
1
0
CIRCLE
5
1485
100
AcDbEntity
8
0
100
AcDbCircle
10
-210
20
-320
30
0
40
1.9999999999999996
210
0
220
-0
230
1
0
CIRCLE
5
1486
100
AcDbEntity
8
0
100
AcDbCircle
10
-220
20
-320
30
0
40
1.9999999999999996
210
0
220
-0
230
1
0
CIRCLE
5
1487
100
AcDbEntity
8
0
100
AcDbCircle
10
-230
20
-320
30
0
40
1.9999999999999996
210
0
220
-0
230
1
0
CIRCLE
5
1488
100
AcDbEntity
8
0
100
AcDbCircle
10
-240
20
-320
30
0
40
1.9999999999999996
210
0
220
-0
230
1
0
CIRCLE
5
1489
100
AcDbEntity
8
0
100
AcDbCircle
10
-250
20
-320
30
0
40
1.9999999999999996
210
0
220
-0
230
1
0
CIRCLE
5
1490
100
AcDbEntity
8
0
100
AcDbCircle
10
-260
20
-320
30
0
40
1.9999999999999996
210
0
220
-0
230
1
0
CIRCLE
5
1491
100
AcDbEntity
8
0
100
AcDbCircle
10
-270
20
-320
30
0
40
1.9999999999999996
210
0
220
-0
230
1
0
CIRCLE
5
1492
100
AcDbEntity
8
0
100
AcDbCircle
10
-280
20
-320
30
0
40
1.9999999999999996
210
0
220
-0
230
1
0
CIRCLE
5
1493
100
AcDbEntity
8
0
100
AcDbCircle
10
-290
20
-320
30
0
40
1.9999999999999996
210
0
220
-0
230
1
0
CIRCLE
5
1494
100
AcDbEntity
8
0
100
AcDbCircle
10
-300
20
-320
30
0
40
1.9999999999999996
210
0
220
-0
230
1
0
CIRCLE
5
1495
100
AcDbEntity
8
0
100
AcDbCircle
10
-310
20
-320
30
0
40
1.9999999999999996
210
0
220
-0
230
1
0
CIRCLE
5
1496
100
AcDbEntity
8
0
100
AcDbCircle
10
-320
20
-320
30
0
40
1.9999999999999996
210
0
220
-0
230
1
0
CIRCLE
5
1497
100
AcDbEntity
8
0
100
AcDbCircle
10
-330
20
-320
30
0
40
1.9999999999999996
210
0
220
-0
230
1
0
CIRCLE
5
1498
100
AcDbEntity
8
0
100
AcDbCircle
10
-340
20
-320
30
0
40
1.9999999999999996
210
0
220
-0
230
1
0
CIRCLE
5
1499
100
AcDbEntity
8
0
100
AcDbCircle
10
-350
20
-320
30
0
40
1.9999999999999996
210
0
220
-0
230
1
0
CIRCLE
5
1500
100
AcDbEntity
8
0
100
AcDbCircle
10
-360
20
-320
30
0
40
1.9999999999999996
210
0
220
-0
230
1
0
CIRCLE
5
1501
100
AcDbEntity
8
0
100
AcDbCircle
10
-370
20
-320
30
0
40
1.9999999999999996
210
0
220
-0
230
1
0
CIRCLE
5
1502
100
AcDbEntity
8
0
100
AcDbCircle
10
-380
20
-320
30
0
40
1.9999999999999996
210
0
220
-0
230
1
0
CIRCLE
5
1503
100
AcDbEntity
8
0
100
AcDbCircle
10
-390
20
-320
30
0
40
1.9999999999999996
210
0
220
-0
230
1
0
CIRCLE
5
1504
100
AcDbEntity
8
0
100
AcDbCircle
10
-400
20
-320
30
0
40
1.9999999999999996
210
0
220
-0
230
1
0
CIRCLE
5
1505
100
AcDbEntity
8
0
100
AcDbCircle
10
-410
20
-320
30
0
40
1.9999999999999996
210
0
220
-0
230
1
0
CIRCLE
5
1506
100
AcDbEntity
8
0
100
AcDbCircle
10
-420
20
-320
30
0
40
1.9999999999999996
210
0
220
-0
230
1
0
CIRCLE
5
1507
100
AcDbEntity
8
0
100
AcDbCircle
10
-430
20
-320
30
0
40
1.9999999999999996
210
0
220
-0
230
1
0
CIRCLE
5
1508
100
AcDbEntity
8
0
100
AcDbCircle
10
-440
20
-320
30
0
40
1.9999999999999996
210
0
220
-0
230
1
0
CIRCLE
5
1509
100
AcDbEntity
8
0
100
AcDbCircle
10
-10
20
-330
30
0
40
1.9999999999999996
210
0
220
-0
230
1
0
CIRCLE
5
1510
100
AcDbEntity
8
0
100
AcDbCircle
10
-20
20
-330
30
0
40
1.9999999999999996
210
0
220
-0
230
1
0
CIRCLE
5
1511
100
AcDbEntity
8
0
100
AcDbCircle
10
-30
20
-330
30
0
40
1.9999999999999996
210
0
220
-0
230
1
0
CIRCLE
5
1512
100
AcDbEntity
8
0
100
AcDbCircle
10
-40
20
-330
30
0
40
1.9999999999999996
210
0
220
-0
230
1
0
CIRCLE
5
1513
100
AcDbEntity
8
0
100
AcDbCircle
10
-50
20
-330
30
0
40
1.9999999999999996
210
0
220
-0
230
1
0
CIRCLE
5
1514
100
AcDbEntity
8
0
100
AcDbCircle
10
-60
20
-330
30
0
40
1.9999999999999996
210
0
220
-0
230
1
0
CIRCLE
5
1515
100
AcDbEntity
8
0
100
AcDbCircle
10
-70
20
-330
30
0
40
1.9999999999999996
210
0
220
-0
230
1
0
CIRCLE
5
1516
100
AcDbEntity
8
0
100
AcDbCircle
10
-80
20
-330
30
0
40
1.9999999999999996
210
0
220
-0
230
1
0
CIRCLE
5
1517
100
AcDbEntity
8
0
100
AcDbCircle
10
-90
20
-330
30
0
40
1.9999999999999996
210
0
220
-0
230
1
0
CIRCLE
5
1518
100
AcDbEntity
8
0
100
AcDbCircle
10
-100
20
-330
30
0
40
1.9999999999999996
210
0
220
-0
230
1
0
CIRCLE
5
1519
100
AcDbEntity
8
0
100
AcDbCircle
10
-110
20
-330
30
0
40
1.9999999999999996
210
0
220
-0
230
1
0
CIRCLE
5
1520
100
AcDbEntity
8
0
100
AcDbCircle
10
-120
20
-330
30
0
40
1.9999999999999996
210
0
220
-0
230
1
0
CIRCLE
5
1521
100
AcDbEntity
8
0
100
AcDbCircle
10
-130
20
-330
30
0
40
1.9999999999999996
210
0
220
-0
230
1
0
CIRCLE
5
1522
100
AcDbEntity
8
0
100
AcDbCircle
10
-140
20
-330
30
0
40
1.9999999999999996
210
0
220
-0
230
1
0
CIRCLE
5
1523
100
AcDbEntity
8
0
100
AcDbCircle
10
-150
20
-330
30
0
40
1.9999999999999996
210
0
220
-0
230
1
0
CIRCLE
5
1524
100
AcDbEntity
8
0
100
AcDbCircle
10
-160
20
-330
30
0
40
1.9999999999999996
210
0
220
-0
230
1
0
CIRCLE
5
1525
100
AcDbEntity
8
0
100
AcDbCircle
10
-170
20
-330
30
0
40
1.9999999999999996
210
0
220
-0
230
1
0
CIRCLE
5
1526
100
AcDbEntity
8
0
100
AcDbCircle
10
-180
20
-330
30
0
40
1.9999999999999996
210
0
220
-0
230
1
0
CIRCLE
5
1527
100
AcDbEntity
8
0
100
AcDbCircle
10
-190
20
-330
30
0
40
1.9999999999999996
210
0
220
-0
230
1
0
CIRCLE
5
1528
100
AcDbEntity
8
0
100
AcDbCircle
10
-200
20
-330
30
0
40
1.9999999999999996
210
0
220
-0
230
1
0
CIRCLE
5
1529
100
AcDbEntity
8
0
100
AcDbCircle
10
-210
20
-330
30
0
40
1.9999999999999996
210
0
220
-0
230
1
0
CIRCLE
5
1530
100
AcDbEntity
8
0
100
AcDbCircle
10
-220
20
-330
30
0
40
1.9999999999999996
210
0
220
-0
230
1
0
CIRCLE
5
1531
100
AcDbEntity
8
0
100
AcDbCircle
10
-230
20
-330
30
0
40
1.9999999999999996
210
0
220
-0
230
1
0
CIRCLE
5
1532
100
AcDbEntity
8
0
100
AcDbCircle
10
-240
20
-330
30
0
40
1.9999999999999996
210
0
220
-0
230
1
0
CIRCLE
5
1533
100
AcDbEntity
8
0
100
AcDbCircle
10
-250
20
-330
30
0
40
1.9999999999999996
210
0
220
-0
230
1
0
CIRCLE
5
1534
100
AcDbEntity
8
0
100
AcDbCircle
10
-260
20
-330
30
0
40
1.9999999999999996
210
0
220
-0
230
1
0
CIRCLE
5
1535
100
AcDbEntity
8
0
100
AcDbCircle
10
-270
20
-330
30
0
40
1.9999999999999996
210
0
220
-0
230
1
0
CIRCLE
5
1536
100
AcDbEntity
8
0
100
AcDbCircle
10
-280
20
-330
30
0
40
1.9999999999999996
210
0
220
-0
230
1
0
CIRCLE
5
1537
100
AcDbEntity
8
0
100
AcDbCircle
10
-290
20
-330
30
0
40
1.9999999999999996
210
0
220
-0
230
1
0
CIRCLE
5
1538
100
AcDbEntity
8
0
100
AcDbCircle
10
-300
20
-330
30
0
40
1.9999999999999996
210
0
220
-0
230
1
0
CIRCLE
5
1539
100
AcDbEntity
8
0
100
AcDbCircle
10
-310
20
-330
30
0
40
1.9999999999999996
210
0
220
-0
230
1
0
CIRCLE
5
1540
100
AcDbEntity
8
0
100
AcDbCircle
10
-320
20
-330
30
0
40
1.9999999999999996
210
0
220
-0
230
1
0
CIRCLE
5
1541
100
AcDbEntity
8
0
100
AcDbCircle
10
-330
20
-330
30
0
40
1.9999999999999996
210
0
220
-0
230
1
0
CIRCLE
5
1542
100
AcDbEntity
8
0
100
AcDbCircle
10
-340
20
-330
30
0
40
1.9999999999999996
210
0
220
-0
230
1
0
CIRCLE
5
1543
100
AcDbEntity
8
0
100
AcDbCircle
10
-350
20
-330
30
0
40
1.9999999999999996
210
0
220
-0
230
1
0
CIRCLE
5
1544
100
AcDbEntity
8
0
100
AcDbCircle
10
-360
20
-330
30
0
40
1.9999999999999996
210
0
220
-0
230
1
0
CIRCLE
5
1545
100
AcDbEntity
8
0
100
AcDbCircle
10
-370
20
-330
30
0
40
1.9999999999999996
210
0
220
-0
230
1
0
CIRCLE
5
1546
100
AcDbEntity
8
0
100
AcDbCircle
10
-380
20
-330
30
0
40
1.9999999999999996
210
0
220
-0
230
1
0
CIRCLE
5
1547
100
AcDbEntity
8
0
100
AcDbCircle
10
-390
20
-330
30
0
40
1.9999999999999996
210
0
220
-0
230
1
0
CIRCLE
5
1548
100
AcDbEntity
8
0
100
AcDbCircle
10
-400
20
-330
30
0
40
1.9999999999999996
210
0
220
-0
230
1
0
CIRCLE
5
1549
100
AcDbEntity
8
0
100
AcDbCircle
10
-410
20
-330
30
0
40
1.9999999999999996
210
0
220
-0
230
1
0
CIRCLE
5
1550
100
AcDbEntity
8
0
100
AcDbCircle
10
-420
20
-330
30
0
40
1.9999999999999996
210
0
220
-0
230
1
0
CIRCLE
5
1551
100
AcDbEntity
8
0
100
AcDbCircle
10
-430
20
-330
30
0
40
1.9999999999999996
210
0
220
-0
230
1
0
CIRCLE
5
1552
100
AcDbEntity
8
0
100
AcDbCircle
10
-440
20
-330
30
0
40
1.9999999999999996
210
0
220
-0
230
1
0
CIRCLE
5
1553
100
AcDbEntity
8
0
100
AcDbCircle
10
-10
20
-340
30
0
40
1.9999999999999996
210
0
220
-0
230
1
0
CIRCLE
5
1554
100
AcDbEntity
8
0
100
AcDbCircle
10
-20
20
-340
30
0
40
1.9999999999999996
210
0
220
-0
230
1
0
CIRCLE
5
1555
100
AcDbEntity
8
0
100
AcDbCircle
10
-30
20
-340
30
0
40
1.9999999999999996
210
0
220
-0
230
1
0
CIRCLE
5
1556
100
AcDbEntity
8
0
100
AcDbCircle
10
-40
20
-340
30
0
40
1.9999999999999996
210
0
220
-0
230
1
0
CIRCLE
5
1557
100
AcDbEntity
8
0
100
AcDbCircle
10
-50
20
-340
30
0
40
1.9999999999999996
210
0
220
-0
230
1
0
CIRCLE
5
1558
100
AcDbEntity
8
0
100
AcDbCircle
10
-60
20
-340
30
0
40
1.9999999999999996
210
0
220
-0
230
1
0
CIRCLE
5
1559
100
AcDbEntity
8
0
100
AcDbCircle
10
-70
20
-340
30
0
40
1.9999999999999996
210
0
220
-0
230
1
0
CIRCLE
5
1560
100
AcDbEntity
8
0
100
AcDbCircle
10
-80
20
-340
30
0
40
1.9999999999999996
210
0
220
-0
230
1
0
CIRCLE
5
1561
100
AcDbEntity
8
0
100
AcDbCircle
10
-90
20
-340
30
0
40
1.9999999999999996
210
0
220
-0
230
1
0
CIRCLE
5
1562
100
AcDbEntity
8
0
100
AcDbCircle
10
-100
20
-340
30
0
40
1.9999999999999996
210
0
220
-0
230
1
0
CIRCLE
5
1563
100
AcDbEntity
8
0
100
AcDbCircle
10
-110
20
-340
30
0
40
1.9999999999999996
210
0
220
-0
230
1
0
CIRCLE
5
1564
100
AcDbEntity
8
0
100
AcDbCircle
10
-120
20
-340
30
0
40
1.9999999999999996
210
0
220
-0
230
1
0
CIRCLE
5
1565
100
AcDbEntity
8
0
100
AcDbCircle
10
-130
20
-340
30
0
40
1.9999999999999996
210
0
220
-0
230
1
0
CIRCLE
5
1566
100
AcDbEntity
8
0
100
AcDbCircle
10
-140
20
-340
30
0
40
1.9999999999999996
210
0
220
-0
230
1
0
CIRCLE
5
1567
100
AcDbEntity
8
0
100
AcDbCircle
10
-150
20
-340
30
0
40
1.9999999999999996
210
0
220
-0
230
1
0
CIRCLE
5
1568
100
AcDbEntity
8
0
100
AcDbCircle
10
-160
20
-340
30
0
40
1.9999999999999996
210
0
220
-0
230
1
0
CIRCLE
5
1569
100
AcDbEntity
8
0
100
AcDbCircle
10
-170
20
-340
30
0
40
1.9999999999999996
210
0
220
-0
230
1
0
CIRCLE
5
1570
100
AcDbEntity
8
0
100
AcDbCircle
10
-180
20
-340
30
0
40
1.9999999999999996
210
0
220
-0
230
1
0
CIRCLE
5
1571
100
AcDbEntity
8
0
100
AcDbCircle
10
-190
20
-340
30
0
40
1.9999999999999996
210
0
220
-0
230
1
0
CIRCLE
5
1572
100
AcDbEntity
8
0
100
AcDbCircle
10
-200
20
-340
30
0
40
1.9999999999999996
210
0
220
-0
230
1
0
CIRCLE
5
1573
100
AcDbEntity
8
0
100
AcDbCircle
10
-210
20
-340
30
0
40
1.9999999999999996
210
0
220
-0
230
1
0
CIRCLE
5
1574
100
AcDbEntity
8
0
100
AcDbCircle
10
-220
20
-340
30
0
40
1.9999999999999996
210
0
220
-0
230
1
0
CIRCLE
5
1575
100
AcDbEntity
8
0
100
AcDbCircle
10
-230
20
-340
30
0
40
1.9999999999999996
210
0
220
-0
230
1
0
CIRCLE
5
1576
100
AcDbEntity
8
0
100
AcDbCircle
10
-240
20
-340
30
0
40
1.9999999999999996
210
0
220
-0
230
1
0
CIRCLE
5
1577
100
AcDbEntity
8
0
100
AcDbCircle
10
-250
20
-340
30
0
40
1.9999999999999996
210
0
220
-0
230
1
0
CIRCLE
5
1578
100
AcDbEntity
8
0
100
AcDbCircle
10
-260
20
-340
30
0
40
1.9999999999999996
210
0
220
-0
230
1
0
CIRCLE
5
1579
100
AcDbEntity
8
0
100
AcDbCircle
10
-270
20
-340
30
0
40
1.9999999999999996
210
0
220
-0
230
1
0
CIRCLE
5
1580
100
AcDbEntity
8
0
100
AcDbCircle
10
-280
20
-340
30
0
40
1.9999999999999996
210
0
220
-0
230
1
0
CIRCLE
5
1581
100
AcDbEntity
8
0
100
AcDbCircle
10
-290
20
-340
30
0
40
1.9999999999999996
210
0
220
-0
230
1
0
CIRCLE
5
1582
100
AcDbEntity
8
0
100
AcDbCircle
10
-300
20
-340
30
0
40
1.9999999999999996
210
0
220
-0
230
1
0
CIRCLE
5
1583
100
AcDbEntity
8
0
100
AcDbCircle
10
-310
20
-340
30
0
40
1.9999999999999996
210
0
220
-0
230
1
0
CIRCLE
5
1584
100
AcDbEntity
8
0
100
AcDbCircle
10
-320
20
-340
30
0
40
1.9999999999999996
210
0
220
-0
230
1
0
CIRCLE
5
1585
100
AcDbEntity
8
0
100
AcDbCircle
10
-330
20
-340
30
0
40
1.9999999999999996
210
0
220
-0
230
1
0
CIRCLE
5
1586
100
AcDbEntity
8
0
100
AcDbCircle
10
-340
20
-340
30
0
40
1.9999999999999996
210
0
220
-0
230
1
0
CIRCLE
5
1587
100
AcDbEntity
8
0
100
AcDbCircle
10
-350
20
-340
30
0
40
1.9999999999999996
210
0
220
-0
230
1
0
CIRCLE
5
1588
100
AcDbEntity
8
0
100
AcDbCircle
10
-360
20
-340
30
0
40
1.9999999999999996
210
0
220
-0
230
1
0
CIRCLE
5
1589
100
AcDbEntity
8
0
100
AcDbCircle
10
-370
20
-340
30
0
40
1.9999999999999996
210
0
220
-0
230
1
0
CIRCLE
5
1590
100
AcDbEntity
8
0
100
AcDbCircle
10
-380
20
-340
30
0
40
1.9999999999999996
210
0
220
-0
230
1
0
CIRCLE
5
1591
100
AcDbEntity
8
0
100
AcDbCircle
10
-390
20
-340
30
0
40
1.9999999999999996
210
0
220
-0
230
1
0
CIRCLE
5
1592
100
AcDbEntity
8
0
100
AcDbCircle
10
-400
20
-340
30
0
40
1.9999999999999996
210
0
220
-0
230
1
0
CIRCLE
5
1593
100
AcDbEntity
8
0
100
AcDbCircle
10
-410
20
-340
30
0
40
1.9999999999999996
210
0
220
-0
230
1
0
CIRCLE
5
1594
100
AcDbEntity
8
0
100
AcDbCircle
10
-420
20
-340
30
0
40
1.9999999999999996
210
0
220
-0
230
1
0
CIRCLE
5
1595
100
AcDbEntity
8
0
100
AcDbCircle
10
-430
20
-340
30
0
40
1.9999999999999996
210
0
220
-0
230
1
0
CIRCLE
5
1596
100
AcDbEntity
8
0
100
AcDbCircle
10
-440
20
-340
30
0
40
1.9999999999999996
210
0
220
-0
230
1
0
CIRCLE
5
1597
100
AcDbEntity
8
0
100
AcDbCircle
10
-10
20
-350
30
0
40
1.9999999999999996
210
0
220
-0
230
1
0
CIRCLE
5
1598
100
AcDbEntity
8
0
100
AcDbCircle
10
-20
20
-350
30
0
40
1.9999999999999996
210
0
220
-0
230
1
0
CIRCLE
5
1599
100
AcDbEntity
8
0
100
AcDbCircle
10
-30
20
-350
30
0
40
1.9999999999999996
210
0
220
-0
230
1
0
CIRCLE
5
1600
100
AcDbEntity
8
0
100
AcDbCircle
10
-40
20
-350
30
0
40
1.9999999999999996
210
0
220
-0
230
1
0
CIRCLE
5
1601
100
AcDbEntity
8
0
100
AcDbCircle
10
-50
20
-350
30
0
40
1.9999999999999996
210
0
220
-0
230
1
0
CIRCLE
5
1602
100
AcDbEntity
8
0
100
AcDbCircle
10
-60
20
-350
30
0
40
1.9999999999999996
210
0
220
-0
230
1
0
CIRCLE
5
1603
100
AcDbEntity
8
0
100
AcDbCircle
10
-70
20
-350
30
0
40
1.9999999999999996
210
0
220
-0
230
1
0
CIRCLE
5
1604
100
AcDbEntity
8
0
100
AcDbCircle
10
-80
20
-350
30
0
40
1.9999999999999996
210
0
220
-0
230
1
0
CIRCLE
5
1605
100
AcDbEntity
8
0
100
AcDbCircle
10
-90
20
-350
30
0
40
1.9999999999999996
210
0
220
-0
230
1
0
CIRCLE
5
1606
100
AcDbEntity
8
0
100
AcDbCircle
10
-100
20
-350
30
0
40
1.9999999999999996
210
0
220
-0
230
1
0
CIRCLE
5
1607
100
AcDbEntity
8
0
100
AcDbCircle
10
-110
20
-350
30
0
40
1.9999999999999996
210
0
220
-0
230
1
0
CIRCLE
5
1608
100
AcDbEntity
8
0
100
AcDbCircle
10
-120
20
-350
30
0
40
1.9999999999999996
210
0
220
-0
230
1
0
CIRCLE
5
1609
100
AcDbEntity
8
0
100
AcDbCircle
10
-130
20
-350
30
0
40
1.9999999999999996
210
0
220
-0
230
1
0
CIRCLE
5
1610
100
AcDbEntity
8
0
100
AcDbCircle
10
-140
20
-350
30
0
40
1.9999999999999996
210
0
220
-0
230
1
0
CIRCLE
5
1611
100
AcDbEntity
8
0
100
AcDbCircle
10
-150
20
-350
30
0
40
1.9999999999999996
210
0
220
-0
230
1
0
CIRCLE
5
1612
100
AcDbEntity
8
0
100
AcDbCircle
10
-160
20
-350
30
0
40
1.9999999999999996
210
0
220
-0
230
1
0
CIRCLE
5
1613
100
AcDbEntity
8
0
100
AcDbCircle
10
-170
20
-350
30
0
40
1.9999999999999996
210
0
220
-0
230
1
0
CIRCLE
5
1614
100
AcDbEntity
8
0
100
AcDbCircle
10
-180
20
-350
30
0
40
1.9999999999999996
210
0
220
-0
230
1
0
CIRCLE
5
1615
100
AcDbEntity
8
0
100
AcDbCircle
10
-190
20
-350
30
0
40
1.9999999999999996
210
0
220
-0
230
1
0
CIRCLE
5
1616
100
AcDbEntity
8
0
100
AcDbCircle
10
-200
20
-350
30
0
40
1.9999999999999996
210
0
220
-0
230
1
0
CIRCLE
5
1617
100
AcDbEntity
8
0
100
AcDbCircle
10
-210
20
-350
30
0
40
1.9999999999999996
210
0
220
-0
230
1
0
CIRCLE
5
1618
100
AcDbEntity
8
0
100
AcDbCircle
10
-220
20
-350
30
0
40
1.9999999999999996
210
0
220
-0
230
1
0
CIRCLE
5
1619
100
AcDbEntity
8
0
100
AcDbCircle
10
-230
20
-350
30
0
40
1.9999999999999996
210
0
220
-0
230
1
0
CIRCLE
5
1620
100
AcDbEntity
8
0
100
AcDbCircle
10
-240
20
-350
30
0
40
1.9999999999999996
210
0
220
-0
230
1
0
CIRCLE
5
1621
100
AcDbEntity
8
0
100
AcDbCircle
10
-250
20
-350
30
0
40
1.9999999999999996
210
0
220
-0
230
1
0
CIRCLE
5
1622
100
AcDbEntity
8
0
100
AcDbCircle
10
-260
20
-350
30
0
40
1.9999999999999996
210
0
220
-0
230
1
0
CIRCLE
5
1623
100
AcDbEntity
8
0
100
AcDbCircle
10
-270
20
-350
30
0
40
1.9999999999999996
210
0
220
-0
230
1
0
CIRCLE
5
1624
100
AcDbEntity
8
0
100
AcDbCircle
10
-280
20
-350
30
0
40
1.9999999999999996
210
0
220
-0
230
1
0
CIRCLE
5
1625
100
AcDbEntity
8
0
100
AcDbCircle
10
-290
20
-350
30
0
40
1.9999999999999996
210
0
220
-0
230
1
0
CIRCLE
5
1626
100
AcDbEntity
8
0
100
AcDbCircle
10
-300
20
-350
30
0
40
1.9999999999999996
210
0
220
-0
230
1
0
CIRCLE
5
1627
100
AcDbEntity
8
0
100
AcDbCircle
10
-310
20
-350
30
0
40
1.9999999999999996
210
0
220
-0
230
1
0
CIRCLE
5
1628
100
AcDbEntity
8
0
100
AcDbCircle
10
-320
20
-350
30
0
40
1.9999999999999996
210
0
220
-0
230
1
0
CIRCLE
5
1629
100
AcDbEntity
8
0
100
AcDbCircle
10
-330
20
-350
30
0
40
1.9999999999999996
210
0
220
-0
230
1
0
CIRCLE
5
1630
100
AcDbEntity
8
0
100
AcDbCircle
10
-340
20
-350
30
0
40
1.9999999999999996
210
0
220
-0
230
1
0
CIRCLE
5
1631
100
AcDbEntity
8
0
100
AcDbCircle
10
-350
20
-350
30
0
40
1.9999999999999996
210
0
220
-0
230
1
0
CIRCLE
5
1632
100
AcDbEntity
8
0
100
AcDbCircle
10
-360
20
-350
30
0
40
1.9999999999999996
210
0
220
-0
230
1
0
CIRCLE
5
1633
100
AcDbEntity
8
0
100
AcDbCircle
10
-370
20
-350
30
0
40
1.9999999999999996
210
0
220
-0
230
1
0
CIRCLE
5
1634
100
AcDbEntity
8
0
100
AcDbCircle
10
-380
20
-350
30
0
40
1.9999999999999996
210
0
220
-0
230
1
0
CIRCLE
5
1635
100
AcDbEntity
8
0
100
AcDbCircle
10
-390
20
-350
30
0
40
1.9999999999999996
210
0
220
-0
230
1
0
CIRCLE
5
1636
100
AcDbEntity
8
0
100
AcDbCircle
10
-400
20
-350
30
0
40
1.9999999999999996
210
0
220
-0
230
1
0
CIRCLE
5
1637
100
AcDbEntity
8
0
100
AcDbCircle
10
-410
20
-350
30
0
40
1.9999999999999996
210
0
220
-0
230
1
0
CIRCLE
5
1638
100
AcDbEntity
8
0
100
AcDbCircle
10
-420
20
-350
30
0
40
1.9999999999999996
210
0
220
-0
230
1
0
CIRCLE
5
1639
100
AcDbEntity
8
0
100
AcDbCircle
10
-430
20
-350
30
0
40
1.9999999999999996
210
0
220
-0
230
1
0
CIRCLE
5
1640
100
AcDbEntity
8
0
100
AcDbCircle
10
-440
20
-350
30
0
40
1.9999999999999996
210
0
220
-0
230
1
0
CIRCLE
5
1641
100
AcDbEntity
8
0
100
AcDbCircle
10
-10
20
-360
30
0
40
1.9999999999999996
210
0
220
-0
230
1
0
CIRCLE
5
1642
100
AcDbEntity
8
0
100
AcDbCircle
10
-20
20
-360
30
0
40
1.9999999999999996
210
0
220
-0
230
1
0
CIRCLE
5
1643
100
AcDbEntity
8
0
100
AcDbCircle
10
-30
20
-360
30
0
40
1.9999999999999996
210
0
220
-0
230
1
0
CIRCLE
5
1644
100
AcDbEntity
8
0
100
AcDbCircle
10
-40
20
-360
30
0
40
1.9999999999999996
210
0
220
-0
230
1
0
CIRCLE
5
1645
100
AcDbEntity
8
0
100
AcDbCircle
10
-50
20
-360
30
0
40
1.9999999999999996
210
0
220
-0
230
1
0
CIRCLE
5
1646
100
AcDbEntity
8
0
100
AcDbCircle
10
-60
20
-360
30
0
40
1.9999999999999996
210
0
220
-0
230
1
0
CIRCLE
5
1647
100
AcDbEntity
8
0
100
AcDbCircle
10
-70
20
-360
30
0
40
1.9999999999999996
210
0
220
-0
230
1
0
CIRCLE
5
1648
100
AcDbEntity
8
0
100
AcDbCircle
10
-80
20
-360
30
0
40
1.9999999999999996
210
0
220
-0
230
1
0
CIRCLE
5
1649
100
AcDbEntity
8
0
100
AcDbCircle
10
-90
20
-360
30
0
40
1.9999999999999996
210
0
220
-0
230
1
0
CIRCLE
5
1650
100
AcDbEntity
8
0
100
AcDbCircle
10
-100
20
-360
30
0
40
1.9999999999999996
210
0
220
-0
230
1
0
CIRCLE
5
1651
100
AcDbEntity
8
0
100
AcDbCircle
10
-110
20
-360
30
0
40
1.9999999999999996
210
0
220
-0
230
1
0
CIRCLE
5
1652
100
AcDbEntity
8
0
100
AcDbCircle
10
-120
20
-360
30
0
40
1.9999999999999996
210
0
220
-0
230
1
0
CIRCLE
5
1653
100
AcDbEntity
8
0
100
AcDbCircle
10
-130
20
-360
30
0
40
1.9999999999999996
210
0
220
-0
230
1
0
CIRCLE
5
1654
100
AcDbEntity
8
0
100
AcDbCircle
10
-140
20
-360
30
0
40
1.9999999999999996
210
0
220
-0
230
1
0
CIRCLE
5
1655
100
AcDbEntity
8
0
100
AcDbCircle
10
-150
20
-360
30
0
40
1.9999999999999996
210
0
220
-0
230
1
0
CIRCLE
5
1656
100
AcDbEntity
8
0
100
AcDbCircle
10
-160
20
-360
30
0
40
1.9999999999999996
210
0
220
-0
230
1
0
CIRCLE
5
1657
100
AcDbEntity
8
0
100
AcDbCircle
10
-170
20
-360
30
0
40
1.9999999999999996
210
0
220
-0
230
1
0
CIRCLE
5
1658
100
AcDbEntity
8
0
100
AcDbCircle
10
-180
20
-360
30
0
40
1.9999999999999996
210
0
220
-0
230
1
0
CIRCLE
5
1659
100
AcDbEntity
8
0
100
AcDbCircle
10
-190
20
-360
30
0
40
1.9999999999999996
210
0
220
-0
230
1
0
CIRCLE
5
1660
100
AcDbEntity
8
0
100
AcDbCircle
10
-200
20
-360
30
0
40
1.9999999999999996
210
0
220
-0
230
1
0
CIRCLE
5
1661
100
AcDbEntity
8
0
100
AcDbCircle
10
-210
20
-360
30
0
40
1.9999999999999996
210
0
220
-0
230
1
0
CIRCLE
5
1662
100
AcDbEntity
8
0
100
AcDbCircle
10
-220
20
-360
30
0
40
1.9999999999999996
210
0
220
-0
230
1
0
CIRCLE
5
1663
100
AcDbEntity
8
0
100
AcDbCircle
10
-230
20
-360
30
0
40
1.9999999999999996
210
0
220
-0
230
1
0
CIRCLE
5
1664
100
AcDbEntity
8
0
100
AcDbCircle
10
-240
20
-360
30
0
40
1.9999999999999996
210
0
220
-0
230
1
0
CIRCLE
5
1665
100
AcDbEntity
8
0
100
AcDbCircle
10
-250
20
-360
30
0
40
1.9999999999999996
210
0
220
-0
230
1
0
CIRCLE
5
1666
100
AcDbEntity
8
0
100
AcDbCircle
10
-260
20
-360
30
0
40
1.9999999999999996
210
0
220
-0
230
1
0
CIRCLE
5
1667
100
AcDbEntity
8
0
100
AcDbCircle
10
-270
20
-360
30
0
40
1.9999999999999996
210
0
220
-0
230
1
0
CIRCLE
5
1668
100
AcDbEntity
8
0
100
AcDbCircle
10
-280
20
-360
30
0
40
1.9999999999999996
210
0
220
-0
230
1
0
CIRCLE
5
1669
100
AcDbEntity
8
0
100
AcDbCircle
10
-290
20
-360
30
0
40
1.9999999999999996
210
0
220
-0
230
1
0
CIRCLE
5
1670
100
AcDbEntity
8
0
100
AcDbCircle
10
-300
20
-360
30
0
40
1.9999999999999996
210
0
220
-0
230
1
0
CIRCLE
5
1671
100
AcDbEntity
8
0
100
AcDbCircle
10
-310
20
-360
30
0
40
1.9999999999999996
210
0
220
-0
230
1
0
CIRCLE
5
1672
100
AcDbEntity
8
0
100
AcDbCircle
10
-320
20
-360
30
0
40
1.9999999999999996
210
0
220
-0
230
1
0
CIRCLE
5
1673
100
AcDbEntity
8
0
100
AcDbCircle
10
-330
20
-360
30
0
40
1.9999999999999996
210
0
220
-0
230
1
0
CIRCLE
5
1674
100
AcDbEntity
8
0
100
AcDbCircle
10
-340
20
-360
30
0
40
1.9999999999999996
210
0
220
-0
230
1
0
CIRCLE
5
1675
100
AcDbEntity
8
0
100
AcDbCircle
10
-350
20
-360
30
0
40
1.9999999999999996
210
0
220
-0
230
1
0
CIRCLE
5
1676
100
AcDbEntity
8
0
100
AcDbCircle
10
-360
20
-360
30
0
40
1.9999999999999996
210
0
220
-0
230
1
0
CIRCLE
5
1677
100
AcDbEntity
8
0
100
AcDbCircle
10
-370
20
-360
30
0
40
1.9999999999999996
210
0
220
-0
230
1
0
CIRCLE
5
1678
100
AcDbEntity
8
0
100
AcDbCircle
10
-380
20
-360
30
0
40
1.9999999999999996
210
0
220
-0
230
1
0
CIRCLE
5
1679
100
AcDbEntity
8
0
100
AcDbCircle
10
-390
20
-360
30
0
40
1.9999999999999996
210
0
220
-0
230
1
0
CIRCLE
5
1680
100
AcDbEntity
8
0
100
AcDbCircle
10
-400
20
-360
30
0
40
1.9999999999999996
210
0
220
-0
230
1
0
CIRCLE
5
1681
100
AcDbEntity
8
0
100
AcDbCircle
10
-410
20
-360
30
0
40
1.9999999999999996
210
0
220
-0
230
1
0
CIRCLE
5
1682
100
AcDbEntity
8
0
100
AcDbCircle
10
-420
20
-360
30
0
40
1.9999999999999996
210
0
220
-0
230
1
0
CIRCLE
5
1683
100
AcDbEntity
8
0
100
AcDbCircle
10
-430
20
-360
30
0
40
1.9999999999999996
210
0
220
-0
230
1
0
CIRCLE
5
1684
100
AcDbEntity
8
0
100
AcDbCircle
10
-440
20
-360
30
0
40
1.9999999999999996
210
0
220
-0
230
1
0
CIRCLE
5
1685
100
AcDbEntity
8
0
100
AcDbCircle
10
-10
20
-370
30
0
40
1.9999999999999996
210
0
220
-0
230
1
0
CIRCLE
5
1686
100
AcDbEntity
8
0
100
AcDbCircle
10
-20
20
-370
30
0
40
1.9999999999999996
210
0
220
-0
230
1
0
CIRCLE
5
1687
100
AcDbEntity
8
0
100
AcDbCircle
10
-30
20
-370
30
0
40
1.9999999999999996
210
0
220
-0
230
1
0
CIRCLE
5
1688
100
AcDbEntity
8
0
100
AcDbCircle
10
-40
20
-370
30
0
40
1.9999999999999996
210
0
220
-0
230
1
0
CIRCLE
5
1689
100
AcDbEntity
8
0
100
AcDbCircle
10
-50
20
-370
30
0
40
1.9999999999999996
210
0
220
-0
230
1
0
CIRCLE
5
1690
100
AcDbEntity
8
0
100
AcDbCircle
10
-60
20
-370
30
0
40
1.9999999999999996
210
0
220
-0
230
1
0
CIRCLE
5
1691
100
AcDbEntity
8
0
100
AcDbCircle
10
-70
20
-370
30
0
40
1.9999999999999996
210
0
220
-0
230
1
0
CIRCLE
5
1692
100
AcDbEntity
8
0
100
AcDbCircle
10
-80
20
-370
30
0
40
1.9999999999999996
210
0
220
-0
230
1
0
CIRCLE
5
1693
100
AcDbEntity
8
0
100
AcDbCircle
10
-90
20
-370
30
0
40
1.9999999999999996
210
0
220
-0
230
1
0
CIRCLE
5
1694
100
AcDbEntity
8
0
100
AcDbCircle
10
-100
20
-370
30
0
40
1.9999999999999996
210
0
220
-0
230
1
0
CIRCLE
5
1695
100
AcDbEntity
8
0
100
AcDbCircle
10
-110
20
-370
30
0
40
1.9999999999999996
210
0
220
-0
230
1
0
CIRCLE
5
1696
100
AcDbEntity
8
0
100
AcDbCircle
10
-120
20
-370
30
0
40
1.9999999999999996
210
0
220
-0
230
1
0
CIRCLE
5
1697
100
AcDbEntity
8
0
100
AcDbCircle
10
-130
20
-370
30
0
40
1.9999999999999996
210
0
220
-0
230
1
0
CIRCLE
5
1698
100
AcDbEntity
8
0
100
AcDbCircle
10
-140
20
-370
30
0
40
1.9999999999999996
210
0
220
-0
230
1
0
CIRCLE
5
1699
100
AcDbEntity
8
0
100
AcDbCircle
10
-150
20
-370
30
0
40
1.9999999999999996
210
0
220
-0
230
1
0
CIRCLE
5
1700
100
AcDbEntity
8
0
100
AcDbCircle
10
-160
20
-370
30
0
40
1.9999999999999996
210
0
220
-0
230
1
0
CIRCLE
5
1701
100
AcDbEntity
8
0
100
AcDbCircle
10
-170
20
-370
30
0
40
1.9999999999999996
210
0
220
-0
230
1
0
CIRCLE
5
1702
100
AcDbEntity
8
0
100
AcDbCircle
10
-180
20
-370
30
0
40
1.9999999999999996
210
0
220
-0
230
1
0
CIRCLE
5
1703
100
AcDbEntity
8
0
100
AcDbCircle
10
-190
20
-370
30
0
40
1.9999999999999996
210
0
220
-0
230
1
0
CIRCLE
5
1704
100
AcDbEntity
8
0
100
AcDbCircle
10
-200
20
-370
30
0
40
1.9999999999999996
210
0
220
-0
230
1
0
CIRCLE
5
1705
100
AcDbEntity
8
0
100
AcDbCircle
10
-210
20
-370
30
0
40
1.9999999999999996
210
0
220
-0
230
1
0
CIRCLE
5
1706
100
AcDbEntity
8
0
100
AcDbCircle
10
-220
20
-370
30
0
40
1.9999999999999996
210
0
220
-0
230
1
0
CIRCLE
5
1707
100
AcDbEntity
8
0
100
AcDbCircle
10
-230
20
-370
30
0
40
1.9999999999999996
210
0
220
-0
230
1
0
CIRCLE
5
1708
100
AcDbEntity
8
0
100
AcDbCircle
10
-240
20
-370
30
0
40
1.9999999999999996
210
0
220
-0
230
1
0
CIRCLE
5
1709
100
AcDbEntity
8
0
100
AcDbCircle
10
-250
20
-370
30
0
40
1.9999999999999996
210
0
220
-0
230
1
0
CIRCLE
5
1710
100
AcDbEntity
8
0
100
AcDbCircle
10
-260
20
-370
30
0
40
1.9999999999999996
210
0
220
-0
230
1
0
CIRCLE
5
1711
100
AcDbEntity
8
0
100
AcDbCircle
10
-270
20
-370
30
0
40
1.9999999999999996
210
0
220
-0
230
1
0
CIRCLE
5
1712
100
AcDbEntity
8
0
100
AcDbCircle
10
-280
20
-370
30
0
40
1.9999999999999996
210
0
220
-0
230
1
0
CIRCLE
5
1713
100
AcDbEntity
8
0
100
AcDbCircle
10
-290
20
-370
30
0
40
1.9999999999999996
210
0
220
-0
230
1
0
CIRCLE
5
1714
100
AcDbEntity
8
0
100
AcDbCircle
10
-300
20
-370
30
0
40
1.9999999999999996
210
0
220
-0
230
1
0
CIRCLE
5
1715
100
AcDbEntity
8
0
100
AcDbCircle
10
-310
20
-370
30
0
40
1.9999999999999996
210
0
220
-0
230
1
0
CIRCLE
5
1716
100
AcDbEntity
8
0
100
AcDbCircle
10
-320
20
-370
30
0
40
1.9999999999999996
210
0
220
-0
230
1
0
CIRCLE
5
1717
100
AcDbEntity
8
0
100
AcDbCircle
10
-330
20
-370
30
0
40
1.9999999999999996
210
0
220
-0
230
1
0
CIRCLE
5
1718
100
AcDbEntity
8
0
100
AcDbCircle
10
-340
20
-370
30
0
40
1.9999999999999996
210
0
220
-0
230
1
0
CIRCLE
5
1719
100
AcDbEntity
8
0
100
AcDbCircle
10
-350
20
-370
30
0
40
1.9999999999999996
210
0
220
-0
230
1
0
CIRCLE
5
1720
100
AcDbEntity
8
0
100
AcDbCircle
10
-360
20
-370
30
0
40
1.9999999999999996
210
0
220
-0
230
1
0
CIRCLE
5
1721
100
AcDbEntity
8
0
100
AcDbCircle
10
-370
20
-370
30
0
40
1.9999999999999996
210
0
220
-0
230
1
0
CIRCLE
5
1722
100
AcDbEntity
8
0
100
AcDbCircle
10
-380
20
-370
30
0
40
1.9999999999999996
210
0
220
-0
230
1
0
CIRCLE
5
1723
100
AcDbEntity
8
0
100
AcDbCircle
10
-390
20
-370
30
0
40
1.9999999999999996
210
0
220
-0
230
1
0
CIRCLE
5
1724
100
AcDbEntity
8
0
100
AcDbCircle
10
-400
20
-370
30
0
40
1.9999999999999996
210
0
220
-0
230
1
0
CIRCLE
5
1725
100
AcDbEntity
8
0
100
AcDbCircle
10
-410
20
-370
30
0
40
1.9999999999999996
210
0
220
-0
230
1
0
CIRCLE
5
1726
100
AcDbEntity
8
0
100
AcDbCircle
10
-420
20
-370
30
0
40
1.9999999999999996
210
0
220
-0
230
1
0
CIRCLE
5
1727
100
AcDbEntity
8
0
100
AcDbCircle
10
-430
20
-370
30
0
40
1.9999999999999996
210
0
220
-0
230
1
0
CIRCLE
5
1728
100
AcDbEntity
8
0
100
AcDbCircle
10
-440
20
-370
30
0
40
1.9999999999999996
210
0
220
-0
230
1
0
CIRCLE
5
1729
100
AcDbEntity
8
0
100
AcDbCircle
10
-10
20
-380
30
0
40
1.9999999999999996
210
0
220
-0
230
1
0
CIRCLE
5
1730
100
AcDbEntity
8
0
100
AcDbCircle
10
-20
20
-380
30
0
40
1.9999999999999996
210
0
220
-0
230
1
0
CIRCLE
5
1731
100
AcDbEntity
8
0
100
AcDbCircle
10
-30
20
-380
30
0
40
1.9999999999999996
210
0
220
-0
230
1
0
CIRCLE
5
1732
100
AcDbEntity
8
0
100
AcDbCircle
10
-40
20
-380
30
0
40
1.9999999999999996
210
0
220
-0
230
1
0
CIRCLE
5
1733
100
AcDbEntity
8
0
100
AcDbCircle
10
-50
20
-380
30
0
40
1.9999999999999996
210
0
220
-0
230
1
0
CIRCLE
5
1734
100
AcDbEntity
8
0
100
AcDbCircle
10
-60
20
-380
30
0
40
1.9999999999999996
210
0
220
-0
230
1
0
CIRCLE
5
1735
100
AcDbEntity
8
0
100
AcDbCircle
10
-70
20
-380
30
0
40
1.9999999999999996
210
0
220
-0
230
1
0
CIRCLE
5
1736
100
AcDbEntity
8
0
100
AcDbCircle
10
-80
20
-380
30
0
40
1.9999999999999996
210
0
220
-0
230
1
0
CIRCLE
5
1737
100
AcDbEntity
8
0
100
AcDbCircle
10
-90
20
-380
30
0
40
1.9999999999999996
210
0
220
-0
230
1
0
CIRCLE
5
1738
100
AcDbEntity
8
0
100
AcDbCircle
10
-100
20
-380
30
0
40
1.9999999999999996
210
0
220
-0
230
1
0
CIRCLE
5
1739
100
AcDbEntity
8
0
100
AcDbCircle
10
-110
20
-380
30
0
40
1.9999999999999996
210
0
220
-0
230
1
0
CIRCLE
5
1740
100
AcDbEntity
8
0
100
AcDbCircle
10
-120
20
-380
30
0
40
1.9999999999999996
210
0
220
-0
230
1
0
CIRCLE
5
1741
100
AcDbEntity
8
0
100
AcDbCircle
10
-130
20
-380
30
0
40
1.9999999999999996
210
0
220
-0
230
1
0
CIRCLE
5
1742
100
AcDbEntity
8
0
100
AcDbCircle
10
-140
20
-380
30
0
40
1.9999999999999996
210
0
220
-0
230
1
0
CIRCLE
5
1743
100
AcDbEntity
8
0
100
AcDbCircle
10
-150
20
-380
30
0
40
1.9999999999999996
210
0
220
-0
230
1
0
CIRCLE
5
1744
100
AcDbEntity
8
0
100
AcDbCircle
10
-160
20
-380
30
0
40
1.9999999999999996
210
0
220
-0
230
1
0
CIRCLE
5
1745
100
AcDbEntity
8
0
100
AcDbCircle
10
-170
20
-380
30
0
40
1.9999999999999996
210
0
220
-0
230
1
0
CIRCLE
5
1746
100
AcDbEntity
8
0
100
AcDbCircle
10
-180
20
-380
30
0
40
1.9999999999999996
210
0
220
-0
230
1
0
CIRCLE
5
1747
100
AcDbEntity
8
0
100
AcDbCircle
10
-190
20
-380
30
0
40
1.9999999999999996
210
0
220
-0
230
1
0
CIRCLE
5
1748
100
AcDbEntity
8
0
100
AcDbCircle
10
-200
20
-380
30
0
40
1.9999999999999996
210
0
220
-0
230
1
0
CIRCLE
5
1749
100
AcDbEntity
8
0
100
AcDbCircle
10
-210
20
-380
30
0
40
1.9999999999999996
210
0
220
-0
230
1
0
CIRCLE
5
1750
100
AcDbEntity
8
0
100
AcDbCircle
10
-220
20
-380
30
0
40
1.9999999999999996
210
0
220
-0
230
1
0
CIRCLE
5
1751
100
AcDbEntity
8
0
100
AcDbCircle
10
-230
20
-380
30
0
40
1.9999999999999996
210
0
220
-0
230
1
0
CIRCLE
5
1752
100
AcDbEntity
8
0
100
AcDbCircle
10
-240
20
-380
30
0
40
1.9999999999999996
210
0
220
-0
230
1
0
CIRCLE
5
1753
100
AcDbEntity
8
0
100
AcDbCircle
10
-250
20
-380
30
0
40
1.9999999999999996
210
0
220
-0
230
1
0
CIRCLE
5
1754
100
AcDbEntity
8
0
100
AcDbCircle
10
-260
20
-380
30
0
40
1.9999999999999996
210
0
220
-0
230
1
0
CIRCLE
5
1755
100
AcDbEntity
8
0
100
AcDbCircle
10
-270
20
-380
30
0
40
1.9999999999999996
210
0
220
-0
230
1
0
CIRCLE
5
1756
100
AcDbEntity
8
0
100
AcDbCircle
10
-280
20
-380
30
0
40
1.9999999999999996
210
0
220
-0
230
1
0
CIRCLE
5
1757
100
AcDbEntity
8
0
100
AcDbCircle
10
-290
20
-380
30
0
40
1.9999999999999996
210
0
220
-0
230
1
0
CIRCLE
5
1758
100
AcDbEntity
8
0
100
AcDbCircle
10
-300
20
-380
30
0
40
1.9999999999999996
210
0
220
-0
230
1
0
CIRCLE
5
1759
100
AcDbEntity
8
0
100
AcDbCircle
10
-310
20
-380
30
0
40
1.9999999999999996
210
0
220
-0
230
1
0
CIRCLE
5
1760
100
AcDbEntity
8
0
100
AcDbCircle
10
-320
20
-380
30
0
40
1.9999999999999996
210
0
220
-0
230
1
0
CIRCLE
5
1761
100
AcDbEntity
8
0
100
AcDbCircle
10
-330
20
-380
30
0
40
1.9999999999999996
210
0
220
-0
230
1
0
CIRCLE
5
1762
100
AcDbEntity
8
0
100
AcDbCircle
10
-340
20
-380
30
0
40
1.9999999999999996
210
0
220
-0
230
1
0
CIRCLE
5
1763
100
AcDbEntity
8
0
100
AcDbCircle
10
-350
20
-380
30
0
40
1.9999999999999996
210
0
220
-0
230
1
0
CIRCLE
5
1764
100
AcDbEntity
8
0
100
AcDbCircle
10
-360
20
-380
30
0
40
1.9999999999999996
210
0
220
-0
230
1
0
CIRCLE
5
1765
100
AcDbEntity
8
0
100
AcDbCircle
10
-370
20
-380
30
0
40
1.9999999999999996
210
0
220
-0
230
1
0
CIRCLE
5
1766
100
AcDbEntity
8
0
100
AcDbCircle
10
-380
20
-380
30
0
40
1.9999999999999996
210
0
220
-0
230
1
0
CIRCLE
5
1767
100
AcDbEntity
8
0
100
AcDbCircle
10
-390
20
-380
30
0
40
1.9999999999999996
210
0
220
-0
230
1
0
CIRCLE
5
1768
100
AcDbEntity
8
0
100
AcDbCircle
10
-400
20
-380
30
0
40
1.9999999999999996
210
0
220
-0
230
1
0
CIRCLE
5
1769
100
AcDbEntity
8
0
100
AcDbCircle
10
-410
20
-380
30
0
40
1.9999999999999996
210
0
220
-0
230
1
0
CIRCLE
5
1770
100
AcDbEntity
8
0
100
AcDbCircle
10
-420
20
-380
30
0
40
1.9999999999999996
210
0
220
-0
230
1
0
CIRCLE
5
1771
100
AcDbEntity
8
0
100
AcDbCircle
10
-430
20
-380
30
0
40
1.9999999999999996
210
0
220
-0
230
1
0
CIRCLE
5
1772
100
AcDbEntity
8
0
100
AcDbCircle
10
-440
20
-380
30
0
40
1.9999999999999996
210
0
220
-0
230
1
0
CIRCLE
5
1773
100
AcDbEntity
8
0
100
AcDbCircle
10
-10
20
-390
30
0
40
1.9999999999999996
210
0
220
-0
230
1
0
CIRCLE
5
1774
100
AcDbEntity
8
0
100
AcDbCircle
10
-20
20
-390
30
0
40
1.9999999999999996
210
0
220
-0
230
1
0
CIRCLE
5
1775
100
AcDbEntity
8
0
100
AcDbCircle
10
-30
20
-390
30
0
40
1.9999999999999996
210
0
220
-0
230
1
0
CIRCLE
5
1776
100
AcDbEntity
8
0
100
AcDbCircle
10
-40
20
-390
30
0
40
1.9999999999999996
210
0
220
-0
230
1
0
CIRCLE
5
1777
100
AcDbEntity
8
0
100
AcDbCircle
10
-50
20
-390
30
0
40
1.9999999999999996
210
0
220
-0
230
1
0
CIRCLE
5
1778
100
AcDbEntity
8
0
100
AcDbCircle
10
-60
20
-390
30
0
40
1.9999999999999996
210
0
220
-0
230
1
0
CIRCLE
5
1779
100
AcDbEntity
8
0
100
AcDbCircle
10
-70
20
-390
30
0
40
1.9999999999999996
210
0
220
-0
230
1
0
CIRCLE
5
1780
100
AcDbEntity
8
0
100
AcDbCircle
10
-80
20
-390
30
0
40
1.9999999999999996
210
0
220
-0
230
1
0
CIRCLE
5
1781
100
AcDbEntity
8
0
100
AcDbCircle
10
-90
20
-390
30
0
40
1.9999999999999996
210
0
220
-0
230
1
0
CIRCLE
5
1782
100
AcDbEntity
8
0
100
AcDbCircle
10
-100
20
-390
30
0
40
1.9999999999999996
210
0
220
-0
230
1
0
CIRCLE
5
1783
100
AcDbEntity
8
0
100
AcDbCircle
10
-110
20
-390
30
0
40
1.9999999999999996
210
0
220
-0
230
1
0
CIRCLE
5
1784
100
AcDbEntity
8
0
100
AcDbCircle
10
-120
20
-390
30
0
40
1.9999999999999996
210
0
220
-0
230
1
0
CIRCLE
5
1785
100
AcDbEntity
8
0
100
AcDbCircle
10
-130
20
-390
30
0
40
1.9999999999999996
210
0
220
-0
230
1
0
CIRCLE
5
1786
100
AcDbEntity
8
0
100
AcDbCircle
10
-140
20
-390
30
0
40
1.9999999999999996
210
0
220
-0
230
1
0
CIRCLE
5
1787
100
AcDbEntity
8
0
100
AcDbCircle
10
-150
20
-390
30
0
40
1.9999999999999996
210
0
220
-0
230
1
0
CIRCLE
5
1788
100
AcDbEntity
8
0
100
AcDbCircle
10
-160
20
-390
30
0
40
1.9999999999999996
210
0
220
-0
230
1
0
CIRCLE
5
1789
100
AcDbEntity
8
0
100
AcDbCircle
10
-170
20
-390
30
0
40
1.9999999999999996
210
0
220
-0
230
1
0
CIRCLE
5
1790
100
AcDbEntity
8
0
100
AcDbCircle
10
-180
20
-390
30
0
40
1.9999999999999996
210
0
220
-0
230
1
0
CIRCLE
5
1791
100
AcDbEntity
8
0
100
AcDbCircle
10
-190
20
-390
30
0
40
1.9999999999999996
210
0
220
-0
230
1
0
CIRCLE
5
1792
100
AcDbEntity
8
0
100
AcDbCircle
10
-200
20
-390
30
0
40
1.9999999999999996
210
0
220
-0
230
1
0
CIRCLE
5
1793
100
AcDbEntity
8
0
100
AcDbCircle
10
-210
20
-390
30
0
40
1.9999999999999996
210
0
220
-0
230
1
0
CIRCLE
5
1794
100
AcDbEntity
8
0
100
AcDbCircle
10
-220
20
-390
30
0
40
1.9999999999999996
210
0
220
-0
230
1
0
CIRCLE
5
1795
100
AcDbEntity
8
0
100
AcDbCircle
10
-230
20
-390
30
0
40
1.9999999999999996
210
0
220
-0
230
1
0
CIRCLE
5
1796
100
AcDbEntity
8
0
100
AcDbCircle
10
-240
20
-390
30
0
40
1.9999999999999996
210
0
220
-0
230
1
0
CIRCLE
5
1797
100
AcDbEntity
8
0
100
AcDbCircle
10
-250
20
-390
30
0
40
1.9999999999999996
210
0
220
-0
230
1
0
CIRCLE
5
1798
100
AcDbEntity
8
0
100
AcDbCircle
10
-260
20
-390
30
0
40
1.9999999999999996
210
0
220
-0
230
1
0
CIRCLE
5
1799
100
AcDbEntity
8
0
100
AcDbCircle
10
-270
20
-390
30
0
40
1.9999999999999996
210
0
220
-0
230
1
0
CIRCLE
5
1800
100
AcDbEntity
8
0
100
AcDbCircle
10
-280
20
-390
30
0
40
1.9999999999999996
210
0
220
-0
230
1
0
CIRCLE
5
1801
100
AcDbEntity
8
0
100
AcDbCircle
10
-290
20
-390
30
0
40
1.9999999999999996
210
0
220
-0
230
1
0
CIRCLE
5
1802
100
AcDbEntity
8
0
100
AcDbCircle
10
-300
20
-390
30
0
40
1.9999999999999996
210
0
220
-0
230
1
0
CIRCLE
5
1803
100
AcDbEntity
8
0
100
AcDbCircle
10
-310
20
-390
30
0
40
1.9999999999999996
210
0
220
-0
230
1
0
CIRCLE
5
1804
100
AcDbEntity
8
0
100
AcDbCircle
10
-320
20
-390
30
0
40
1.9999999999999996
210
0
220
-0
230
1
0
CIRCLE
5
1805
100
AcDbEntity
8
0
100
AcDbCircle
10
-330
20
-390
30
0
40
1.9999999999999996
210
0
220
-0
230
1
0
CIRCLE
5
1806
100
AcDbEntity
8
0
100
AcDbCircle
10
-340
20
-390
30
0
40
1.9999999999999996
210
0
220
-0
230
1
0
CIRCLE
5
1807
100
AcDbEntity
8
0
100
AcDbCircle
10
-350
20
-390
30
0
40
1.9999999999999996
210
0
220
-0
230
1
0
CIRCLE
5
1808
100
AcDbEntity
8
0
100
AcDbCircle
10
-360
20
-390
30
0
40
1.9999999999999996
210
0
220
-0
230
1
0
CIRCLE
5
1809
100
AcDbEntity
8
0
100
AcDbCircle
10
-370
20
-390
30
0
40
1.9999999999999996
210
0
220
-0
230
1
0
CIRCLE
5
1810
100
AcDbEntity
8
0
100
AcDbCircle
10
-380
20
-390
30
0
40
1.9999999999999996
210
0
220
-0
230
1
0
CIRCLE
5
1811
100
AcDbEntity
8
0
100
AcDbCircle
10
-390
20
-390
30
0
40
1.9999999999999996
210
0
220
-0
230
1
0
CIRCLE
5
1812
100
AcDbEntity
8
0
100
AcDbCircle
10
-400
20
-390
30
0
40
1.9999999999999996
210
0
220
-0
230
1
0
CIRCLE
5
1813
100
AcDbEntity
8
0
100
AcDbCircle
10
-410
20
-390
30
0
40
1.9999999999999996
210
0
220
-0
230
1
0
CIRCLE
5
1814
100
AcDbEntity
8
0
100
AcDbCircle
10
-420
20
-390
30
0
40
1.9999999999999996
210
0
220
-0
230
1
0
CIRCLE
5
1815
100
AcDbEntity
8
0
100
AcDbCircle
10
-430
20
-390
30
0
40
1.9999999999999996
210
0
220
-0
230
1
0
CIRCLE
5
1816
100
AcDbEntity
8
0
100
AcDbCircle
10
-440
20
-390
30
0
40
1.9999999999999996
210
0
220
-0
230
1
0
CIRCLE
5
1817
100
AcDbEntity
8
0
100
AcDbCircle
10
-10
20
-400
30
0
40
1.9999999999999996
210
0
220
-0
230
1
0
CIRCLE
5
1818
100
AcDbEntity
8
0
100
AcDbCircle
10
-20
20
-400
30
0
40
1.9999999999999996
210
0
220
-0
230
1
0
CIRCLE
5
1819
100
AcDbEntity
8
0
100
AcDbCircle
10
-30
20
-400
30
0
40
1.9999999999999996
210
0
220
-0
230
1
0
CIRCLE
5
1820
100
AcDbEntity
8
0
100
AcDbCircle
10
-40
20
-400
30
0
40
1.9999999999999996
210
0
220
-0
230
1
0
CIRCLE
5
1821
100
AcDbEntity
8
0
100
AcDbCircle
10
-50
20
-400
30
0
40
1.9999999999999996
210
0
220
-0
230
1
0
CIRCLE
5
1822
100
AcDbEntity
8
0
100
AcDbCircle
10
-60
20
-400
30
0
40
1.9999999999999996
210
0
220
-0
230
1
0
CIRCLE
5
1823
100
AcDbEntity
8
0
100
AcDbCircle
10
-70
20
-400
30
0
40
1.9999999999999996
210
0
220
-0
230
1
0
CIRCLE
5
1824
100
AcDbEntity
8
0
100
AcDbCircle
10
-80
20
-400
30
0
40
1.9999999999999996
210
0
220
-0
230
1
0
CIRCLE
5
1825
100
AcDbEntity
8
0
100
AcDbCircle
10
-90
20
-400
30
0
40
1.9999999999999996
210
0
220
-0
230
1
0
CIRCLE
5
1826
100
AcDbEntity
8
0
100
AcDbCircle
10
-100
20
-400
30
0
40
1.9999999999999996
210
0
220
-0
230
1
0
CIRCLE
5
1827
100
AcDbEntity
8
0
100
AcDbCircle
10
-110
20
-400
30
0
40
1.9999999999999996
210
0
220
-0
230
1
0
CIRCLE
5
1828
100
AcDbEntity
8
0
100
AcDbCircle
10
-120
20
-400
30
0
40
1.9999999999999996
210
0
220
-0
230
1
0
CIRCLE
5
1829
100
AcDbEntity
8
0
100
AcDbCircle
10
-130
20
-400
30
0
40
1.9999999999999996
210
0
220
-0
230
1
0
CIRCLE
5
1830
100
AcDbEntity
8
0
100
AcDbCircle
10
-140
20
-400
30
0
40
1.9999999999999996
210
0
220
-0
230
1
0
CIRCLE
5
1831
100
AcDbEntity
8
0
100
AcDbCircle
10
-150
20
-400
30
0
40
1.9999999999999996
210
0
220
-0
230
1
0
CIRCLE
5
1832
100
AcDbEntity
8
0
100
AcDbCircle
10
-160
20
-400
30
0
40
1.9999999999999996
210
0
220
-0
230
1
0
CIRCLE
5
1833
100
AcDbEntity
8
0
100
AcDbCircle
10
-170
20
-400
30
0
40
1.9999999999999996
210
0
220
-0
230
1
0
CIRCLE
5
1834
100
AcDbEntity
8
0
100
AcDbCircle
10
-180
20
-400
30
0
40
1.9999999999999996
210
0
220
-0
230
1
0
CIRCLE
5
1835
100
AcDbEntity
8
0
100
AcDbCircle
10
-190
20
-400
30
0
40
1.9999999999999996
210
0
220
-0
230
1
0
CIRCLE
5
1836
100
AcDbEntity
8
0
100
AcDbCircle
10
-200
20
-400
30
0
40
1.9999999999999996
210
0
220
-0
230
1
0
CIRCLE
5
1837
100
AcDbEntity
8
0
100
AcDbCircle
10
-210
20
-400
30
0
40
1.9999999999999996
210
0
220
-0
230
1
0
CIRCLE
5
1838
100
AcDbEntity
8
0
100
AcDbCircle
10
-220
20
-400
30
0
40
1.9999999999999996
210
0
220
-0
230
1
0
CIRCLE
5
1839
100
AcDbEntity
8
0
100
AcDbCircle
10
-230
20
-400
30
0
40
1.9999999999999996
210
0
220
-0
230
1
0
CIRCLE
5
1840
100
AcDbEntity
8
0
100
AcDbCircle
10
-240
20
-400
30
0
40
1.9999999999999996
210
0
220
-0
230
1
0
CIRCLE
5
1841
100
AcDbEntity
8
0
100
AcDbCircle
10
-250
20
-400
30
0
40
1.9999999999999996
210
0
220
-0
230
1
0
CIRCLE
5
1842
100
AcDbEntity
8
0
100
AcDbCircle
10
-260
20
-400
30
0
40
1.9999999999999996
210
0
220
-0
230
1
0
CIRCLE
5
1843
100
AcDbEntity
8
0
100
AcDbCircle
10
-270
20
-400
30
0
40
1.9999999999999996
210
0
220
-0
230
1
0
CIRCLE
5
1844
100
AcDbEntity
8
0
100
AcDbCircle
10
-280
20
-400
30
0
40
1.9999999999999996
210
0
220
-0
230
1
0
CIRCLE
5
1845
100
AcDbEntity
8
0
100
AcDbCircle
10
-290
20
-400
30
0
40
1.9999999999999996
210
0
220
-0
230
1
0
CIRCLE
5
1846
100
AcDbEntity
8
0
100
AcDbCircle
10
-300
20
-400
30
0
40
1.9999999999999996
210
0
220
-0
230
1
0
CIRCLE
5
1847
100
AcDbEntity
8
0
100
AcDbCircle
10
-310
20
-400
30
0
40
1.9999999999999996
210
0
220
-0
230
1
0
CIRCLE
5
1848
100
AcDbEntity
8
0
100
AcDbCircle
10
-320
20
-400
30
0
40
1.9999999999999996
210
0
220
-0
230
1
0
CIRCLE
5
1849
100
AcDbEntity
8
0
100
AcDbCircle
10
-330
20
-400
30
0
40
1.9999999999999996
210
0
220
-0
230
1
0
CIRCLE
5
1850
100
AcDbEntity
8
0
100
AcDbCircle
10
-340
20
-400
30
0
40
1.9999999999999996
210
0
220
-0
230
1
0
CIRCLE
5
1851
100
AcDbEntity
8
0
100
AcDbCircle
10
-350
20
-400
30
0
40
1.9999999999999996
210
0
220
-0
230
1
0
CIRCLE
5
1852
100
AcDbEntity
8
0
100
AcDbCircle
10
-360
20
-400
30
0
40
1.9999999999999996
210
0
220
-0
230
1
0
CIRCLE
5
1853
100
AcDbEntity
8
0
100
AcDbCircle
10
-370
20
-400
30
0
40
1.9999999999999996
210
0
220
-0
230
1
0
CIRCLE
5
1854
100
AcDbEntity
8
0
100
AcDbCircle
10
-380
20
-400
30
0
40
1.9999999999999996
210
0
220
-0
230
1
0
CIRCLE
5
1855
100
AcDbEntity
8
0
100
AcDbCircle
10
-390
20
-400
30
0
40
1.9999999999999996
210
0
220
-0
230
1
0
CIRCLE
5
1856
100
AcDbEntity
8
0
100
AcDbCircle
10
-400
20
-400
30
0
40
1.9999999999999996
210
0
220
-0
230
1
0
CIRCLE
5
1857
100
AcDbEntity
8
0
100
AcDbCircle
10
-410
20
-400
30
0
40
1.9999999999999996
210
0
220
-0
230
1
0
CIRCLE
5
1858
100
AcDbEntity
8
0
100
AcDbCircle
10
-420
20
-400
30
0
40
1.9999999999999996
210
0
220
-0
230
1
0
CIRCLE
5
1859
100
AcDbEntity
8
0
100
AcDbCircle
10
-430
20
-400
30
0
40
1.9999999999999996
210
0
220
-0
230
1
0
CIRCLE
5
1860
100
AcDbEntity
8
0
100
AcDbCircle
10
-440
20
-400
30
0
40
1.9999999999999996
210
0
220
-0
230
1
0
CIRCLE
5
1861
100
AcDbEntity
8
0
100
AcDbCircle
10
-10
20
-410
30
0
40
1.9999999999999996
210
0
220
-0
230
1
0
CIRCLE
5
1862
100
AcDbEntity
8
0
100
AcDbCircle
10
-20
20
-410
30
0
40
1.9999999999999996
210
0
220
-0
230
1
0
CIRCLE
5
1863
100
AcDbEntity
8
0
100
AcDbCircle
10
-30
20
-410
30
0
40
1.9999999999999996
210
0
220
-0
230
1
0
CIRCLE
5
1864
100
AcDbEntity
8
0
100
AcDbCircle
10
-40
20
-410
30
0
40
1.9999999999999996
210
0
220
-0
230
1
0
CIRCLE
5
1865
100
AcDbEntity
8
0
100
AcDbCircle
10
-50
20
-410
30
0
40
1.9999999999999996
210
0
220
-0
230
1
0
CIRCLE
5
1866
100
AcDbEntity
8
0
100
AcDbCircle
10
-60
20
-410
30
0
40
1.9999999999999996
210
0
220
-0
230
1
0
CIRCLE
5
1867
100
AcDbEntity
8
0
100
AcDbCircle
10
-70
20
-410
30
0
40
1.9999999999999996
210
0
220
-0
230
1
0
CIRCLE
5
1868
100
AcDbEntity
8
0
100
AcDbCircle
10
-80
20
-410
30
0
40
1.9999999999999996
210
0
220
-0
230
1
0
CIRCLE
5
1869
100
AcDbEntity
8
0
100
AcDbCircle
10
-90
20
-410
30
0
40
1.9999999999999996
210
0
220
-0
230
1
0
CIRCLE
5
1870
100
AcDbEntity
8
0
100
AcDbCircle
10
-100
20
-410
30
0
40
1.9999999999999996
210
0
220
-0
230
1
0
CIRCLE
5
1871
100
AcDbEntity
8
0
100
AcDbCircle
10
-110
20
-410
30
0
40
1.9999999999999996
210
0
220
-0
230
1
0
CIRCLE
5
1872
100
AcDbEntity
8
0
100
AcDbCircle
10
-120
20
-410
30
0
40
1.9999999999999996
210
0
220
-0
230
1
0
CIRCLE
5
1873
100
AcDbEntity
8
0
100
AcDbCircle
10
-130
20
-410
30
0
40
1.9999999999999996
210
0
220
-0
230
1
0
CIRCLE
5
1874
100
AcDbEntity
8
0
100
AcDbCircle
10
-140
20
-410
30
0
40
1.9999999999999996
210
0
220
-0
230
1
0
CIRCLE
5
1875
100
AcDbEntity
8
0
100
AcDbCircle
10
-150
20
-410
30
0
40
1.9999999999999996
210
0
220
-0
230
1
0
CIRCLE
5
1876
100
AcDbEntity
8
0
100
AcDbCircle
10
-160
20
-410
30
0
40
1.9999999999999996
210
0
220
-0
230
1
0
CIRCLE
5
1877
100
AcDbEntity
8
0
100
AcDbCircle
10
-170
20
-410
30
0
40
1.9999999999999996
210
0
220
-0
230
1
0
CIRCLE
5
1878
100
AcDbEntity
8
0
100
AcDbCircle
10
-180
20
-410
30
0
40
1.9999999999999996
210
0
220
-0
230
1
0
CIRCLE
5
1879
100
AcDbEntity
8
0
100
AcDbCircle
10
-190
20
-410
30
0
40
1.9999999999999996
210
0
220
-0
230
1
0
CIRCLE
5
1880
100
AcDbEntity
8
0
100
AcDbCircle
10
-200
20
-410
30
0
40
1.9999999999999996
210
0
220
-0
230
1
0
CIRCLE
5
1881
100
AcDbEntity
8
0
100
AcDbCircle
10
-210
20
-410
30
0
40
1.9999999999999996
210
0
220
-0
230
1
0
CIRCLE
5
1882
100
AcDbEntity
8
0
100
AcDbCircle
10
-220
20
-410
30
0
40
1.9999999999999996
210
0
220
-0
230
1
0
CIRCLE
5
1883
100
AcDbEntity
8
0
100
AcDbCircle
10
-230
20
-410
30
0
40
1.9999999999999996
210
0
220
-0
230
1
0
CIRCLE
5
1884
100
AcDbEntity
8
0
100
AcDbCircle
10
-240
20
-410
30
0
40
1.9999999999999996
210
0
220
-0
230
1
0
CIRCLE
5
1885
100
AcDbEntity
8
0
100
AcDbCircle
10
-250
20
-410
30
0
40
1.9999999999999996
210
0
220
-0
230
1
0
CIRCLE
5
1886
100
AcDbEntity
8
0
100
AcDbCircle
10
-260
20
-410
30
0
40
1.9999999999999996
210
0
220
-0
230
1
0
CIRCLE
5
1887
100
AcDbEntity
8
0
100
AcDbCircle
10
-270
20
-410
30
0
40
1.9999999999999996
210
0
220
-0
230
1
0
CIRCLE
5
1888
100
AcDbEntity
8
0
100
AcDbCircle
10
-280
20
-410
30
0
40
1.9999999999999996
210
0
220
-0
230
1
0
CIRCLE
5
1889
100
AcDbEntity
8
0
100
AcDbCircle
10
-290
20
-410
30
0
40
1.9999999999999996
210
0
220
-0
230
1
0
CIRCLE
5
1890
100
AcDbEntity
8
0
100
AcDbCircle
10
-300
20
-410
30
0
40
1.9999999999999996
210
0
220
-0
230
1
0
CIRCLE
5
1891
100
AcDbEntity
8
0
100
AcDbCircle
10
-310
20
-410
30
0
40
1.9999999999999996
210
0
220
-0
230
1
0
CIRCLE
5
1892
100
AcDbEntity
8
0
100
AcDbCircle
10
-320
20
-410
30
0
40
1.9999999999999996
210
0
220
-0
230
1
0
CIRCLE
5
1893
100
AcDbEntity
8
0
100
AcDbCircle
10
-330
20
-410
30
0
40
1.9999999999999996
210
0
220
-0
230
1
0
CIRCLE
5
1894
100
AcDbEntity
8
0
100
AcDbCircle
10
-340
20
-410
30
0
40
1.9999999999999996
210
0
220
-0
230
1
0
CIRCLE
5
1895
100
AcDbEntity
8
0
100
AcDbCircle
10
-350
20
-410
30
0
40
1.9999999999999996
210
0
220
-0
230
1
0
CIRCLE
5
1896
100
AcDbEntity
8
0
100
AcDbCircle
10
-360
20
-410
30
0
40
1.9999999999999996
210
0
220
-0
230
1
0
CIRCLE
5
1897
100
AcDbEntity
8
0
100
AcDbCircle
10
-370
20
-410
30
0
40
1.9999999999999996
210
0
220
-0
230
1
0
CIRCLE
5
1898
100
AcDbEntity
8
0
100
AcDbCircle
10
-380
20
-410
30
0
40
1.9999999999999996
210
0
220
-0
230
1
0
CIRCLE
5
1899
100
AcDbEntity
8
0
100
AcDbCircle
10
-390
20
-410
30
0
40
1.9999999999999996
210
0
220
-0
230
1
0
CIRCLE
5
1900
100
AcDbEntity
8
0
100
AcDbCircle
10
-400
20
-410
30
0
40
1.9999999999999996
210
0
220
-0
230
1
0
CIRCLE
5
1901
100
AcDbEntity
8
0
100
AcDbCircle
10
-410
20
-410
30
0
40
1.9999999999999996
210
0
220
-0
230
1
0
CIRCLE
5
1902
100
AcDbEntity
8
0
100
AcDbCircle
10
-420
20
-410
30
0
40
1.9999999999999996
210
0
220
-0
230
1
0
CIRCLE
5
1903
100
AcDbEntity
8
0
100
AcDbCircle
10
-430
20
-410
30
0
40
1.9999999999999996
210
0
220
-0
230
1
0
CIRCLE
5
1904
100
AcDbEntity
8
0
100
AcDbCircle
10
-440
20
-410
30
0
40
1.9999999999999996
210
0
220
-0
230
1
0
CIRCLE
5
1905
100
AcDbEntity
8
0
100
AcDbCircle
10
-10
20
-420
30
0
40
1.9999999999999996
210
0
220
-0
230
1
0
CIRCLE
5
1906
100
AcDbEntity
8
0
100
AcDbCircle
10
-20
20
-420
30
0
40
1.9999999999999996
210
0
220
-0
230
1
0
CIRCLE
5
1907
100
AcDbEntity
8
0
100
AcDbCircle
10
-30
20
-420
30
0
40
1.9999999999999996
210
0
220
-0
230
1
0
CIRCLE
5
1908
100
AcDbEntity
8
0
100
AcDbCircle
10
-40
20
-420
30
0
40
1.9999999999999996
210
0
220
-0
230
1
0
CIRCLE
5
1909
100
AcDbEntity
8
0
100
AcDbCircle
10
-50
20
-420
30
0
40
1.9999999999999996
210
0
220
-0
230
1
0
CIRCLE
5
1910
100
AcDbEntity
8
0
100
AcDbCircle
10
-60
20
-420
30
0
40
1.9999999999999996
210
0
220
-0
230
1
0
CIRCLE
5
1911
100
AcDbEntity
8
0
100
AcDbCircle
10
-70
20
-420
30
0
40
1.9999999999999996
210
0
220
-0
230
1
0
CIRCLE
5
1912
100
AcDbEntity
8
0
100
AcDbCircle
10
-80
20
-420
30
0
40
1.9999999999999996
210
0
220
-0
230
1
0
CIRCLE
5
1913
100
AcDbEntity
8
0
100
AcDbCircle
10
-90
20
-420
30
0
40
1.9999999999999996
210
0
220
-0
230
1
0
CIRCLE
5
1914
100
AcDbEntity
8
0
100
AcDbCircle
10
-100
20
-420
30
0
40
1.9999999999999996
210
0
220
-0
230
1
0
CIRCLE
5
1915
100
AcDbEntity
8
0
100
AcDbCircle
10
-110
20
-420
30
0
40
1.9999999999999996
210
0
220
-0
230
1
0
CIRCLE
5
1916
100
AcDbEntity
8
0
100
AcDbCircle
10
-120
20
-420
30
0
40
1.9999999999999996
210
0
220
-0
230
1
0
CIRCLE
5
1917
100
AcDbEntity
8
0
100
AcDbCircle
10
-130
20
-420
30
0
40
1.9999999999999996
210
0
220
-0
230
1
0
CIRCLE
5
1918
100
AcDbEntity
8
0
100
AcDbCircle
10
-140
20
-420
30
0
40
1.9999999999999996
210
0
220
-0
230
1
0
CIRCLE
5
1919
100
AcDbEntity
8
0
100
AcDbCircle
10
-150
20
-420
30
0
40
1.9999999999999996
210
0
220
-0
230
1
0
CIRCLE
5
1920
100
AcDbEntity
8
0
100
AcDbCircle
10
-160
20
-420
30
0
40
1.9999999999999996
210
0
220
-0
230
1
0
CIRCLE
5
1921
100
AcDbEntity
8
0
100
AcDbCircle
10
-170
20
-420
30
0
40
1.9999999999999996
210
0
220
-0
230
1
0
CIRCLE
5
1922
100
AcDbEntity
8
0
100
AcDbCircle
10
-180
20
-420
30
0
40
1.9999999999999996
210
0
220
-0
230
1
0
CIRCLE
5
1923
100
AcDbEntity
8
0
100
AcDbCircle
10
-190
20
-420
30
0
40
1.9999999999999996
210
0
220
-0
230
1
0
CIRCLE
5
1924
100
AcDbEntity
8
0
100
AcDbCircle
10
-200
20
-420
30
0
40
1.9999999999999996
210
0
220
-0
230
1
0
CIRCLE
5
1925
100
AcDbEntity
8
0
100
AcDbCircle
10
-210
20
-420
30
0
40
1.9999999999999996
210
0
220
-0
230
1
0
CIRCLE
5
1926
100
AcDbEntity
8
0
100
AcDbCircle
10
-220
20
-420
30
0
40
1.9999999999999996
210
0
220
-0
230
1
0
CIRCLE
5
1927
100
AcDbEntity
8
0
100
AcDbCircle
10
-230
20
-420
30
0
40
1.9999999999999996
210
0
220
-0
230
1
0
CIRCLE
5
1928
100
AcDbEntity
8
0
100
AcDbCircle
10
-240
20
-420
30
0
40
1.9999999999999996
210
0
220
-0
230
1
0
CIRCLE
5
1929
100
AcDbEntity
8
0
100
AcDbCircle
10
-250
20
-420
30
0
40
1.9999999999999996
210
0
220
-0
230
1
0
CIRCLE
5
1930
100
AcDbEntity
8
0
100
AcDbCircle
10
-260
20
-420
30
0
40
1.9999999999999996
210
0
220
-0
230
1
0
CIRCLE
5
1931
100
AcDbEntity
8
0
100
AcDbCircle
10
-270
20
-420
30
0
40
1.9999999999999996
210
0
220
-0
230
1
0
CIRCLE
5
1932
100
AcDbEntity
8
0
100
AcDbCircle
10
-280
20
-420
30
0
40
1.9999999999999996
210
0
220
-0
230
1
0
CIRCLE
5
1933
100
AcDbEntity
8
0
100
AcDbCircle
10
-290
20
-420
30
0
40
1.9999999999999996
210
0
220
-0
230
1
0
CIRCLE
5
1934
100
AcDbEntity
8
0
100
AcDbCircle
10
-300
20
-420
30
0
40
1.9999999999999996
210
0
220
-0
230
1
0
CIRCLE
5
1935
100
AcDbEntity
8
0
100
AcDbCircle
10
-310
20
-420
30
0
40
1.9999999999999996
210
0
220
-0
230
1
0
CIRCLE
5
1936
100
AcDbEntity
8
0
100
AcDbCircle
10
-320
20
-420
30
0
40
1.9999999999999996
210
0
220
-0
230
1
0
CIRCLE
5
1937
100
AcDbEntity
8
0
100
AcDbCircle
10
-330
20
-420
30
0
40
1.9999999999999996
210
0
220
-0
230
1
0
CIRCLE
5
1938
100
AcDbEntity
8
0
100
AcDbCircle
10
-340
20
-420
30
0
40
1.9999999999999996
210
0
220
-0
230
1
0
CIRCLE
5
1939
100
AcDbEntity
8
0
100
AcDbCircle
10
-350
20
-420
30
0
40
1.9999999999999996
210
0
220
-0
230
1
0
CIRCLE
5
1940
100
AcDbEntity
8
0
100
AcDbCircle
10
-360
20
-420
30
0
40
1.9999999999999996
210
0
220
-0
230
1
0
CIRCLE
5
1941
100
AcDbEntity
8
0
100
AcDbCircle
10
-370
20
-420
30
0
40
1.9999999999999996
210
0
220
-0
230
1
0
CIRCLE
5
1942
100
AcDbEntity
8
0
100
AcDbCircle
10
-380
20
-420
30
0
40
1.9999999999999996
210
0
220
-0
230
1
0
CIRCLE
5
1943
100
AcDbEntity
8
0
100
AcDbCircle
10
-390
20
-420
30
0
40
1.9999999999999996
210
0
220
-0
230
1
0
CIRCLE
5
1944
100
AcDbEntity
8
0
100
AcDbCircle
10
-400
20
-420
30
0
40
1.9999999999999996
210
0
220
-0
230
1
0
CIRCLE
5
1945
100
AcDbEntity
8
0
100
AcDbCircle
10
-410
20
-420
30
0
40
1.9999999999999996
210
0
220
-0
230
1
0
CIRCLE
5
1946
100
AcDbEntity
8
0
100
AcDbCircle
10
-420
20
-420
30
0
40
1.9999999999999996
210
0
220
-0
230
1
0
CIRCLE
5
1947
100
AcDbEntity
8
0
100
AcDbCircle
10
-430
20
-420
30
0
40
1.9999999999999996
210
0
220
-0
230
1
0
CIRCLE
5
1948
100
AcDbEntity
8
0
100
AcDbCircle
10
-440
20
-420
30
0
40
1.9999999999999996
210
0
220
-0
230
1
0
CIRCLE
5
1949
100
AcDbEntity
8
0
100
AcDbCircle
10
-10
20
-430
30
0
40
1.9999999999999996
210
0
220
-0
230
1
0
CIRCLE
5
1950
100
AcDbEntity
8
0
100
AcDbCircle
10
-20
20
-430
30
0
40
1.9999999999999996
210
0
220
-0
230
1
0
CIRCLE
5
1951
100
AcDbEntity
8
0
100
AcDbCircle
10
-30
20
-430
30
0
40
1.9999999999999996
210
0
220
-0
230
1
0
CIRCLE
5
1952
100
AcDbEntity
8
0
100
AcDbCircle
10
-40
20
-430
30
0
40
1.9999999999999996
210
0
220
-0
230
1
0
CIRCLE
5
1953
100
AcDbEntity
8
0
100
AcDbCircle
10
-50
20
-430
30
0
40
1.9999999999999996
210
0
220
-0
230
1
0
CIRCLE
5
1954
100
AcDbEntity
8
0
100
AcDbCircle
10
-60
20
-430
30
0
40
1.9999999999999996
210
0
220
-0
230
1
0
CIRCLE
5
1955
100
AcDbEntity
8
0
100
AcDbCircle
10
-70
20
-430
30
0
40
1.9999999999999996
210
0
220
-0
230
1
0
CIRCLE
5
1956
100
AcDbEntity
8
0
100
AcDbCircle
10
-80
20
-430
30
0
40
1.9999999999999996
210
0
220
-0
230
1
0
CIRCLE
5
1957
100
AcDbEntity
8
0
100
AcDbCircle
10
-90
20
-430
30
0
40
1.9999999999999996
210
0
220
-0
230
1
0
CIRCLE
5
1958
100
AcDbEntity
8
0
100
AcDbCircle
10
-100
20
-430
30
0
40
1.9999999999999996
210
0
220
-0
230
1
0
CIRCLE
5
1959
100
AcDbEntity
8
0
100
AcDbCircle
10
-110
20
-430
30
0
40
1.9999999999999996
210
0
220
-0
230
1
0
CIRCLE
5
1960
100
AcDbEntity
8
0
100
AcDbCircle
10
-120
20
-430
30
0
40
1.9999999999999996
210
0
220
-0
230
1
0
CIRCLE
5
1961
100
AcDbEntity
8
0
100
AcDbCircle
10
-130
20
-430
30
0
40
1.9999999999999996
210
0
220
-0
230
1
0
CIRCLE
5
1962
100
AcDbEntity
8
0
100
AcDbCircle
10
-140
20
-430
30
0
40
1.9999999999999996
210
0
220
-0
230
1
0
CIRCLE
5
1963
100
AcDbEntity
8
0
100
AcDbCircle
10
-150
20
-430
30
0
40
1.9999999999999996
210
0
220
-0
230
1
0
CIRCLE
5
1964
100
AcDbEntity
8
0
100
AcDbCircle
10
-160
20
-430
30
0
40
1.9999999999999996
210
0
220
-0
230
1
0
CIRCLE
5
1965
100
AcDbEntity
8
0
100
AcDbCircle
10
-170
20
-430
30
0
40
1.9999999999999996
210
0
220
-0
230
1
0
CIRCLE
5
1966
100
AcDbEntity
8
0
100
AcDbCircle
10
-180
20
-430
30
0
40
1.9999999999999996
210
0
220
-0
230
1
0
CIRCLE
5
1967
100
AcDbEntity
8
0
100
AcDbCircle
10
-190
20
-430
30
0
40
1.9999999999999996
210
0
220
-0
230
1
0
CIRCLE
5
1968
100
AcDbEntity
8
0
100
AcDbCircle
10
-200
20
-430
30
0
40
1.9999999999999996
210
0
220
-0
230
1
0
CIRCLE
5
1969
100
AcDbEntity
8
0
100
AcDbCircle
10
-210
20
-430
30
0
40
1.9999999999999996
210
0
220
-0
230
1
0
CIRCLE
5
1970
100
AcDbEntity
8
0
100
AcDbCircle
10
-220
20
-430
30
0
40
1.9999999999999996
210
0
220
-0
230
1
0
CIRCLE
5
1971
100
AcDbEntity
8
0
100
AcDbCircle
10
-230
20
-430
30
0
40
1.9999999999999996
210
0
220
-0
230
1
0
CIRCLE
5
1972
100
AcDbEntity
8
0
100
AcDbCircle
10
-240
20
-430
30
0
40
1.9999999999999996
210
0
220
-0
230
1
0
CIRCLE
5
1973
100
AcDbEntity
8
0
100
AcDbCircle
10
-250
20
-430
30
0
40
1.9999999999999996
210
0
220
-0
230
1
0
CIRCLE
5
1974
100
AcDbEntity
8
0
100
AcDbCircle
10
-260
20
-430
30
0
40
1.9999999999999996
210
0
220
-0
230
1
0
CIRCLE
5
1975
100
AcDbEntity
8
0
100
AcDbCircle
10
-270
20
-430
30
0
40
1.9999999999999996
210
0
220
-0
230
1
0
CIRCLE
5
1976
100
AcDbEntity
8
0
100
AcDbCircle
10
-280
20
-430
30
0
40
1.9999999999999996
210
0
220
-0
230
1
0
CIRCLE
5
1977
100
AcDbEntity
8
0
100
AcDbCircle
10
-290
20
-430
30
0
40
1.9999999999999996
210
0
220
-0
230
1
0
CIRCLE
5
1978
100
AcDbEntity
8
0
100
AcDbCircle
10
-300
20
-430
30
0
40
1.9999999999999996
210
0
220
-0
230
1
0
CIRCLE
5
1979
100
AcDbEntity
8
0
100
AcDbCircle
10
-310
20
-430
30
0
40
1.9999999999999996
210
0
220
-0
230
1
0
CIRCLE
5
1980
100
AcDbEntity
8
0
100
AcDbCircle
10
-320
20
-430
30
0
40
1.9999999999999996
210
0
220
-0
230
1
0
CIRCLE
5
1981
100
AcDbEntity
8
0
100
AcDbCircle
10
-330
20
-430
30
0
40
1.9999999999999996
210
0
220
-0
230
1
0
CIRCLE
5
1982
100
AcDbEntity
8
0
100
AcDbCircle
10
-340
20
-430
30
0
40
1.9999999999999996
210
0
220
-0
230
1
0
CIRCLE
5
1983
100
AcDbEntity
8
0
100
AcDbCircle
10
-350
20
-430
30
0
40
1.9999999999999996
210
0
220
-0
230
1
0
CIRCLE
5
1984
100
AcDbEntity
8
0
100
AcDbCircle
10
-360
20
-430
30
0
40
1.9999999999999996
210
0
220
-0
230
1
0
CIRCLE
5
1985
100
AcDbEntity
8
0
100
AcDbCircle
10
-370
20
-430
30
0
40
1.9999999999999996
210
0
220
-0
230
1
0
CIRCLE
5
1986
100
AcDbEntity
8
0
100
AcDbCircle
10
-380
20
-430
30
0
40
1.9999999999999996
210
0
220
-0
230
1
0
CIRCLE
5
1987
100
AcDbEntity
8
0
100
AcDbCircle
10
-390
20
-430
30
0
40
1.9999999999999996
210
0
220
-0
230
1
0
CIRCLE
5
1988
100
AcDbEntity
8
0
100
AcDbCircle
10
-400
20
-430
30
0
40
1.9999999999999996
210
0
220
-0
230
1
0
CIRCLE
5
1989
100
AcDbEntity
8
0
100
AcDbCircle
10
-410
20
-430
30
0
40
1.9999999999999996
210
0
220
-0
230
1
0
CIRCLE
5
1990
100
AcDbEntity
8
0
100
AcDbCircle
10
-420
20
-430
30
0
40
1.9999999999999996
210
0
220
-0
230
1
0
CIRCLE
5
1991
100
AcDbEntity
8
0
100
AcDbCircle
10
-430
20
-430
30
0
40
1.9999999999999996
210
0
220
-0
230
1
0
CIRCLE
5
1992
100
AcDbEntity
8
0
100
AcDbCircle
10
-440
20
-430
30
0
40
1.9999999999999996
210
0
220
-0
230
1
0
CIRCLE
5
1993
100
AcDbEntity
8
0
100
AcDbCircle
10
-10
20
-440
30
0
40
1.9999999999999996
210
0
220
-0
230
1
0
CIRCLE
5
1994
100
AcDbEntity
8
0
100
AcDbCircle
10
-20
20
-440
30
0
40
1.9999999999999996
210
0
220
-0
230
1
0
CIRCLE
5
1995
100
AcDbEntity
8
0
100
AcDbCircle
10
-30
20
-440
30
0
40
1.9999999999999996
210
0
220
-0
230
1
0
CIRCLE
5
1996
100
AcDbEntity
8
0
100
AcDbCircle
10
-40
20
-440
30
0
40
1.9999999999999996
210
0
220
-0
230
1
0
CIRCLE
5
1997
100
AcDbEntity
8
0
100
AcDbCircle
10
-50
20
-440
30
0
40
1.9999999999999996
210
0
220
-0
230
1
0
CIRCLE
5
1998
100
AcDbEntity
8
0
100
AcDbCircle
10
-60
20
-440
30
0
40
1.9999999999999996
210
0
220
-0
230
1
0
CIRCLE
5
1999
100
AcDbEntity
8
0
100
AcDbCircle
10
-70
20
-440
30
0
40
1.9999999999999996
210
0
220
-0
230
1
0
CIRCLE
5
2000
100
AcDbEntity
8
0
100
AcDbCircle
10
-80
20
-440
30
0
40
1.9999999999999996
210
0
220
-0
230
1
0
CIRCLE
5
2001
100
AcDbEntity
8
0
100
AcDbCircle
10
-90
20
-440
30
0
40
1.9999999999999996
210
0
220
-0
230
1
0
CIRCLE
5
2002
100
AcDbEntity
8
0
100
AcDbCircle
10
-100
20
-440
30
0
40
1.9999999999999996
210
0
220
-0
230
1
0
CIRCLE
5
2003
100
AcDbEntity
8
0
100
AcDbCircle
10
-110
20
-440
30
0
40
1.9999999999999996
210
0
220
-0
230
1
0
CIRCLE
5
2004
100
AcDbEntity
8
0
100
AcDbCircle
10
-120
20
-440
30
0
40
1.9999999999999996
210
0
220
-0
230
1
0
CIRCLE
5
2005
100
AcDbEntity
8
0
100
AcDbCircle
10
-130
20
-440
30
0
40
1.9999999999999996
210
0
220
-0
230
1
0
CIRCLE
5
2006
100
AcDbEntity
8
0
100
AcDbCircle
10
-140
20
-440
30
0
40
1.9999999999999996
210
0
220
-0
230
1
0
CIRCLE
5
2007
100
AcDbEntity
8
0
100
AcDbCircle
10
-150
20
-440
30
0
40
1.9999999999999996
210
0
220
-0
230
1
0
CIRCLE
5
2008
100
AcDbEntity
8
0
100
AcDbCircle
10
-160
20
-440
30
0
40
1.9999999999999996
210
0
220
-0
230
1
0
CIRCLE
5
2009
100
AcDbEntity
8
0
100
AcDbCircle
10
-170
20
-440
30
0
40
1.9999999999999996
210
0
220
-0
230
1
0
CIRCLE
5
2010
100
AcDbEntity
8
0
100
AcDbCircle
10
-180
20
-440
30
0
40
1.9999999999999996
210
0
220
-0
230
1
0
CIRCLE
5
2011
100
AcDbEntity
8
0
100
AcDbCircle
10
-190
20
-440
30
0
40
1.9999999999999996
210
0
220
-0
230
1
0
CIRCLE
5
2012
100
AcDbEntity
8
0
100
AcDbCircle
10
-200
20
-440
30
0
40
1.9999999999999996
210
0
220
-0
230
1
0
CIRCLE
5
2013
100
AcDbEntity
8
0
100
AcDbCircle
10
-210
20
-440
30
0
40
1.9999999999999996
210
0
220
-0
230
1
0
CIRCLE
5
2014
100
AcDbEntity
8
0
100
AcDbCircle
10
-220
20
-440
30
0
40
1.9999999999999996
210
0
220
-0
230
1
0
CIRCLE
5
2015
100
AcDbEntity
8
0
100
AcDbCircle
10
-230
20
-440
30
0
40
1.9999999999999996
210
0
220
-0
230
1
0
CIRCLE
5
2016
100
AcDbEntity
8
0
100
AcDbCircle
10
-240
20
-440
30
0
40
1.9999999999999996
210
0
220
-0
230
1
0
CIRCLE
5
2017
100
AcDbEntity
8
0
100
AcDbCircle
10
-250
20
-440
30
0
40
1.9999999999999996
210
0
220
-0
230
1
0
CIRCLE
5
2018
100
AcDbEntity
8
0
100
AcDbCircle
10
-260
20
-440
30
0
40
1.9999999999999996
210
0
220
-0
230
1
0
CIRCLE
5
2019
100
AcDbEntity
8
0
100
AcDbCircle
10
-270
20
-440
30
0
40
1.9999999999999996
210
0
220
-0
230
1
0
CIRCLE
5
2020
100
AcDbEntity
8
0
100
AcDbCircle
10
-280
20
-440
30
0
40
1.9999999999999996
210
0
220
-0
230
1
0
CIRCLE
5
2021
100
AcDbEntity
8
0
100
AcDbCircle
10
-290
20
-440
30
0
40
1.9999999999999996
210
0
220
-0
230
1
0
CIRCLE
5
2022
100
AcDbEntity
8
0
100
AcDbCircle
10
-300
20
-440
30
0
40
1.9999999999999996
210
0
220
-0
230
1
0
CIRCLE
5
2023
100
AcDbEntity
8
0
100
AcDbCircle
10
-310
20
-440
30
0
40
1.9999999999999996
210
0
220
-0
230
1
0
CIRCLE
5
2024
100
AcDbEntity
8
0
100
AcDbCircle
10
-320
20
-440
30
0
40
1.9999999999999996
210
0
220
-0
230
1
0
CIRCLE
5
2025
100
AcDbEntity
8
0
100
AcDbCircle
10
-330
20
-440
30
0
40
1.9999999999999996
210
0
220
-0
230
1
0
CIRCLE
5
2026
100
AcDbEntity
8
0
100
AcDbCircle
10
-340
20
-440
30
0
40
1.9999999999999996
210
0
220
-0
230
1
0
CIRCLE
5
2027
100
AcDbEntity
8
0
100
AcDbCircle
10
-350
20
-440
30
0
40
1.9999999999999996
210
0
220
-0
230
1
0
CIRCLE
5
2028
100
AcDbEntity
8
0
100
AcDbCircle
10
-360
20
-440
30
0
40
1.9999999999999996
210
0
220
-0
230
1
0
CIRCLE
5
2029
100
AcDbEntity
8
0
100
AcDbCircle
10
-370
20
-440
30
0
40
1.9999999999999996
210
0
220
-0
230
1
0
CIRCLE
5
2030
100
AcDbEntity
8
0
100
AcDbCircle
10
-380
20
-440
30
0
40
1.9999999999999996
210
0
220
-0
230
1
0
CIRCLE
5
2031
100
AcDbEntity
8
0
100
AcDbCircle
10
-390
20
-440
30
0
40
1.9999999999999996
210
0
220
-0
230
1
0
CIRCLE
5
2032
100
AcDbEntity
8
0
100
AcDbCircle
10
-400
20
-440
30
0
40
1.9999999999999996
210
0
220
-0
230
1
0
CIRCLE
5
2033
100
AcDbEntity
8
0
100
AcDbCircle
10
-410
20
-440
30
0
40
1.9999999999999996
210
0
220
-0
230
1
0
CIRCLE
5
2034
100
AcDbEntity
8
0
100
AcDbCircle
10
-420
20
-440
30
0
40
1.9999999999999996
210
0
220
-0
230
1
0
CIRCLE
5
2035
100
AcDbEntity
8
0
100
AcDbCircle
10
-430
20
-440
30
0
40
1.9999999999999996
210
0
220
-0
230
1
0
CIRCLE
5
2036
100
AcDbEntity
8
0
100
AcDbCircle
10
-440
20
-440
30
0
40
1.9999999999999996
210
0
220
-0
230
1
0
ENDSEC
0
SECTION
2
OBJECTS
0
DICTIONARY
5
C
100
AcDbDictionary
3
ACAD_GROUP
350
D
3
ACAD_MLINESTYLE
350
17
0
DICTIONARY
5
D
100
AcDbDictionary
0
DICTIONARY
5
1A
330
C
100
AcDbDictionary
0
DICTIONARY
5
17
100
AcDbDictionary
0
ENDSEC
0
EOF
