sample_id,label,captured_at,rgb_image,skeleton_image,people_count,left_shoulder_x,left_shoulder_y,left_shoulder_visibility,right_shoulder_x,right_shoulder_y,right_shoulder_visibility,left_hip_x,left_hip_y,left_hip_visibility,right_hip_x,right_hip_y,right_hip_visibility,landmarks_json
sample_0001,upper_body,2026-08-17T04:29:06.511+09:00,sample_0001_upper_body_20260817_042906_510329_rgb.jpg,sample_0001_upper_body_20260817_042906_510329_skeleton.jpg,1,0.540867,0.488727,0.998081,0.376788,0.490346,0.998736,0.515418,0.83826,0.978713,0.422628,0.834628,0.981736,"[{""index"":0,""x"":0.48923,""y"":0.357351,""visibility"":0.997449},{""index"":1,""x"":0.498045,""y"":0.334754,""visibility"":0.997232},{""index"":2,""x"":0.502946,""y"":0.33547,""visibility"":0.997188},{""index"":3,""x"":0.507614,""y"":0.336435,""visibility"":0.996701},{""index"":4,""x"":0.47918,""y"":0.329831,""visibility"":0.997508},{""index"":5,""x"":0.47083,""y"":0.32766,""visibility"":0.997722},{""index"":6,""x"":0.463099,""y"":0.32609,""visibility"":0.997659},{""index"":7,""x"":0.505775,""y"":0.344162,""visibility"":0.996544},{""index"":8,""x"":0.447181,""y"":0.333618,""visibility"":0.998408},{""index"":9,""x"":0.495252,""y"":0.379323,""visibility"":0.998862},{""index"":10,""x"":0.469563,""y"":0.375566,""visibility"":0.999161},{""index"":11,""x"":0.540867,""y"":0.488727,""visibility"":0.998081},{""index"":12,""x"":0.376788,""y"":0.490346,""visibility"":0.998736},{""index"":13,""x"":0.562194,""y"":0.660006,""visibility"":0.730386},{""index"":14,""x"":0.354078,""y"":0.67227,""visibility"":0.931463},{""index"":15,""x"":0.509068,""y"":0.719444,""visibility"":0.458076},{""index"":16,""x"":0.442483,""y"":0.687861,""visibility"":0.791982},{""index"":17,""x"":0.495312,""y"":0.752478,""visibility"":0.417331},{""index"":18,""x"":0.470343,""y"":0.705848,""visibility"":0.745954},{""index"":19,""x"":0.489991,""y"":0.734101,""visibility"":0.436022},{""index"":20,""x"":0.47615,""y"":0.676139,""visibility"":0.743727},{""index"":21,""x"":0.489982,""y"":0.723848,""visibility"":0.446012},{""index"":22,""x"":0.46978,""y"":0.670492,""visibility"":0.73029},{""index"":23,""x"":0.515418,""y"":0.83826,""visibility"":0.978713},{""index"":24,""x"":0.422628,""y"":0.834628,""visibility"":0.981736},{""index"":25,""x"":0.520762,""y"":1.048792,""visibility"":0.620334},{""index"":26,""x"":0.420479,""y"":1.067169,""visibility"":0.655336},{""index"":27,""x"":0.510621,""y"":1.256639,""visibility"":0.202759},{""index"":28,""x"":0.440892,""y"":1.269481,""visibility"":0.222869}]"
sample_0002,upper_body,2026-08-17T04:29:07.330+09:00,sample_0002_upper_body_20260817_042907_329212_rgb.jpg,sample_0002_upper_body_20260817_042907_329212_skeleton.jpg,1,0.540866,0.490501,0.998947,0.372654,0.488276,0.99925,0.506737,0.830782,0.992795,0.414171,0.826316,0.99418,"[{""index"":0,""x"":0.485663,""y"":0.361488,""visibility"":0.997893},{""index"":1,""x"":0.491317,""y"":0.338305,""visibility"":0.997613},{""index"":2,""x"":0.495493,""y"":0.338183,""visibility"":0.997566},{""index"":3,""x"":0.499331,""y"":0.338296,""visibility"":0.997285},{""index"":4,""x"":0.474996,""y"":0.335531,""visibility"":0.997917},{""index"":5,""x"":0.467009,""y"":0.333921,""visibility"":0.998132},{""index"":6,""x"":0.459165,""y"":0.33255,""visibility"":0.99819},{""index"":7,""x"":0.495846,""y"":0.344987,""visibility"":0.997144},{""index"":8,""x"":0.442663,""y"":0.3404,""visibility"":0.998721},{""index"":9,""x"":0.49071,""y"":0.3818,""visibility"":0.99923},{""index"":10,""x"":0.467885,""y"":0.380265,""visibility"":0.999398},{""index"":11,""x"":0.540866,""y"":0.490501,""visibility"":0.998947},{""index"":12,""x"":0.372654,""y"":0.488276,""visibility"":0.99925},{""index"":13,""x"":0.563571,""y"":0.656342,""visibility"":0.891622},{""index"":14,""x"":0.350131,""y"":0.671818,""visibility"":0.954308},{""index"":15,""x"":0.512709,""y"":0.706439,""visibility"":0.706494},{""index"":16,""x"":0.422667,""y"":0.687524,""visibility"":0.848094},{""index"":17,""x"":0.4844,""y"":0.731232,""visibility"":0.627609},{""index"":18,""x"":0.441133,""y"":0.692913,""visibility"":0.807764},{""index"":19,""x"":0.495275,""y"":0.714635,""visibility"":0.637369},{""index"":20,""x"":0.45042,""y"":0.675651,""visibility"":0.808672},{""index"":21,""x"":0.493739,""y"":0.705064,""visibility"":0.656218},{""index"":22,""x"":0.44196,""y"":0.670707,""visibility"":0.801625},{""index"":23,""x"":0.506737,""y"":0.830782,""visibility"":0.992795},{""index"":24,""x"":0.414171,""y"":0.826316,""visibility"":0.99418},{""index"":25,""x"":0.512439,""y"":1.044399,""visibility"":0.719975},{""index"":26,""x"":0.413033,""y"":1.057289,""visibility"":0.755457},{""index"":27,""x"":0.491574,""y"":1.236241,""visibility"":0.240061},{""index"":28,""x"":0.424661,""y"":1.249888,""visibility"":0.295535},{""index"":29,""x"":0.489005,""y"":1.260851,""visibility"":0.200871},{""index"":30,""x"":0.423374,""y"":1.273131,""visibility"":0.203866}]"
sample_0003,upper_body,2026-08-17T04:29:08.133+09:00,sample_0003_upper_body_20260817_042908_131343_rgb.jpg,sample_0003_upper_body_20260817_042908_131343_skeleton.jpg,1,0.539998,0.482434,0.999561,0.370285,0.485979,0.999256,0.509578,0.815926,0.997399,0.413515,0.81508,0.997166,"[{""index"":0,""x"":0.47384,""y"":0.361295,""visibility"":0.998996},{""index"":1,""x"":0.480207,""y"":0.337345,""visibility"":0.998726},{""index"":2,""x"":0.484987,""y"":0.337084,""visibility"":0.998731},{""index"":3,""x"":0.489474,""y"":0.336934,""visibility"":0.998685},{""index"":4,""x"":0.462159,""y"":0.335652,""visibility"":0.998765},{""index"":5,""x"":0.454138,""y"":0.334439,""visibility"":0.998774},{""index"":6,""x"":0.446226,""y"":0.333567,""visibility"":0.998726},{""index"":7,""x"":0.489389,""y"":0.343411,""visibility"":0.998862},{""index"":8,""x"":0.432713,""y"":0.342181,""visibility"":0.999026},{""index"":9,""x"":0.481734,""y"":0.381039,""visibility"":0.999576},{""index"":10,""x"":0.457425,""y"":0.380307,""visibility"":0.999561},{""index"":11,""x"":0.539998,""y"":0.482434,""visibility"":0.999561},{""index"":12,""x"":0.370285,""y"":0.485979,""visibility"":0.999256},{""index"":13,""x"":0.575125,""y"":0.637067,""visibility"":0.91848},{""index"":14,""x"":0.35346,""y"":0.667765,""visibility"":0.875681},{""index"":15,""x"":0.571374,""y"":0.762692,""visibility"":0.722233},{""index"":16,""x"":0.371409,""y"":0.764104,""visibility"":0.629888},{""index"":17,""x"":0.558326,""y"":0.814417,""visibility"":0.659624},{""index"":18,""x"":0.38155,""y"":0.810531,""visibility"":0.613873},{""index"":19,""x"":0.555128,""y"":0.796166,""visibility"":0.673192},{""index"":20,""x"":0.387334,""y"":0.796002,""visibility"":0.628407},{""index"":21,""x"":0.554476,""y"":0.783266,""visibility"":0.699152},{""index"":22,""x"":0.391404,""y"":0.782484,""visibility"":0.643553},{""index"":23,""x"":0.509578,""y"":0.815926,""visibility"":0.997399},{""index"":24,""x"":0.413515,""y"":0.81508,""visibility"":0.997166},{""index"":25,""x"":0.50852,""y"":1.025745,""visibility"":0.688049},{""index"":26,""x"":0.416097,""y"":1.026303,""visibility"":0.771327},{""index"":27,""x"":0.495529,""y"":1.186905,""visibility"":0.30549},{""index"":28,""x"":0.422334,""y"":1.205737,""visibility"":0.370225},{""index"":29,""x"":0.49323,""y"":1.205976,""visibility"":0.275227},{""index"":30,""x"":0.423503,""y"":1.227381,""visibility"":0.345878},{""index"":31,""x"":0.489868,""y"":1.273638,""visibility"":0.225246},{""index"":32,""x"":0.429276,""y"":1.298187,""visibility"":0.229363}]"
sample_0004,upper_body,2026-08-17T04:29:09.304+09:00,sample_0004_upper_body_20260817_042909_302683_rgb.jpg,sample_0004_upper_body_20260817_042909_302683_skeleton.jpg,1,0.549193,0.479403,0.999879,0.381271,0.464177,0.99987,0.506754,0.800555,0.999683,0.414372,0.801973,0.999654,"[{""index"":0,""x"":0.490976,""y"":0.354693,""visibility"":0.998617},{""index"":1,""x"":0.495446,""y"":0.330652,""visibility"":0.997957},{""index"":2,""x"":0.49926,""y"":0.331032,""visibility"":0.997901},{""index"":3,""x"":0.502916,""y"":0.33136,""visibility"":0.997713},{""index"":4,""x"":0.479531,""y"":0.327669,""visibility"":0.997909},{""index"":5,""x"":0.471471,""y"":0.326152,""visibility"":0.997868},{""index"":6,""x"":0.463504,""y"":0.325267,""visibility"":0.997868},{""index"":7,""x"":0.500673,""y"":0.339831,""visibility"":0.998103},{""index"":8,""x"":0.447353,""y"":0.33581,""visibility"":0.99891},{""index"":9,""x"":0.495799,""y"":0.373467,""visibility"":0.999589},{""index"":10,""x"":0.474977,""y"":0.373808,""visibility"":0.999661},{""index"":11,""x"":0.549193,""y"":0.479403,""visibility"":0.999879},{""index"":12,""x"":0.381271,""y"":0.464177,""visibility"":0.99987},{""index"":13,""x"":0.611669,""y"":0.595512,""visibility"":0.996448},{""index"":14,""x"":0.298221,""y"":0.576151,""visibility"":0.995245},{""index"":15,""x"":0.583462,""y"":0.71076,""visibility"":0.983723},{""index"":16,""x"":0.331936,""y"":0.696883,""visibility"":0.968679},{""index"":17,""x"":0.578389,""y"":0.745945,""visibility"":0.953275},{""index"":18,""x"":0.348037,""y"":0.734788,""visibility"":0.935465},{""index"":19,""x"":0.563098,""y"":0.735914,""visibility"":0.951142},{""index"":20,""x"":0.362789,""y"":0.723908,""visibility"":0.933188},{""index"":21,""x"":0.561138,""y"":0.723026,""visibility"":0.955402},{""index"":22,""x"":0.361445,""y"":0.712666,""visibility"":0.931587},{""index"":23,""x"":0.506754,""y"":0.800555,""visibility"":0.999683},{""index"":24,""x"":0.414372,""y"":0.801973,""visibility"":0.999654},{""index"":25,""x"":0.509967,""y"":1.019945,""visibility"":0.810929},{""index"":26,""x"":0.413306,""y"":1.017495,""visibility"":0.85318},{""index"":27,""x"":0.494322,""y"":1.201429,""visibility"":0.287168},{""index"":28,""x"":0.401759,""y"":1.199013,""visibility"":0.270288},{""index"":29,""x"":0.487167,""y"":1.223058,""visibility"":0.284278},{""index"":30,""x"":0.398532,""y"":1.216914,""visibility"":0.207857}]"
sample_0005,upper_body,2026-08-17T04:29:10.021+09:00,sample_0005_upper_body_20260817_042910_020618_rgb.jpg,sample_0005_upper_body_20260817_042910_020618_skeleton.jpg,1,0.552538,0.479958,0.999804,0.382436,0.461172,0.99984,0.503817,0.790518,0.99967,0.413254,0.790767,0.999616,"[{""index"":0,""x"":0.481669,""y"":0.358011,""visibility"":0.997469},{""index"":1,""x"":0.489508,""y"":0.333035,""visibility"":0.996557},{""index"":2,""x"":0.494314,""y"":0.333365,""visibility"":0.996597},{""index"":3,""x"":0.499124,""y"":0.333658,""visibility"":0.996176},{""index"":4,""x"":0.470779,""y"":0.330986,""visibility"":0.996701},{""index"":5,""x"":0.463156,""y"":0.330121,""visibility"":0.996765},{""index"":6,""x"":0.456142,""y"":0.329908,""visibility"":0.996597},{""index"":7,""x"":0.501783,""y"":0.343275,""visibility"":0.997469},{""index"":8,""x"":0.446372,""y"":0.340061,""visibility"":0.998793},{""index"":9,""x"":0.489532,""y"":0.376028,""visibility"":0.999564},{""index"":10,""x"":0.467084,""y"":0.375763,""visibility"":0.99967},{""index"":11,""x"":0.552538,""y"":0.479958,""visibility"":0.999804},{""index"":12,""x"":0.382436,""y"":0.461172,""visibility"":0.99984},{""index"":13,""x"":0.623417,""y"":0.607486,""visibility"":0.998332},{""index"":14,""x"":0.2877,""y"":0.564366,""visibility"":0.997547},{""index"":15,""x"":0.578226,""y"":0.708894,""visibility"":0.989592},{""index"":16,""x"":0.34586,""y"":0.688071,""visibility"":0.973695},{""index"":17,""x"":0.564878,""y"":0.740848,""visibility"":0.964522},{""index"":18,""x"":0.354333,""y"":0.734792,""visibility"":0.934515},{""index"":19,""x"":0.548656,""y"":0.729708,""visibility"":0.962108},{""index"":20,""x"":0.369331,""y"":0.721048,""visibility"":0.930836},{""index"":21,""x"":0.549983,""y"":0.718132,""visibility"":0.964389},{""index"":22,""x"":0.369628,""y"":0.705044,""visibility"":0.929055},{""index"":23,""x"":0.503817,""y"":0.790518,""visibility"":0.99967},{""index"":24,""x"":0.413254,""y"":0.790767,""visibility"":0.999616},{""index"":25,""x"":0.507375,""y"":1.016896,""visibility"":0.807461},{""index"":26,""x"":0.410719,""y"":1.013016,""visibility"":0.835215}]"
sample_0006,upper_body,2026-08-17T04:29:11.029+09:00,sample_0006_upper_body_20260817_042911_027907_rgb.jpg,sample_0006_upper_body_20260817_042911_027907_skeleton.jpg,1,0.550596,0.489395,0.999909,0.375452,0.470027,0.999922,0.504209,0.81408,0.999407,0.410603,0.807529,0.999414,"[{""index"":0,""x"":0.488147,""y"":0.355504,""visibility"":0.999221},{""index"":1,""x"":0.493782,""y"":0.332788,""visibility"":0.998952},{""index"":2,""x"":0.497842,""y"":0.333594,""visibility"":0.998964},{""index"":3,""x"":0.501629,""y"":0.334497,""visibility"":0.998844},{""index"":4,""x"":0.478025,""y"":0.329388,""visibility"":0.999053},{""index"":5,""x"":0.469969,""y"":0.32802,""visibility"":0.999117},{""index"":6,""x"":0.46194,""y"":0.327132,""visibility"":0.999103},{""index"":7,""x"":0.500837,""y"":0.345437,""visibility"":0.999376},{""index"":8,""x"":0.446134,""y"":0.338669,""visibility"":0.999687},{""index"":9,""x"":0.493081,""y"":0.375231,""visibility"":0.999883},{""index"":10,""x"":0.471787,""y"":0.374361,""visibility"":0.999915},{""index"":11,""x"":0.550596,""y"":0.489395,""visibility"":0.999909},{""index"":12,""x"":0.375452,""y"":0.470027,""visibility"":0.999922},{""index"":13,""x"":0.620818,""y"":0.629478,""visibility"":0.999053},{""index"":14,""x"":0.281039,""y"":0.605069,""visibility"":0.998118},{""index"":15,""x"":0.564879,""y"":0.720969,""visibility"":0.992795},{""index"":16,""x"":0.359144,""y"":0.713135,""visibility"":0.982757},{""index"":17,""x"":0.543599,""y"":0.753706,""visibility"":0.972623},{""index"":18,""x"":0.369535,""y"":0.750239,""visibility"":0.956877},{""index"":19,""x"":0.530902,""y"":0.740167,""visibility"":0.970909},{""index"":20,""x"":0.383965,""y"":0.73677,""visibility"":0.954563},{""index"":21,""x"":0.534543,""y"":0.729021,""visibility"":0.973795},{""index"":22,""x"":0.381611,""y"":0.724701,""visibility"":0.9549},{""index"":23,""x"":0.504209,""y"":0.81408,""visibility"":0.999407},{""index"":24,""x"":0.410603,""y"":0.807529,""visibility"":0.999414},{""index"":25,""x"":0.505673,""y"":1.051482,""visibility"":0.826432},{""index"":26,""x"":0.412077,""y"":1.034006,""visibility"":0.859899}]"
sample_0007,upper_body,2026-08-17T04:29:11.869+09:00,sample_0007_upper_body_20260817_042911_867406_rgb.jpg,sample_0007_upper_body_20260817_042911_867406_skeleton.jpg,1,0.544302,0.4888,0.999915,0.371919,0.475745,0.999925,0.501876,0.823632,0.999323,0.408763,0.818452,0.999323,"[{""index"":0,""x"":0.485977,""y"":0.357489,""visibility"":0.999338},{""index"":1,""x"":0.49203,""y"":0.334924,""visibility"":0.999015},{""index"":2,""x"":0.496105,""y"":0.335709,""visibility"":0.998996},{""index"":3,""x"":0.499826,""y"":0.336605,""visibility"":0.998914},{""index"":4,""x"":0.475716,""y"":0.331119,""visibility"":0.999085},{""index"":5,""x"":0.467733,""y"":0.329449,""visibility"":0.999131},{""index"":6,""x"":0.459911,""y"":0.328404,""visibility"":0.999137},{""index"":7,""x"":0.498233,""y"":0.345982,""visibility"":0.999248},{""index"":8,""x"":0.44321,""y"":0.338707,""visibility"":0.999617},{""index"":9,""x"":0.490679,""y"":0.376686,""visibility"":0.999842},{""index"":10,""x"":0.468142,""y"":0.375499,""visibility"":0.999887},{""index"":11,""x"":0.544302,""y"":0.4888,""visibility"":0.999915},{""index"":12,""x"":0.371919,""y"":0.475745,""visibility"":0.999925},{""index"":13,""x"":0.613593,""y"":0.626838,""visibility"":0.998716},{""index"":14,""x"":0.278504,""y"":0.611383,""visibility"":0.9978},{""index"":15,""x"":0.564576,""y"":0.722228,""visibility"":0.992683},{""index"":16,""x"":0.350719,""y"":0.717624,""visibility"":0.983909},{""index"":17,""x"":0.545686,""y"":0.758655,""visibility"":0.973795},{""index"":18,""x"":0.364173,""y"":0.757349,""visibility"":0.96051},{""index"":19,""x"":0.531967,""y"":0.745176,""visibility"":0.972467},{""index"":20,""x"":0.378538,""y"":0.742407,""visibility"":0.958847},{""index"":21,""x"":0.535941,""y"":0.733466,""visibility"":0.974629},{""index"":22,""x"":0.375959,""y"":0.728532,""visibility"":0.957991},{""index"":23,""x"":0.501876,""y"":0.823632,""visibility"":0.999323},{""index"":24,""x"":0.408763,""y"":0.818452,""visibility"":0.999323},{""index"":25,""x"":0.503259,""y"":1.053713,""visibility"":0.771672},{""index"":26,""x"":0.40996,""y"":1.065325,""visibility"":0.818156},{""index"":28,""x"":0.412601,""y"":1.260785,""visibility"":0.205615}]"
sample_0008,upper_body,2026-08-17T04:29:12.545+09:00,sample_0008_upper_body_20260817_042912_543818_rgb.jpg,sample_0008_upper_body_20260817_042912_543818_skeleton.jpg,1,0.543005,0.484968,0.999939,0.367287,0.477089,0.999943,0.501991,0.826817,0.999307,0.407322,0.824178,0.999371,"[{""index"":0,""x"":0.479414,""y"":0.356192,""visibility"":0.999449},{""index"":1,""x"":0.484802,""y"":0.33287,""visibility"":0.99918},{""index"":2,""x"":0.489188,""y"":0.333182,""visibility"":0.99918},{""index"":3,""x"":0.493285,""y"":0.333577,""visibility"":0.999082},{""index"":4,""x"":0.467837,""y"":0.330561,""visibility"":0.999186},{""index"":5,""x"":0.459994,""y"":0.329551,""visibility"":0.999224},{""index"":6,""x"":0.452447,""y"":0.328911,""visibility"":0.999221},{""index"":7,""x"":0.492117,""y"":0.34215,""visibility"":0.999364},{""index"":8,""x"":0.436924,""y"":0.339115,""visibility"":0.99965},{""index"":9,""x"":0.485138,""y"":0.374785,""visibility"":0.999861},{""index"":10,""x"":0.462868,""y"":0.374298,""visibility"":0.999897},{""index"":11,""x"":0.543005,""y"":0.484968,""visibility"":0.999939},{""index"":12,""x"":0.367287,""y"":0.477089,""visibility"":0.999943},{""index"":13,""x"":0.614315,""y"":0.624256,""visibility"":0.999273},{""index"":14,""x"":0.272305,""y"":0.617234,""visibility"":0.998118},{""index"":15,""x"":0.56619,""y"":0.724258,""visibility"":0.995408},{""index"":16,""x"":0.348465,""y"":0.723055,""visibility"":0.988403},{""index"":17,""x"":0.546302,""y"":0.760079,""visibility"":0.981945},{""index"":18,""x"":0.363012,""y"":0.760961,""visibility"":0.971992},{""index"":19,""x"":0.532315,""y"":0.746655,""visibility"":0.980913},{""index"":20,""x"":0.377356,""y"":0.745873,""visibility"":0.970521},{""index"":21,""x"":0.536543,""y"":0.734983,""visibility"":0.982624},{""index"":22,""x"":0.374356,""y"":0.733377,""visibility"":0.969728},{""index"":23,""x"":0.501991,""y"":0.826817,""visibility"":0.999307},{""index"":24,""x"":0.407322,""y"":0.824178,""visibility"":0.999371},{""index"":25,""x"":0.501352,""y"":1.080027,""visibility"":0.725551},{""index"":26,""x"":0.408883,""y"":1.067635,""visibility"":0.792464}]"
sample_0009,upper_body,2026-08-17T04:29:13.219+09:00,sample_0009_upper_body_20260817_042913_217866_rgb.jpg,sample_0009_upper_body_20260817_042913_217866_skeleton.jpg,1,0.546496,0.511161,0.999908,0.368275,0.508287,0.999866,0.503467,0.856627,0.998731,0.407571,0.853892,0.998784,"[{""index"":0,""x"":0.482107,""y"":0.391288,""visibility"":0.998956},{""index"":1,""x"":0.486784,""y"":0.36644,""visibility"":0.99874},{""index"":2,""x"":0.490678,""y"":0.36638,""visibility"":0.998755},{""index"":3,""x"":0.49446,""y"":0.366311,""visibility"":0.998638},{""index"":4,""x"":0.472293,""y"":0.365027,""visibility"":0.998784},{""index"":5,""x"":0.464376,""y"":0.36393,""visibility"":0.998844},{""index"":6,""x"":0.455932,""y"":0.363214,""visibility"":0.99883},{""index"":7,""x"":0.492212,""y"":0.373493,""visibility"":0.999071},{""index"":8,""x"":0.438429,""y"":0.372396,""visibility"":0.999504},{""index"":9,""x"":0.487349,""y"":0.411299,""visibility"":0.999768},{""index"":10,""x"":0.466018,""y"":0.41108,""visibility"":0.999826},{""index"":11,""x"":0.546496,""y"":0.511161,""visibility"":0.999908},{""index"":12,""x"":0.368275,""y"":0.508287,""visibility"":0.999866},{""index"":13,""x"":0.615265,""y"":0.660313,""visibility"":0.999493},{""index"":14,""x"":0.280389,""y"":0.652345,""visibility"":0.997622},{""index"":15,""x"":0.56382,""y"":0.754407,""visibility"":0.995408},{""index"":16,""x"":0.354828,""y"":0.755357,""visibility"":0.983597},{""index"":17,""x"":0.542818,""y"":0.792011,""visibility"":0.981167},{""index"":18,""x"":0.367385,""y"":0.792856,""visibility"":0.961098},{""index"":19,""x"":0.531993,""y"":0.77761,""visibility"":0.980394},{""index"":20,""x"":0.382446,""y"":0.778914,""visibility"":0.959611},{""index"":21,""x"":0.53499,""y"":0.766452,""visibility"":0.983085},{""index"":22,""x"":0.380903,""y"":0.764669,""visibility"":0.960287},{""index"":23,""x"":0.503467,""y"":0.856627,""visibility"":0.998731},{""index"":24,""x"":0.407571,""y"":0.853892,""visibility"":0.998784},{""index"":25,""x"":0.50174,""y"":1.119281,""visibility"":0.676513},{""index"":26,""x"":0.404797,""y"":1.101127,""visibility"":0.665845}]"
sample_0010,upper_body,2026-08-17T04:29:20.288+09:00,sample_0010_upper_body_20260817_042920_287763_rgb.jpg,sample_0010_upper_body_20260817_042920_287763_skeleton.jpg,1,0.539109,0.479671,0.999954,0.362616,0.479379,0.99996,0.499045,0.823149,0.999655,0.406257,0.82074,0.999667,"[{""index"":0,""x"":0.454724,""y"":0.353855,""visibility"":0.999816},{""index"":1,""x"":0.463593,""y"":0.327444,""visibility"":0.999753},{""index"":2,""x"":0.469636,""y"":0.327077,""visibility"":0.99976},{""index"":3,""x"":0.475509,""y"":0.326808,""visibility"":0.999733},{""index"":4,""x"":0.443182,""y"":0.327513,""visibility"":0.999749},{""index"":5,""x"":0.43646,""y"":0.327617,""visibility"":0.999751},{""index"":6,""x"":0.430314,""y"":0.328226,""visibility"":0.999743},{""index"":7,""x"":0.480845,""y"":0.335162,""visibility"":0.999822},{""index"":8,""x"":0.421351,""y"":0.339546,""visibility"":0.999891},{""index"":9,""x"":0.465852,""y"":0.372985,""visibility"":0.999957},{""index"":10,""x"":0.441398,""y"":0.374495,""visibility"":0.999962},{""index"":11,""x"":0.539109,""y"":0.479671,""visibility"":0.999954},{""index"":12,""x"":0.362616,""y"":0.479379,""visibility"":0.99996},{""index"":13,""x"":0.611538,""y"":0.627009,""visibility"":0.999379},{""index"":14,""x"":0.273526,""y"":0.625675,""visibility"":0.99839},{""index"":15,""x"":0.561289,""y"":0.726579,""visibility"":0.995735},{""index"":16,""x"":0.351346,""y"":0.729409,""visibility"":0.988085},{""index"":17,""x"":0.540785,""y"":0.764795,""visibility"":0.983971},{""index"":18,""x"":0.364958,""y"":0.767735,""visibility"":0.971939},{""index"":19,""x"":0.52727,""y"":0.75188,""visibility"":0.982955},{""index"":20,""x"":0.380043,""y"":0.753219,""visibility"":0.969957},{""index"":21,""x"":0.530954,""y"":0.738913,""visibility"":0.985215},{""index"":22,""x"":0.37833,""y"":0.739172,""visibility"":0.971184},{""index"":23,""x"":0.499045,""y"":0.823149,""visibility"":0.999655},{""index"":24,""x"":0.406257,""y"":0.82074,""visibility"":0.999667},{""index"":25,""x"":0.502559,""y"":1.051602,""visibility"":0.782496},{""index"":26,""x"":0.405374,""y"":1.064267,""visibility"":0.862004}]"
sample_0011,upper_body,2026-08-17T04:29:21.118+09:00,sample_0011_upper_body_20260817_042921_117083_rgb.jpg,sample_0011_upper_body_20260817_042921_117083_skeleton.jpg,1,0.538844,0.481099,0.999948,0.363725,0.479769,0.999961,0.498808,0.824903,0.999699,0.406375,0.819253,0.99972,"[{""index"":0,""x"":0.461576,""y"":0.353761,""visibility"":0.999741},{""index"":1,""x"":0.468701,""y"":0.330238,""visibility"":0.999654},{""index"":2,""x"":0.474026,""y"":0.330238,""visibility"":0.999658},{""index"":3,""x"":0.478908,""y"":0.330238,""visibility"":0.999632},{""index"":4,""x"":0.449924,""y"":0.329578,""visibility"":0.999678},{""index"":5,""x"":0.442565,""y"":0.329422,""visibility"":0.99969},{""index"":6,""x"":0.436134,""y"":0.32961,""visibility"":0.99969},{""index"":7,""x"":0.482533,""y"":0.339266,""visibility"":0.999758},{""index"":8,""x"":0.425076,""y"":0.34128,""visibility"":0.999873},{""index"":9,""x"":0.471043,""y"":0.373258,""visibility"":0.999939},{""index"":10,""x"":0.447838,""y"":0.373851,""visibility"":0.999952},{""index"":11,""x"":0.538844,""y"":0.481099,""visibility"":0.999948},{""index"":12,""x"":0.363725,""y"":0.479769,""visibility"":0.999961},{""index"":13,""x"":0.608753,""y"":0.619367,""visibility"":0.999301},{""index"":14,""x"":0.273753,""y"":0.623098,""visibility"":0.998755},{""index"":15,""x"":0.56337,""y"":0.724605,""visibility"":0.995601},{""index"":16,""x"":0.350328,""y"":0.728989,""visibility"":0.98914},{""index"":17,""x"":0.546808,""y"":0.760408,""visibility"":0.983085},{""index"":18,""x"":0.364144,""y"":0.765735,""visibility"":0.972467},{""index"":19,""x"":0.532444,""y"":0.749139,""visibility"":0.982083},{""index"":20,""x"":0.379375,""y"":0.752108,""visibility"":0.970854},{""index"":21,""x"":0.534887,""y"":0.737599,""visibility"":0.984516},{""index"":22,""x"":0.376919,""y"":0.738797,""visibility"":0.971992},{""index"":23,""x"":0.498808,""y"":0.824903,""visibility"":0.999699},{""index"":24,""x"":0.406375,""y"":0.819253,""visibility"":0.99972},{""index"":25,""x"":0.504232,""y"":1.059017,""visibility"":0.782995},{""index"":26,""x"":0.408961,""y"":1.056318,""visibility"":0.870267}]"
sample_0012,upper_body,2026-08-17T04:29:23.273+09:00,sample_0012_upper_body_20260817_042923_272300_rgb.jpg,sample_0012_upper_body_20260817_042923_272300_skeleton.jpg,1,0.581857,0.490775,0.999797,0.414764,0.475413,0.99981,0.528113,0.818528,0.999041,0.434167,0.810096,0.999103,"[{""index"":0,""x"":0.535392,""y"":0.365986,""visibility"":0.999019},{""index"":1,""x"":0.542319,""y"":0.345901,""visibility"":0.9987},{""index"":2,""x"":0.546869,""y"":0.347203,""visibility"":0.998649},{""index"":3,""x"":0.550923,""y"":0.348485,""visibility"":0.998475},{""index"":4,""x"":0.525087,""y"":0.341253,""visibility"":0.998736},{""index"":5,""x"":0.517328,""y"":0.339582,""visibility"":0.998793},{""index"":6,""x"":0.510041,""y"":0.338235,""visibility"":0.998736},{""index"":7,""x"":0.547408,""y"":0.356297,""visibility"":0.998364},{""index"":8,""x"":0.494202,""y"":0.345055,""visibility"":0.999144},{""index"":9,""x"":0.539902,""y"":0.387385,""visibility"":0.999594},{""index"":10,""x"":0.517606,""y"":0.382391,""visibility"":0.999722},{""index"":11,""x"":0.581857,""y"":0.490775,""visibility"":0.999797},{""index"":12,""x"":0.414764,""y"":0.475413,""visibility"":0.99981},{""index"":13,""x"":0.597749,""y"":0.660462,""visibility"":0.995719},{""index"":14,""x"":0.368077,""y"":0.641161,""visibility"":0.993255},{""index"":15,""x"":0.608572,""y"":0.798728,""visibility"":0.989013},{""index"":16,""x"":0.350716,""y"":0.79219,""visibility"":0.984094},{""index"":17,""x"":0.616148,""y"":0.852111,""visibility"":0.973139},{""index"":18,""x"":0.338343,""y"":0.849074,""visibility"":0.971725},{""index"":19,""x"":0.605796,""y"":0.850182,""visibility"":0.975012},{""index"":20,""x"":0.347463,""y"":0.851206,""visibility"":0.974043},{""index"":21,""x"":0.59903,""y"":0.827836,""visibility"":0.978302},{""index"":22,""x"":0.356864,""y"":0.833046,""visibility"":0.97506},{""index"":23,""x"":0.528113,""y"":0.818528,""visibility"":0.999041},{""index"":24,""x"":0.434167,""y"":0.810096,""visibility"":0.999103},{""index"":25,""x"":0.523383,""y"":1.036395,""visibility"":0.83762},{""index"":26,""x"":0.431356,""y"":1.030747,""visibility"":0.902093},{""index"":27,""x"":0.501274,""y"":1.222589,""visibility"":0.268174},{""index"":28,""x"":0.427747,""y"":1.212916,""visibility"":0.390999}]"
sample_0013,upper_body,2026-08-17T04:29:24.460+09:00,sample_0013_upper_body_20260817_042924_459830_rgb.jpg,sample_0013_upper_body_20260817_042924_459830_skeleton.jpg,1,0.571301,0.484941,0.999882,0.399257,0.482184,0.999835,0.529517,0.826691,0.998875,0.434476,0.825244,0.998731,"[{""index"":0,""x"":0.488412,""y"":0.351694,""visibility"":0.999672},{""index"":1,""x"":0.49779,""y"":0.32804,""visibility"":0.999531},{""index"":2,""x"":0.503909,""y"":0.328599,""visibility"":0.999551},{""index"":3,""x"":0.509553,""y"":0.329219,""visibility"":0.999495},{""index"":4,""x"":0.475681,""y"":0.327194,""visibility"":0.999477},{""index"":5,""x"":0.468121,""y"":0.327542,""visibility"":0.999487},{""index"":6,""x"":0.461652,""y"":0.328373,""visibility"":0.999436},{""index"":7,""x"":0.515922,""y"":0.342124,""visibility"":0.999551},{""index"":8,""x"":0.454027,""y"":0.341603,""visibility"":0.999649},{""index"":9,""x"":0.501148,""y"":0.37411,""visibility"":0.999871},{""index"":10,""x"":0.47473,""y"":0.374298,""visibility"":0.999869},{""index"":11,""x"":0.571301,""y"":0.484941,""visibility"":0.999882},{""index"":12,""x"":0.399257,""y"":0.482184,""visibility"":0.999835},{""index"":13,""x"":0.596519,""y"":0.666713,""visibility"":0.99868},{""index"":14,""x"":0.361707,""y"":0.656265,""visibility"":0.99494},{""index"":15,""x"":0.601355,""y"":0.811501,""visibility"":0.99438},{""index"":16,""x"":0.342994,""y"":0.808361,""visibility"":0.986879},{""index"":17,""x"":0.608962,""y"":0.864506,""visibility"":0.984276},{""index"":18,""x"":0.333871,""y"":0.859894,""visibility"":0.975946},{""index"":19,""x"":0.594906,""y"":0.864652,""visibility"":0.985663},{""index"":20,""x"":0.343016,""y"":0.863409,""visibility"":0.977968},{""index"":21,""x"":0.588767,""y"":0.844125,""visibility"":0.987759},{""index"":22,""x"":0.351292,""y"":0.84461,""visibility"":0.980243},{""index"":23,""x"":0.529517,""y"":0.826691,""visibility"":0.998875},{""index"":24,""x"":0.434476,""y"":0.825244,""visibility"":0.998731},{""index"":25,""x"":0.525471,""y"":1.059111,""visibility"":0.864654},{""index"":26,""x"":0.425233,""y"":1.064189,""visibility"":0.904819},{""index"":27,""x"":0.506292,""y"":1.255191,""visibility"":0.261897},{""index"":28,""x"":0.422816,""y"":1.247224,""visibility"":0.297164}]"
sample_0014,upper_body,2026-08-17T04:29:25.161+09:00,sample_0014_upper_body_20260817_042925_160211_rgb.jpg,sample_0014_upper_body_20260817_042925_160211_skeleton.jpg,1,0.533464,0.475362,0.999889,0.374619,0.497359,0.999675,0.501,0.837754,0.998183,0.410138,0.836674,0.997285,"[{""index"":0,""x"":0.41338,""y"":0.340291,""visibility"":0.999695},{""index"":1,""x"":0.420925,""y"":0.312358,""visibility"":0.999566},{""index"":2,""x"":0.429603,""y"":0.309408,""visibility"":0.999605},{""index"":3,""x"":0.438263,""y"":0.307195,""visibility"":0.999591},{""index"":4,""x"":0.405046,""y"":0.320041,""visibility"":0.999416},{""index"":5,""x"":0.40129,""y"":0.322487,""visibility"":0.999386},{""index"":6,""x"":0.397416,""y"":0.325139,""visibility"":0.999268},{""index"":7,""x"":0.454653,""y"":0.320852,""visibility"":0.99964},{""index"":8,""x"":0.39846,""y"":0.342889,""visibility"":0.999485},{""index"":9,""x"":0.433623,""y"":0.362576,""visibility"":0.999861},{""index"":10,""x"":0.411715,""y"":0.36876,""visibility"":0.999792},{""index"":11,""x"":0.533464,""y"":0.475362,""visibility"":0.999889},{""index"":12,""x"":0.374619,""y"":0.497359,""visibility"":0.999675},{""index"":13,""x"":0.567752,""y"":0.663744,""visibility"":0.998567},{""index"":14,""x"":0.354785,""y"":0.688479,""visibility"":0.981167},{""index"":15,""x"":0.587657,""y"":0.824964,""visibility"":0.987228},{""index"":16,""x"":0.345724,""y"":0.839982,""visibility"":0.954478},{""index"":17,""x"":0.599161,""y"":0.87687,""visibility"":0.967225},{""index"":18,""x"":0.335135,""y"":0.891116,""visibility"":0.927757},{""index"":19,""x"":0.589748,""y"":0.876868,""visibility"":0.972362},{""index"":20,""x"":0.34787,""y"":0.890799,""visibility"":0.935582},{""index"":21,""x"":0.582749,""y"":0.862846,""visibility"":0.976625},{""index"":22,""x"":0.353452,""y"":0.874935,""visibility"":0.942507},{""index"":23,""x"":0.501,""y"":0.837754,""visibility"":0.998183},{""index"":24,""x"":0.410138,""y"":0.836674,""visibility"":0.997285},{""index"":25,""x"":0.500675,""y"":1.064325,""visibility"":0.829354},{""index"":26,""x"":0.412676,""y"":1.067613,""visibility"":0.875893},{""index"":27,""x"":0.500521,""y"":1.271828,""visibility"":0.283583},{""index"":28,""x"":0.417429,""y"":1.272173,""visibility"":0.368633}]"
sample_0015,upper_body,2026-08-17T04:29:25.729+09:00,sample_0015_upper_body_20260817_042925_727660_rgb.jpg,sample_0015_upper_body_20260817_042925_727660_skeleton.jpg,1,0.485842,0.4678,0.999965,0.344807,0.504134,0.999881,0.47211,0.830976,0.998622,0.38283,0.837933,0.99859,"[{""index"":0,""x"":0.331979,""y"":0.35025,""visibility"":0.999558},{""index"":1,""x"":0.33978,""y"":0.327292,""visibility"":0.999307},{""index"":2,""x"":0.344221,""y"":0.325622,""visibility"":0.999405},{""index"":3,""x"":0.349237,""y"":0.324021,""visibility"":0.999356},{""index"":4,""x"":0.334056,""y"":0.330118,""visibility"":0.998964},{""index"":5,""x"":0.334019,""y"":0.330709,""visibility"":0.99898},{""index"":6,""x"":0.333843,""y"":0.331359,""visibility"":0.99875},{""index"":7,""x"":0.381676,""y"":0.331972,""visibility"":0.999468},{""index"":8,""x"":0.351305,""y"":0.34335,""visibility"":0.998774},{""index"":9,""x"":0.346722,""y"":0.374174,""visibility"":0.999722},{""index"":10,""x"":0.338907,""y"":0.376498,""visibility"":0.999566},{""index"":11,""x"":0.485842,""y"":0.4678,""visibility"":0.999965},{""index"":12,""x"":0.344807,""y"":0.504134,""visibility"":0.999881},{""index"":13,""x"":0.520236,""y"":0.649054,""visibility"":0.999914},{""index"":14,""x"":0.332927,""y"":0.687451,""visibility"":0.971402},{""index"":15,""x"":0.519503,""y"":0.821542,""visibility"":0.998927},{""index"":16,""x"":0.317422,""y"":0.841291,""visibility"":0.960952},{""index"":17,""x"":0.528626,""y"":0.879662,""visibility"":0.99492},{""index"":18,""x"":0.305349,""y"":0.889351,""visibility"":0.936052},{""index"":19,""x"":0.514513,""y"":0.880208,""visibility"":0.995801},{""index"":20,""x"":0.314056,""y"":0.88911,""visibility"":0.945197},{""index"":21,""x"":0.50988,""y"":0.863408,""visibility"":0.99607},{""index"":22,""x"":0.319767,""y"":0.870229,""visibility"":0.954732},{""index"":23,""x"":0.47211,""y"":0.830976,""visibility"":0.998622},{""index"":24,""x"":0.38283,""y"":0.837933,""visibility"":0.99859},{""index"":25,""x"":0.488285,""y"":1.06521,""visibility"":0.646349},{""index"":26,""x"":0.390792,""y"":1.066935,""visibility"":0.768386},{""index"":28,""x"":0.42146,""y"":1.314044,""visibility"":0.212559}]"
sample_0016,upper_body,2026-08-17T04:29:27.425+09:00,sample_0016_upper_body_20260817_042927_424587_rgb.jpg,sample_0016_upper_body_20260817_042927_424587_skeleton.jpg,1,0.571382,0.488603,0.999573,0.402119,0.486102,0.999468,0.532627,0.831593,0.998147,0.439351,0.831542,0.998035,"[{""index"":0,""x"":0.513969,""y"":0.351065,""visibility"":0.998606},{""index"":1,""x"":0.520594,""y"":0.327851,""visibility"":0.998066},{""index"":2,""x"":0.524917,""y"":0.328793,""visibility"":0.998012},{""index"":3,""x"":0.528922,""y"":0.329726,""visibility"":0.997909},{""index"":4,""x"":0.503177,""y"":0.324042,""visibility"":0.997989},{""index"":5,""x"":0.494867,""y"":0.322716,""visibility"":0.998028},{""index"":6,""x"":0.486778,""y"":0.321855,""visibility"":0.997933},{""index"":7,""x"":0.527172,""y"":0.341349,""visibility"":0.997731},{""index"":8,""x"":0.471726,""y"":0.333052,""visibility"":0.998487},{""index"":9,""x"":0.519889,""y"":0.372411,""visibility"":0.999309},{""index"":10,""x"":0.496244,""y"":0.371096,""visibility"":0.999398},{""index"":11,""x"":0.571382,""y"":0.488603,""visibility"":0.999573},{""index"":12,""x"":0.402119,""y"":0.486102,""visibility"":0.999468},{""index"":13,""x"":0.598742,""y"":0.670505,""visibility"":0.990624},{""index"":14,""x"":0.380909,""y"":0.677406,""visibility"":0.986623},{""index"":15,""x"":0.618322,""y"":0.822324,""visibility"":0.977629},{""index"":16,""x"":0.376827,""y"":0.836663,""visibility"":0.973037},{""index"":17,""x"":0.628717,""y"":0.876896,""visibility"":0.953362},{""index"":18,""x"":0.364845,""y"":0.883162,""visibility"":0.955734},{""index"":19,""x"":0.619827,""y"":0.876868,""visibility"":0.958069},{""index"":20,""x"":0.378153,""y"":0.884791,""visibility"":0.959762},{""index"":21,""x"":0.612544,""y"":0.860491,""visibility"":0.963916},{""index"":22,""x"":0.384332,""y"":0.872577,""visibility"":0.961098},{""index"":23,""x"":0.532627,""y"":0.831593,""visibility"":0.998147},{""index"":24,""x"":0.439351,""y"":0.831542,""visibility"":0.998035},{""index"":25,""x"":0.539148,""y"":1.061866,""visibility"":0.836421},{""index"":26,""x"":0.438358,""y"":1.061786,""visibility"":0.888178},{""index"":27,""x"":0.530435,""y"":1.266114,""visibility"":0.315209},{""index"":28,""x"":0.446496,""y"":1.270917,""visibility"":0.402803}]"
sample_0017,upper_body,2026-08-17T04:29:28.078+09:00,sample_0017_upper_body_20260817_042928_076628_rgb.jpg,sample_0017_upper_body_20260817_042928_076628_skeleton.jpg,1,0.539058,0.482047,0.999873,0.373777,0.48879,0.999792,0.503359,0.836735,0.99585,0.411695,0.838684,0.995601,"[{""index"":0,""x"":0.454668,""y"":0.357394,""visibility"":0.999658},{""index"":1,""x"":0.46455,""y"":0.329595,""visibility"":0.999471},{""index"":2,""x"":0.470959,""y"":0.329102,""visibility"":0.999506},{""index"":3,""x"":0.476598,""y"":0.328601,""visibility"":0.999454},{""index"":4,""x"":0.441867,""y"":0.330261,""visibility"":0.999393},{""index"":5,""x"":0.434969,""y"":0.330801,""visibility"":0.999409},{""index"":6,""x"":0.428746,""y"":0.331508,""visibility"":0.999351},{""index"":7,""x"":0.483576,""y"":0.338989,""visibility"":0.999487},{""index"":8,""x"":0.422178,""y"":0.342914,""visibility"":0.99952},{""index"":9,""x"":0.468857,""y"":0.376281,""visibility"":0.999831},{""index"":10,""x"":0.442045,""y"":0.378008,""visibility"":0.999825},{""index"":11,""x"":0.539058,""y"":0.482047,""visibility"":0.999873},{""index"":12,""x"":0.373777,""y"":0.48879,""visibility"":0.999792},{""index"":13,""x"":0.561736,""y"":0.666648,""visibility"":0.995282},{""index"":14,""x"":0.34419,""y"":0.678723,""visibility"":0.983971},{""index"":15,""x"":0.568162,""y"":0.81506,""visibility"":0.97231},{""index"":16,""x"":0.333017,""y"":0.838994,""visibility"":0.950778},{""index"":17,""x"":0.574303,""y"":0.871088,""visibility"":0.939025},{""index"":18,""x"":0.320594,""y"":0.894268,""visibility"":0.922343},{""index"":19,""x"":0.563036,""y"":0.867491,""visibility"":0.948058},{""index"":20,""x"":0.333504,""y"":0.892478,""visibility"":0.931587},{""index"":21,""x"":0.557452,""y"":0.846652,""visibility"":0.953101},{""index"":22,""x"":0.341068,""y"":0.873057,""visibility"":0.936052},{""index"":23,""x"":0.503359,""y"":0.836735,""visibility"":0.99585},{""index"":24,""x"":0.411695,""y"":0.838684,""visibility"":0.995601},{""index"":25,""x"":0.504988,""y"":1.069915,""visibility"":0.731634},{""index"":26,""x"":0.41414,""y"":1.073212,""visibility"":0.809276},{""index"":27,""x"":0.493288,""y"":1.28096,""visibility"":0.266071},{""index"":28,""x"":0.425603,""y"":1.288106,""visibility"":0.356895}]"
sample_0018,upper_body,2026-08-17T04:29:28.792+09:00,sample_0018_upper_body_20260817_042928_791044_rgb.jpg,sample_0018_upper_body_20260817_042928_791044_skeleton.jpg,1,0.544275,0.480666,0.999891,0.376841,0.488964,0.999831,0.505239,0.834942,0.998731,0.415581,0.837113,0.998539,"[{""index"":0,""x"":0.458983,""y"":0.358114,""visibility"":0.999764},{""index"":1,""x"":0.468904,""y"":0.330588,""visibility"":0.999642},{""index"":2,""x"":0.475211,""y"":0.329813,""visibility"":0.999653},{""index"":3,""x"":0.481449,""y"":0.328977,""visibility"":0.999617},{""index"":4,""x"":0.447264,""y"":0.331403,""visibility"":0.999597},{""index"":5,""x"":0.440783,""y"":0.331582,""visibility"":0.999596},{""index"":6,""x"":0.43475,""y"":0.332124,""visibility"":0.999558},{""index"":7,""x"":0.488262,""y"":0.338037,""visibility"":0.999619},{""index"":8,""x"":0.427418,""y"":0.342581,""visibility"":0.99968},{""index"":9,""x"":0.472636,""y"":0.377276,""visibility"":0.99988},{""index"":10,""x"":0.44682,""y"":0.378258,""visibility"":0.999877},{""index"":11,""x"":0.544275,""y"":0.480666,""visibility"":0.999891},{""index"":12,""x"":0.376841,""y"":0.488964,""visibility"":0.999831},{""index"":13,""x"":0.568603,""y"":0.65508,""visibility"":0.99684},{""index"":14,""x"":0.34243,""y"":0.672304,""visibility"":0.989013},{""index"":15,""x"":0.582291,""y"":0.80393,""visibility"":0.986777},{""index"":16,""x"":0.327427,""y"":0.832676,""visibility"":0.972362},{""index"":17,""x"":0.592235,""y"":0.855776,""visibility"":0.96944},{""index"":18,""x"":0.317605,""y"":0.886222,""visibility"":0.954647},{""index"":19,""x"":0.579953,""y"":0.856926,""visibility"":0.972831},{""index"":20,""x"":0.329058,""y"":0.886432,""visibility"":0.959078},{""index"":21,""x"":0.572605,""y"":0.834136,""visibility"":0.976038},{""index"":22,""x"":0.336255,""y"":0.866982,""visibility"":0.962743},{""index"":23,""x"":0.505239,""y"":0.834942,""visibility"":0.998731},{""index"":24,""x"":0.415581,""y"":0.837113,""visibility"":0.998539},{""index"":25,""x"":0.509579,""y"":1.061982,""visibility"":0.817283},{""index"":26,""x"":0.415876,""y"":1.051623,""visibility"":0.873215},{""index"":27,""x"":0.49399,""y"":1.25565,""visibility"":0.339937},{""index"":28,""x"":0.420038,""y"":1.256903,""visibility"":0.403273}]"
sample_0019,upper_body,2026-08-17T04:29:29.320+09:00,sample_0019_upper_body_20260817_042929_319753_rgb.jpg,sample_0019_upper_body_20260817_042929_319753_skeleton.jpg,1,0.545915,0.478428,0.999855,0.37657,0.483332,0.99977,0.504896,0.835215,0.998711,0.414416,0.836332,0.998528,"[{""index"":0,""x"":0.461312,""y"":0.348115,""visibility"":0.999755},{""index"":1,""x"":0.470891,""y"":0.32058,""visibility"":0.999633},{""index"":2,""x"":0.477569,""y"":0.320394,""visibility"":0.999644},{""index"":3,""x"":0.483205,""y"":0.320046,""visibility"":0.999617},{""index"":4,""x"":0.448225,""y"":0.321058,""visibility"":0.999588},{""index"":5,""x"":0.441184,""y"":0.321375,""visibility"":0.999579},{""index"":6,""x"":0.435245,""y"":0.322092,""visibility"":0.999543},{""index"":7,""x"":0.489815,""y"":0.330641,""visibility"":0.999624},{""index"":8,""x"":0.428936,""y"":0.333715,""visibility"":0.999687},{""index"":9,""x"":0.475573,""y"":0.368562,""visibility"":0.999877},{""index"":10,""x"":0.449221,""y"":0.369525,""visibility"":0.999874},{""index"":11,""x"":0.545915,""y"":0.478428,""visibility"":0.999855},{""index"":12,""x"":0.37657,""y"":0.483332,""visibility"":0.99977},{""index"":13,""x"":0.570876,""y"":0.657154,""visibility"":0.997739},{""index"":14,""x"":0.34035,""y"":0.669542,""visibility"":0.992539},{""index"":15,""x"":0.586992,""y"":0.802331,""visibility"":0.992},{""index"":16,""x"":0.32818,""y"":0.833051,""visibility"":0.983723},{""index"":17,""x"":0.597663,""y"":0.854588,""visibility"":0.979861},{""index"":18,""x"":0.317978,""y"":0.884844,""visibility"":0.971129},{""index"":19,""x"":0.585377,""y"":0.85564,""visibility"":0.981701},{""index"":20,""x"":0.329097,""y"":0.884883,""visibility"":0.973594},{""index"":21,""x"":0.576847,""y"":0.832057,""visibility"":0.984094},{""index"":22,""x"":0.336918,""y"":0.868851,""visibility"":0.975809},{""index"":23,""x"":0.504896,""y"":0.835215,""visibility"":0.998711},{""index"":24,""x"":0.414416,""y"":0.836332,""visibility"":0.998528},{""index"":25,""x"":0.507796,""y"":1.0622,""visibility"":0.876634},{""index"":26,""x"":0.409604,""y"":1.062019,""visibility"":0.924279},{""index"":27,""x"":0.489587,""y"":1.258274,""visibility"":0.347205},{""index"":28,""x"":0.413968,""y"":1.26432,""visibility"":0.441372}]"
sample_0020,upper_body,2026-08-17T04:29:29.696+09:00,sample_0020_upper_body_20260817_042929_695847_rgb.jpg,sample_0020_upper_body_20260817_042929_695847_skeleton.jpg,1,0.546409,0.480281,0.999891,0.375522,0.485644,0.999846,0.504176,0.834391,0.998463,0.412771,0.83369,0.998371,"[{""index"":0,""x"":0.459055,""y"":0.353943,""visibility"":0.999787},{""index"":1,""x"":0.469189,""y"":0.325772,""visibility"":0.999683},{""index"":2,""x"":0.475953,""y"":0.325233,""visibility"":0.999695},{""index"":3,""x"":0.481778,""y"":0.324503,""visibility"":0.999659},{""index"":4,""x"":0.446089,""y"":0.325999,""visibility"":0.999649},{""index"":5,""x"":0.439194,""y"":0.326136,""visibility"":0.999649},{""index"":6,""x"":0.433388,""y"":0.326527,""visibility"":0.999613},{""index"":7,""x"":0.488625,""y"":0.333424,""visibility"":0.999683},{""index"":8,""x"":0.427517,""y"":0.337328,""visibility"":0.999747},{""index"":9,""x"":0.473674,""y"":0.373041,""visibility"":0.999901},{""index"":10,""x"":0.447054,""y"":0.373755,""visibility"":0.999902},{""index"":11,""x"":0.546409,""y"":0.480281,""visibility"":0.999891},{""index"":12,""x"":0.375522,""y"":0.485644,""visibility"":0.999846},{""index"":13,""x"":0.57336,""y"":0.656921,""visibility"":0.998088},{""index"":14,""x"":0.337679,""y"":0.674343,""visibility"":0.992961},{""index"":15,""x"":0.585485,""y"":0.802732,""visibility"":0.99098},{""index"":16,""x"":0.321971,""y"":0.832551,""visibility"":0.980949},{""index"":17,""x"":0.596238,""y"":0.858134,""visibility"":0.97622},{""index"":18,""x"":0.312653,""y"":0.885997,""visibility"":0.966028},{""index"":19,""x"":0.583867,""y"":0.857096,""visibility"":0.978996},{""index"":20,""x"":0.324745,""y"":0.885692,""visibility"":0.969498},{""index"":21,""x"":0.575336,""y"":0.836369,""visibility"":0.98163},{""index"":22,""x"":0.331486,""y"":0.8696,""visibility"":0.972099},{""index"":23,""x"":0.504176,""y"":0.834391,""visibility"":0.998463},{""index"":24,""x"":0.412771,""y"":0.83369,""visibility"":0.998371},{""index"":25,""x"":0.507241,""y"":1.059167,""visibility"":0.824037},{""index"":26,""x"":0.409453,""y"":1.057977,""visibility"":0.890865},{""index"":27,""x"":0.487874,""y"":1.259829,""visibility"":0.272508},{""index"":28,""x"":0.415252,""y"":1.268651,""visibility"":0.366476}]"
sample_0021,upper_body,2026-08-17T04:29:30.047+09:00,sample_0021_upper_body_20260817_042930_046218_rgb.jpg,sample_0021_upper_body_20260817_042930_046218_skeleton.jpg,1,0.535315,0.488152,0.999826,0.371841,0.483186,0.999793,0.504173,0.837744,0.997409,0.414262,0.84318,0.997704,"[{""index"":0,""x"":0.479561,""y"":0.347808,""visibility"":0.99962},{""index"":1,""x"":0.485596,""y"":0.323698,""visibility"":0.999409},{""index"":2,""x"":0.490156,""y"":0.32374,""visibility"":0.999414},{""index"":3,""x"":0.494502,""y"":0.324024,""visibility"":0.999351},{""index"":4,""x"":0.468423,""y"":0.322789,""visibility"":0.999383},{""index"":5,""x"":0.460907,""y"":0.322313,""visibility"":0.999407},{""index"":6,""x"":0.453317,""y"":0.322088,""visibility"":0.999364},{""index"":7,""x"":0.493881,""y"":0.336105,""visibility"":0.999309},{""index"":8,""x"":0.438017,""y"":0.33326,""visibility"":0.999533},{""index"":9,""x"":0.486697,""y"":0.368229,""visibility"":0.99979},{""index"":10,""x"":0.4641,""y"":0.368289,""visibility"":0.999818},{""index"":11,""x"":0.535315,""y"":0.488152,""visibility"":0.999826},{""index"":12,""x"":0.371841,""y"":0.483186,""visibility"":0.999793},{""index"":13,""x"":0.556232,""y"":0.65651,""visibility"":0.983343},{""index"":14,""x"":0.342181,""y"":0.673652,""visibility"":0.987946},{""index"":15,""x"":0.57769,""y"":0.804137,""visibility"":0.948058},{""index"":16,""x"":0.336643,""y"":0.833012,""visibility"":0.961534},{""index"":17,""x"":0.590492,""y"":0.855654,""visibility"":0.90549},{""index"":18,""x"":0.322408,""y"":0.892749,""visibility"":0.938463},{""index"":19,""x"":0.579048,""y"":0.855178,""visibility"":0.919353},{""index"":20,""x"":0.339666,""y"":0.890952,""visibility"":0.946001},{""index"":21,""x"":0.572216,""y"":0.833706,""visibility"":0.927757},{""index"":22,""x"":0.345712,""y"":0.871032,""visibility"":0.948155},{""index"":23,""x"":0.504173,""y"":0.837744,""visibility"":0.997409},{""index"":24,""x"":0.414262,""y"":0.84318,""visibility"":0.997704},{""index"":25,""x"":0.512371,""y"":1.059247,""visibility"":0.727201},{""index"":26,""x"":0.415004,""y"":1.065127,""visibility"":0.842863},{""index"":27,""x"":0.495345,""y"":1.270414,""visibility"":0.322526},{""index"":28,""x"":0.431281,""y"":1.289948,""visibility"":0.461593},{""index"":30,""x"":0.430384,""y"":1.319409,""visibility"":0.207215},{""index"":31,""x"":0.501043,""y"":1.353812,""visibility"":0.218003},{""index"":32,""x"":0.44752,""y"":1.377455,""visibility"":0.237046}]"
sample_0022,upper_body,2026-08-17T04:29:30.297+09:00,sample_0022_upper_body_20260817_042930_295814_rgb.jpg,sample_0022_upper_body_20260817_042930_295814_skeleton.jpg,1,0.534826,0.488221,0.999778,0.372803,0.482219,0.999724,0.504657,0.831601,0.996996,0.413371,0.836608,0.99721,"[{""index"":0,""x"":0.477244,""y"":0.349574,""visibility"":0.999386},{""index"":1,""x"":0.483919,""y"":0.325734,""visibility"":0.999064},{""index"":2,""x"":0.488713,""y"":0.32591,""visibility"":0.99906},{""index"":3,""x"":0.493306,""y"":0.326278,""visibility"":0.998992},{""index"":4,""x"":0.466382,""y"":0.324793,""visibility"":0.999},{""index"":5,""x"":0.458787,""y"":0.32431,""visibility"":0.999023},{""index"":6,""x"":0.451737,""y"":0.324094,""visibility"":0.998984},{""index"":7,""x"":0.494236,""y"":0.337898,""visibility"":0.99888},{""index"":8,""x"":0.438016,""y"":0.335277,""visibility"":0.999202},{""index"":9,""x"":0.484984,""y"":0.369709,""visibility"":0.999662},{""index"":10,""x"":0.462271,""y"":0.369655,""visibility"":0.999702},{""index"":11,""x"":0.534826,""y"":0.488221,""visibility"":0.999778},{""index"":12,""x"":0.372803,""y"":0.482219,""visibility"":0.999724},{""index"":13,""x"":0.557764,""y"":0.659225,""visibility"":0.983909},{""index"":14,""x"":0.343061,""y"":0.665239,""visibility"":0.984094},{""index"":15,""x"":0.576054,""y"":0.798713,""visibility"":0.955068},{""index"":16,""x"":0.339516,""y"":0.823251,""visibility"":0.958847},{""index"":17,""x"":0.585917,""y"":0.851237,""visibility"":0.917893},{""index"":18,""x"":0.328805,""y"":0.875915,""visibility"":0.935346},{""index"":19,""x"":0.574437,""y"":0.851209,""visibility"":0.928409},{""index"":20,""x"":0.3456,""y"":0.874106,""visibility"":0.942401},{""index"":21,""x"":0.568506,""y"":0.829923,""visibility"":0.935228},{""index"":22,""x"":0.351011,""y"":0.853731,""visibility"":0.94428},{""index"":23,""x"":0.504657,""y"":0.831601,""visibility"":0.996996},{""index"":24,""x"":0.413371,""y"":0.836608,""visibility"":0.99721},{""index"":25,""x"":0.511873,""y"":1.056112,""visibility"":0.769773},{""index"":26,""x"":0.413853,""y"":1.069562,""visibility"":0.856332},{""index"":27,""x"":0.492181,""y"":1.260066,""visibility"":0.376165},{""index"":28,""x"":0.427017,""y"":1.276531,""visibility"":0.488627},{""index"":30,""x"":0.427403,""y"":1.304252,""visibility"":0.217338},{""index"":31,""x"":0.495682,""y"":1.344596,""visibility"":0.25945},{""index"":32,""x"":0.438331,""y"":1.364463,""visibility"":0.268174}]"
sample_0023,upper_body,2026-08-17T04:29:30.513+09:00,sample_0023_upper_body_20260817_042930_513027_rgb.jpg,sample_0023_upper_body_20260817_042930_513027_skeleton.jpg,1,0.534826,0.488221,0.999778,0.372803,0.482219,0.999724,0.504657,0.831601,0.996996,0.413371,0.836608,0.99721,"[{""index"":0,""x"":0.477244,""y"":0.349574,""visibility"":0.999386},{""index"":1,""x"":0.483919,""y"":0.325734,""visibility"":0.999064},{""index"":2,""x"":0.488713,""y"":0.32591,""visibility"":0.99906},{""index"":3,""x"":0.493306,""y"":0.326278,""visibility"":0.998992},{""index"":4,""x"":0.466382,""y"":0.324793,""visibility"":0.999},{""index"":5,""x"":0.458787,""y"":0.32431,""visibility"":0.999023},{""index"":6,""x"":0.451737,""y"":0.324094,""visibility"":0.998984},{""index"":7,""x"":0.494236,""y"":0.337898,""visibility"":0.99888},{""index"":8,""x"":0.438016,""y"":0.335277,""visibility"":0.999202},{""index"":9,""x"":0.484984,""y"":0.369709,""visibility"":0.999662},{""index"":10,""x"":0.462271,""y"":0.369655,""visibility"":0.999702},{""index"":11,""x"":0.534826,""y"":0.488221,""visibility"":0.999778},{""index"":12,""x"":0.372803,""y"":0.482219,""visibility"":0.999724},{""index"":13,""x"":0.557764,""y"":0.659225,""visibility"":0.983909},{""index"":14,""x"":0.343061,""y"":0.665239,""visibility"":0.984094},{""index"":15,""x"":0.576054,""y"":0.798713,""visibility"":0.955068},{""index"":16,""x"":0.339516,""y"":0.823251,""visibility"":0.958847},{""index"":17,""x"":0.585917,""y"":0.851237,""visibility"":0.917893},{""index"":18,""x"":0.328805,""y"":0.875915,""visibility"":0.935346},{""index"":19,""x"":0.574437,""y"":0.851209,""visibility"":0.928409},{""index"":20,""x"":0.3456,""y"":0.874106,""visibility"":0.942401},{""index"":21,""x"":0.568506,""y"":0.829923,""visibility"":0.935228},{""index"":22,""x"":0.351011,""y"":0.853731,""visibility"":0.94428},{""index"":23,""x"":0.504657,""y"":0.831601,""visibility"":0.996996},{""index"":24,""x"":0.413371,""y"":0.836608,""visibility"":0.99721},{""index"":25,""x"":0.511873,""y"":1.056112,""visibility"":0.769773},{""index"":26,""x"":0.413853,""y"":1.069562,""visibility"":0.856332},{""index"":27,""x"":0.492181,""y"":1.260066,""visibility"":0.376165},{""index"":28,""x"":0.427017,""y"":1.276531,""visibility"":0.488627},{""index"":30,""x"":0.427403,""y"":1.304252,""visibility"":0.217338},{""index"":31,""x"":0.495682,""y"":1.344596,""visibility"":0.25945},{""index"":32,""x"":0.438331,""y"":1.364463,""visibility"":0.268174}]"
sample_0024,upper_body,2026-08-17T04:29:30.637+09:00,sample_0024_upper_body_20260817_042930_634707_rgb.jpg,sample_0024_upper_body_20260817_042930_634707_skeleton.jpg,1,0.541259,0.485362,0.999881,0.375879,0.481176,0.999855,0.505189,0.829836,0.997957,0.415518,0.832718,0.998012,"[{""index"":0,""x"":0.47411,""y"":0.350091,""visibility"":0.999699},{""index"":1,""x"":0.482154,""y"":0.324936,""visibility"":0.999506},{""index"":2,""x"":0.487653,""y"":0.324862,""visibility"":0.999518},{""index"":3,""x"":0.492832,""y"":0.324952,""visibility"":0.99946},{""index"":4,""x"":0.462781,""y"":0.324521,""visibility"":0.999473},{""index"":5,""x"":0.455233,""y"":0.324263,""visibility"":0.999499},{""index"":6,""x"":0.448326,""y"":0.324413,""visibility"":0.999458},{""index"":7,""x"":0.495827,""y"":0.336576,""visibility"":0.999456},{""index"":8,""x"":0.43627,""y"":0.336018,""visibility"":0.999602},{""index"":9,""x"":0.484042,""y"":0.370124,""visibility"":0.999846},{""index"":10,""x"":0.459669,""y"":0.370937,""visibility"":0.999859},{""index"":11,""x"":0.541259,""y"":0.485362,""visibility"":0.999881},{""index"":12,""x"":0.375879,""y"":0.481176,""visibility"":0.999855},{""index"":13,""x"":0.566331,""y"":0.656673,""visibility"":0.9948},{""index"":14,""x"":0.341311,""y"":0.66211,""visibility"":0.991684},{""index"":15,""x"":0.58631,""y"":0.799319,""visibility"":0.980506},{""index"":16,""x"":0.33154,""y"":0.828318,""visibility"":0.97622},{""index"":17,""x"":0.597673,""y"":0.847924,""visibility"":0.956227},{""index"":18,""x"":0.316648,""y"":0.883231,""visibility"":0.959459},{""index"":19,""x"":0.586873,""y"":0.847773,""visibility"":0.962462},{""index"":20,""x"":0.333009,""y"":0.883165,""visibility"":0.964321},{""index"":21,""x"":0.578033,""y"":0.826962,""visibility"":0.966156},{""index"":22,""x"":0.341004,""y"":0.86084,""visibility"":0.966028},{""index"":23,""x"":0.505189,""y"":0.829836,""visibility"":0.997957},{""index"":24,""x"":0.415518,""y"":0.832718,""visibility"":0.998012},{""index"":25,""x"":0.513939,""y"":1.05324,""visibility"":0.763131},{""index"":26,""x"":0.415266,""y"":1.058668,""visibility"":0.85561},{""index"":27,""x"":0.492591,""y"":1.263048,""visibility"":0.297368},{""index"":28,""x"":0.42809,""y"":1.271678,""visibility"":0.407569}]"
sample_0025,upper_body,2026-08-17T04:29:31.102+09:00,sample_0025_upper_body_20260817_042931_101430_rgb.jpg,sample_0025_upper_body_20260817_042931_101430_skeleton.jpg,1,0.547782,0.470573,0.999918,0.379678,0.483968,0.999864,0.512298,0.820179,0.999268,0.420421,0.821774,0.999196,"[{""index"":0,""x"":0.447973,""y"":0.354092,""visibility"":0.999743},{""index"":1,""x"":0.458153,""y"":0.326542,""visibility"":0.999589},{""index"":2,""x"":0.466297,""y"":0.32574,""visibility"":0.999617},{""index"":3,""x"":0.472712,""y"":0.325017,""visibility"":0.999569},{""index"":4,""x"":0.436087,""y"":0.329213,""visibility"":0.999533},{""index"":5,""x"":0.430683,""y"":0.329822,""visibility"":0.999545},{""index"":6,""x"":0.426405,""y"":0.330483,""visibility"":0.999489},{""index"":7,""x"":0.481191,""y"":0.334508,""visibility"":0.999655},{""index"":8,""x"":0.422825,""y"":0.340706,""visibility"":0.999635},{""index"":9,""x"":0.465445,""y"":0.372724,""visibility"":0.999902},{""index"":10,""x"":0.437912,""y"":0.375315,""visibility"":0.999892},{""index"":11,""x"":0.547782,""y"":0.470573,""visibility"":0.999918},{""index"":12,""x"":0.379678,""y"":0.483968,""visibility"":0.999864},{""index"":13,""x"":0.572466,""y"":0.654166,""visibility"":0.998439},{""index"":14,""x"":0.350437,""y"":0.659274,""visibility"":0.990441},{""index"":15,""x"":0.563681,""y"":0.797218,""visibility"":0.99251},{""index"":16,""x"":0.332112,""y"":0.811297,""visibility"":0.980167},{""index"":17,""x"":0.562778,""y"":0.852691,""visibility"":0.980205},{""index"":18,""x"":0.320468,""y"":0.85775,""visibility"":0.967472},{""index"":19,""x"":0.550706,""y"":0.849425,""visibility"":0.981524},{""index"":20,""x"":0.331378,""y"":0.858521,""visibility"":0.969785},{""index"":21,""x"":0.547692,""y"":0.827613,""visibility"":0.983407},{""index"":22,""x"":0.33798,""y"":0.839752,""visibility"":0.972727},{""index"":23,""x"":0.512298,""y"":0.820179,""visibility"":0.999268},{""index"":24,""x"":0.420421,""y"":0.821774,""visibility"":0.999196},{""index"":25,""x"":0.510769,""y"":1.045803,""visibility"":0.897695},{""index"":26,""x"":0.414523,""y"":1.043925,""visibility"":0.936168},{""index"":27,""x"":0.502276,""y"":1.228933,""visibility"":0.403273},{""index"":28,""x"":0.421171,""y"":1.231295,""visibility"":0.523101},{""index"":29,""x"":0.500808,""y"":1.251604,""visibility"":0.207857},{""index"":30,""x"":0.425418,""y"":1.256443,""visibility"":0.239705},{""index"":32,""x"":0.418378,""y"":1.321837,""visibility"":0.207536}]"
sample_0026,upper_body,2026-08-17T04:29:31.340+09:00,sample_0026_upper_body_20260817_042931_338595_rgb.jpg,sample_0026_upper_body_20260817_042931_338595_skeleton.jpg,1,0.54919,0.475837,0.999901,0.38042,0.485741,0.999846,0.50969,0.825765,0.999285,0.418443,0.826917,0.999141,"[{""index"":0,""x"":0.44983,""y"":0.357048,""visibility"":0.99978},{""index"":1,""x"":0.45916,""y"":0.328893,""visibility"":0.999667},{""index"":2,""x"":0.467011,""y"":0.327756,""visibility"":0.999683},{""index"":3,""x"":0.473076,""y"":0.326642,""visibility"":0.999658},{""index"":4,""x"":0.436395,""y"":0.331808,""visibility"":0.999613},{""index"":5,""x"":0.430351,""y"":0.332489,""visibility"":0.999608},{""index"":6,""x"":0.42571,""y"":0.33317,""visibility"":0.999573},{""index"":7,""x"":0.481713,""y"":0.335142,""visibility"":0.999709},{""index"":8,""x"":0.421656,""y"":0.343787,""visibility"":0.999687},{""index"":9,""x"":0.467135,""y"":0.374895,""visibility"":0.999904},{""index"":10,""x"":0.439732,""y"":0.378072,""visibility"":0.999886},{""index"":11,""x"":0.54919,""y"":0.475837,""visibility"":0.999901},{""index"":12,""x"":0.38042,""y"":0.485741,""visibility"":0.999846},{""index"":13,""x"":0.57669,""y"":0.65679,""visibility"":0.997997},{""index"":14,""x"":0.348819,""y"":0.660002,""visibility"":0.989909},{""index"":15,""x"":0.577034,""y"":0.802193,""visibility"":0.991748},{""index"":16,""x"":0.336278,""y"":0.819893,""visibility"":0.980015},{""index"":17,""x"":0.580718,""y"":0.851162,""visibility"":0.979116},{""index"":18,""x"":0.325494,""y"":0.867016,""visibility"":0.967101},{""index"":19,""x"":0.56695,""y"":0.849951,""visibility"":0.980243},{""index"":20,""x"":0.337851,""y"":0.867267,""visibility"":0.968974},{""index"":21,""x"":0.561795,""y"":0.830708,""visibility"":0.982757},{""index"":22,""x"":0.344828,""y"":0.846917,""visibility"":0.97231},{""index"":23,""x"":0.50969,""y"":0.825765,""visibility"":0.999285},{""index"":24,""x"":0.418443,""y"":0.826917,""visibility"":0.999141},{""index"":25,""x"":0.511082,""y"":1.045687,""visibility"":0.910227},{""index"":26,""x"":0.412013,""y"":1.046035,""visibility"":0.946892},{""index"":27,""x"":0.505233,""y"":1.228128,""visibility"":0.505649},{""index"":28,""x"":0.41188,""y"":1.233941,""visibility"":0.596433},{""index"":29,""x"":0.502946,""y"":1.250888,""visibility"":0.27338},{""index"":30,""x"":0.415284,""y"":1.257718,""visibility"":0.288068},{""index"":31,""x"":0.50422,""y"":1.316606,""visibility"":0.246715},{""index"":32,""x"":0.408864,""y"":1.323915,""visibility"":0.2522}]"
sample_0027,upper_body,2026-08-17T04:29:31.633+09:00,sample_0027_upper_body_20260817_042931_632328_rgb.jpg,sample_0027_upper_body_20260817_042931_632328_skeleton.jpg,1,0.548258,0.479338,0.999877,0.37776,0.486875,0.999793,0.509259,0.825161,0.998721,0.418651,0.829451,0.998551,"[{""index"":0,""x"":0.459973,""y"":0.353381,""visibility"":0.999785},{""index"":1,""x"":0.468747,""y"":0.326384,""visibility"":0.999683},{""index"":2,""x"":0.474747,""y"":0.32542,""visibility"":0.999687},{""index"":3,""x"":0.480409,""y"":0.324447,""visibility"":0.999667},{""index"":4,""x"":0.447235,""y"":0.328096,""visibility"":0.999647},{""index"":5,""x"":0.440586,""y"":0.328649,""visibility"":0.999639},{""index"":6,""x"":0.43449,""y"":0.329507,""visibility"":0.999611},{""index"":7,""x"":0.486752,""y"":0.33306,""visibility"":0.999667},{""index"":8,""x"":0.427449,""y"":0.340901,""visibility"":0.999724},{""index"":9,""x"":0.473939,""y"":0.372641,""visibility"":0.999889},{""index"":10,""x"":0.448312,""y"":0.374414,""visibility"":0.999882},{""index"":11,""x"":0.548258,""y"":0.479338,""visibility"":0.999877},{""index"":12,""x"":0.37776,""y"":0.486875,""visibility"":0.999793},{""index"":13,""x"":0.580261,""y"":0.647143,""visibility"":0.997469},{""index"":14,""x"":0.344039,""y"":0.665827,""visibility"":0.98983},{""index"":15,""x"":0.596526,""y"":0.790696,""visibility"":0.98987},{""index"":16,""x"":0.332804,""y"":0.820884,""visibility"":0.975577},{""index"":17,""x"":0.605396,""y"":0.841023,""visibility"":0.975296},{""index"":18,""x"":0.322385,""y"":0.875113,""visibility"":0.959078},{""index"":19,""x"":0.596233,""y"":0.840684,""visibility"":0.977671},{""index"":20,""x"":0.337784,""y"":0.87474,""visibility"":0.962532},{""index"":21,""x"":0.588382,""y"":0.818624,""visibility"":0.980618},{""index"":22,""x"":0.344952,""y"":0.855686,""visibility"":0.965835},{""index"":23,""x"":0.509259,""y"":0.825161,""visibility"":0.998721},{""index"":24,""x"":0.418651,""y"":0.829451,""visibility"":0.998551},{""index"":25,""x"":0.512423,""y"":1.045138,""visibility"":0.83868},{""index"":26,""x"":0.416681,""y"":1.058951,""visibility"":0.891811},{""index"":27,""x"":0.488322,""y"":1.237509,""visibility"":0.329392},{""index"":28,""x"":0.415295,""y"":1.24406,""visibility"":0.401805}]"
sample_0028,upper_body,2026-08-17T04:29:31.889+09:00,sample_0028_upper_body_20260817_042931_888636_rgb.jpg,sample_0028_upper_body_20260817_042931_888636_skeleton.jpg,1,0.540255,0.481403,0.999834,0.374413,0.482094,0.999795,0.510054,0.821646,0.998844,0.417208,0.828788,0.998897,"[{""index"":0,""x"":0.483294,""y"":0.350668,""visibility"":0.999485},{""index"":1,""x"":0.488784,""y"":0.327196,""visibility"":0.999211},{""index"":2,""x"":0.493105,""y"":0.32716,""visibility"":0.999199},{""index"":3,""x"":0.497113,""y"":0.327399,""visibility"":0.999131},{""index"":4,""x"":0.472208,""y"":0.325894,""visibility"":0.999177},{""index"":5,""x"":0.464526,""y"":0.32511,""visibility"":0.999193},{""index"":6,""x"":0.456845,""y"":0.324707,""visibility"":0.999161},{""index"":7,""x"":0.495693,""y"":0.338336,""visibility"":0.999107},{""index"":8,""x"":0.441308,""y"":0.33574,""visibility"":0.999445},{""index"":9,""x"":0.489833,""y"":0.371376,""visibility"":0.999766},{""index"":10,""x"":0.468,""y"":0.371354,""visibility"":0.999801},{""index"":11,""x"":0.540255,""y"":0.481403,""visibility"":0.999834},{""index"":12,""x"":0.374413,""y"":0.482094,""visibility"":0.999795},{""index"":13,""x"":0.573369,""y"":0.650312,""visibility"":0.993973},{""index"":14,""x"":0.338099,""y"":0.669332,""visibility"":0.993359},{""index"":15,""x"":0.601787,""y"":0.784714,""visibility"":0.98652},{""index"":16,""x"":0.334792,""y"":0.825973,""visibility"":0.985552},{""index"":17,""x"":0.61545,""y"":0.830185,""visibility"":0.969382},{""index"":18,""x"":0.322633,""y"":0.881202,""visibility"":0.974141},{""index"":19,""x"":0.610333,""y"":0.831498,""visibility"":0.972204},{""index"":20,""x"":0.337856,""y"":0.879453,""visibility"":0.976265},{""index"":21,""x"":0.602521,""y"":0.81346,""visibility"":0.976129},{""index"":22,""x"":0.345517,""y"":0.85977,""visibility"":0.977457},{""index"":23,""x"":0.510054,""y"":0.821646,""visibility"":0.998844},{""index"":24,""x"":0.417208,""y"":0.828788,""visibility"":0.998897},{""index"":25,""x"":0.514959,""y"":1.045013,""visibility"":0.854521},{""index"":26,""x"":0.417752,""y"":1.048824,""visibility"":0.91118},{""index"":27,""x"":0.49251,""y"":1.243541,""visibility"":0.380874},{""index"":28,""x"":0.426222,""y"":1.251487,""visibility"":0.484959},{""index"":29,""x"":0.487003,""y"":1.270107,""visibility"":0.21984},{""index"":30,""x"":0.426066,""y"":1.276655,""visibility"":0.215351},{""index"":31,""x"":0.497935,""y"":1.325806,""visibility"":0.219505},{""index"":32,""x"":0.438046,""y"":1.339149,""visibility"":0.217171}]"
sample_0029,upper_body,2026-08-17T04:29:32.123+09:00,sample_0029_upper_body_20260817_042932_122044_rgb.jpg,sample_0029_upper_body_20260817_042932_122044_skeleton.jpg,1,0.539231,0.486275,0.999683,0.376948,0.477544,0.999678,0.510465,0.827291,0.998812,0.416766,0.82794,0.998893,"[{""index"":0,""x"":0.490643,""y"":0.351907,""visibility"":0.999161},{""index"":1,""x"":0.495123,""y"":0.328728,""visibility"":0.998884},{""index"":2,""x"":0.498944,""y"":0.328922,""visibility"":0.998807},{""index"":3,""x"":0.502517,""y"":0.329393,""visibility"":0.998755},{""index"":4,""x"":0.479851,""y"":0.32667,""visibility"":0.998862},{""index"":5,""x"":0.472695,""y"":0.325621,""visibility"":0.998853},{""index"":6,""x"":0.464811,""y"":0.324845,""visibility"":0.99883},{""index"":7,""x"":0.498945,""y"":0.340617,""visibility"":0.99851},{""index"":8,""x"":0.447046,""y"":0.335376,""visibility"":0.999151},{""index"":9,""x"":0.495702,""y"":0.37157,""visibility"":0.999534},{""index"":10,""x"":0.475121,""y"":0.370644,""visibility"":0.999623},{""index"":11,""x"":0.539231,""y"":0.486275,""visibility"":0.999683},{""index"":12,""x"":0.376948,""y"":0.477544,""visibility"":0.999678},{""index"":13,""x"":0.567903,""y"":0.65357,""visibility"":0.986777},{""index"":14,""x"":0.346304,""y"":0.65769,""visibility"":0.989389},{""index"":15,""x"":0.599368,""y"":0.789017,""visibility"":0.978135},{""index"":16,""x"":0.349383,""y"":0.808658,""visibility"":0.979275},{""index"":17,""x"":0.614014,""y"":0.831653,""visibility"":0.957437},{""index"":18,""x"":0.341333,""y"":0.859033,""visibility"":0.965185},{""index"":19,""x"":0.609653,""y"":0.833279,""visibility"":0.961244},{""index"":20,""x"":0.356133,""y"":0.85481,""visibility"":0.967656},{""index"":21,""x"":0.602119,""y"":0.816015,""visibility"":0.967778},{""index"":22,""x"":0.360373,""y"":0.835506,""visibility"":0.96944},{""index"":23,""x"":0.510465,""y"":0.827291,""visibility"":0.998812},{""index"":24,""x"":0.416766,""y"":0.82794,""visibility"":0.998893},{""index"":25,""x"":0.515313,""y"":1.043122,""visibility"":0.797399},{""index"":26,""x"":0.428959,""y"":1.061861,""visibility"":0.866585},{""index"":27,""x"":0.501249,""y"":1.253032,""visibility"":0.320077},{""index"":28,""x"":0.433121,""y"":1.263626,""visibility"":0.425188},{""index"":32,""x"":0.450289,""y"":1.35027,""visibility"":0.204501}]"
sample_0030,upper_body,2026-08-17T04:29:32.336+09:00,sample_0030_upper_body_20260817_042932_334821_rgb.jpg,sample_0030_upper_body_20260817_042932_334821_skeleton.jpg,1,0.545143,0.483445,0.999818,0.378782,0.478101,0.999749,0.510122,0.825147,0.998952,0.417166,0.827394,0.998947,"[{""index"":0,""x"":0.480635,""y"":0.356809,""visibility"":0.999518},{""index"":1,""x"":0.488484,""y"":0.331334,""visibility"":0.999301},{""index"":2,""x"":0.493388,""y"":0.331215,""visibility"":0.999279},{""index"":3,""x"":0.49825,""y"":0.331225,""visibility"":0.999248},{""index"":4,""x"":0.469101,""y"":0.329775,""visibility"":0.999245},{""index"":5,""x"":0.461564,""y"":0.32912,""visibility"":0.999233},{""index"":6,""x"":0.454392,""y"":0.328886,""visibility"":0.999205},{""index"":7,""x"":0.499427,""y"":0.340727,""visibility"":0.999164},{""index"":8,""x"":0.442788,""y"":0.339077,""visibility"":0.999409},{""index"":9,""x"":0.489386,""y"":0.375792,""visibility"":0.999741},{""index"":10,""x"":0.465574,""y"":0.375678,""visibility"":0.99977},{""index"":11,""x"":0.545143,""y"":0.483445,""visibility"":0.999818},{""index"":12,""x"":0.378782,""y"":0.478101,""visibility"":0.999749},{""index"":13,""x"":0.576418,""y"":0.654435,""visibility"":0.995151},{""index"":14,""x"":0.342892,""y"":0.654739,""visibility"":0.992031},{""index"":15,""x"":0.610055,""y"":0.797031,""visibility"":0.990216},{""index"":16,""x"":0.338024,""y"":0.814159,""visibility"":0.984694},{""index"":17,""x"":0.624712,""y"":0.841681,""visibility"":0.977629},{""index"":18,""x"":0.329196,""y"":0.865159,""visibility"":0.973088},{""index"":19,""x"":0.619625,""y"":0.843062,""visibility"":0.979551},{""index"":20,""x"":0.342942,""y"":0.863663,""visibility"":0.975155},{""index"":21,""x"":0.613562,""y"":0.825236,""visibility"":0.982757},{""index"":22,""x"":0.350549,""y"":0.843968,""visibility"":0.976891},{""index"":23,""x"":0.510122,""y"":0.825147,""visibility"":0.998952},{""index"":24,""x"":0.417166,""y"":0.827394,""visibility"":0.998947},{""index"":25,""x"":0.512794,""y"":1.037873,""visibility"":0.821188},{""index"":26,""x"":0.418605,""y"":1.043584,""visibility"":0.889912},{""index"":27,""x"":0.491222,""y"":1.237642,""visibility"":0.344003},{""index"":28,""x"":0.426159,""y"":1.249085,""visibility"":0.45048},{""index"":32,""x"":0.437509,""y"":1.33589,""visibility"":0.204342}]"
sample_0031,upper_body,2026-08-17T04:29:32.617+09:00,sample_0031_upper_body_20260817_042932_616207_rgb.jpg,sample_0031_upper_body_20260817_042932_616207_skeleton.jpg,1,0.5519,0.484155,0.999894,0.37927,0.481309,0.999839,0.508457,0.824586,0.998654,0.41535,0.82758,0.998579,"[{""index"":0,""x"":0.469975,""y"":0.355554,""visibility"":0.999846},{""index"":1,""x"":0.47871,""y"":0.329702,""visibility"":0.999762},{""index"":2,""x"":0.484359,""y"":0.329371,""visibility"":0.99976},{""index"":3,""x"":0.489665,""y"":0.329034,""visibility"":0.999741},{""index"":4,""x"":0.457431,""y"":0.329717,""visibility"":0.999735},{""index"":5,""x"":0.450224,""y"":0.329813,""visibility"":0.999726},{""index"":6,""x"":0.443759,""y"":0.330233,""visibility"":0.999699},{""index"":7,""x"":0.494405,""y"":0.338086,""visibility"":0.999722},{""index"":8,""x"":0.435817,""y"":0.341469,""visibility"":0.999788},{""index"":9,""x"":0.482097,""y"":0.376216,""visibility"":0.999914},{""index"":10,""x"":0.456891,""y"":0.376441,""visibility"":0.999916},{""index"":11,""x"":0.5519,""y"":0.484155,""visibility"":0.999894},{""index"":12,""x"":0.37927,""y"":0.481309,""visibility"":0.999839},{""index"":13,""x"":0.584283,""y"":0.656051,""visibility"":0.997556},{""index"":14,""x"":0.33876,""y"":0.659447,""visibility"":0.992711},{""index"":15,""x"":0.61394,""y"":0.800131,""visibility"":0.990102},{""index"":16,""x"":0.329128,""y"":0.818321,""visibility"":0.980015},{""index"":17,""x"":0.628898,""y"":0.842734,""visibility"":0.975437},{""index"":18,""x"":0.317773,""y"":0.871224,""visibility"":0.963848},{""index"":19,""x"":0.620909,""y"":0.843813,""visibility"":0.978467},{""index"":20,""x"":0.332157,""y"":0.871737,""visibility"":0.967472},{""index"":21,""x"":0.615271,""y"":0.826632,""visibility"":0.981489},{""index"":22,""x"":0.339834,""y"":0.855058,""visibility"":0.970296},{""index"":23,""x"":0.508457,""y"":0.824586,""visibility"":0.998654},{""index"":24,""x"":0.41535,""y"":0.82758,""visibility"":0.998579},{""index"":25,""x"":0.512133,""y"":1.04678,""visibility"":0.819171},{""index"":26,""x"":0.412404,""y"":1.047464,""visibility"":0.885235},{""index"":27,""x"":0.494807,""y"":1.234225,""visibility"":0.308711},{""index"":28,""x"":0.419532,""y"":1.244,""visibility"":0.404155}]"
sample_0032,upper_body,2026-08-17T04:29:32.939+09:00,sample_0032_upper_body_20260817_042932_937594_rgb.jpg,sample_0032_upper_body_20260817_042932_937594_skeleton.jpg,1,0.551741,0.477806,0.999879,0.382852,0.485723,0.999813,0.509436,0.829255,0.998685,0.415861,0.829209,0.998579,"[{""index"":0,""x"":0.459678,""y"":0.357279,""visibility"":0.99983},{""index"":1,""x"":0.468934,""y"":0.329124,""visibility"":0.999753},{""index"":2,""x"":0.475903,""y"":0.328257,""visibility"":0.999755},{""index"":3,""x"":0.481595,""y"":0.327393,""visibility"":0.999739},{""index"":4,""x"":0.446005,""y"":0.331022,""visibility"":0.999715},{""index"":5,""x"":0.439296,""y"":0.331627,""visibility"":0.999704},{""index"":6,""x"":0.433922,""y"":0.332414,""visibility"":0.999675},{""index"":7,""x"":0.488535,""y"":0.335879,""visibility"":0.999739},{""index"":8,""x"":0.428582,""y"":0.343617,""visibility"":0.999771},{""index"":9,""x"":0.474721,""y"":0.375542,""visibility"":0.999908},{""index"":10,""x"":0.448625,""y"":0.37771,""visibility"":0.999903},{""index"":11,""x"":0.551741,""y"":0.477806,""visibility"":0.999879},{""index"":12,""x"":0.382852,""y"":0.485723,""visibility"":0.999813},{""index"":13,""x"":0.582121,""y"":0.652461,""visibility"":0.997449},{""index"":14,""x"":0.347084,""y"":0.660126,""visibility"":0.990732},{""index"":15,""x"":0.603349,""y"":0.804415,""visibility"":0.989791},{""index"":16,""x"":0.340281,""y"":0.81691,""visibility"":0.97711},{""index"":17,""x"":0.611055,""y"":0.852994,""visibility"":0.975296},{""index"":18,""x"":0.32903,""y"":0.872104,""visibility"":0.960878},{""index"":19,""x"":0.602624,""y"":0.852141,""visibility"":0.977799},{""index"":20,""x"":0.3448,""y"":0.871017,""visibility"":0.964052},{""index"":21,""x"":0.597855,""y"":0.832596,""visibility"":0.981095},{""index"":22,""x"":0.351034,""y"":0.852701,""visibility"":0.967349},{""index"":23,""x"":0.509436,""y"":0.829255,""visibility"":0.998685},{""index"":24,""x"":0.415861,""y"":0.829209,""visibility"":0.998579},{""index"":25,""x"":0.509691,""y"":1.045862,""visibility"":0.813609},{""index"":26,""x"":0.421587,""y"":1.059168,""visibility"":0.889144},{""index"":27,""x"":0.489772,""y"":1.24004,""visibility"":0.331012},{""index"":28,""x"":0.422183,""y"":1.248849,""visibility"":0.428712}]"
sample_0033,full_body,2026-08-17T04:29:38.324+09:00,sample_0033_full_body_20260817_042938_322411_rgb.jpg,sample_0033_full_body_20260817_042938_322411_skeleton.jpg,1,0.514357,0.499302,0.999934,0.401114,0.496869,0.999973,0.488681,0.71319,0.999434,0.422901,0.716708,0.999473,"[{""index"":0,""x"":0.459987,""y"":0.395061,""visibility"":0.99998},{""index"":1,""x"":0.465639,""y"":0.379409,""visibility"":0.999942},{""index"":2,""x"":0.469959,""y"":0.379271,""visibility"":0.999927},{""index"":3,""x"":0.473441,""y"":0.379225,""visibility"":0.999917},{""index"":4,""x"":0.451813,""y"":0.381178,""visibility"":0.999961},{""index"":5,""x"":0.447587,""y"":0.382389,""visibility"":0.99996},{""index"":6,""x"":0.443776,""y"":0.383967,""visibility"":0.99996},{""index"":7,""x"":0.476283,""y"":0.389155,""visibility"":0.999936},{""index"":8,""x"":0.436636,""y"":0.395101,""visibility"":0.999979},{""index"":9,""x"":0.468483,""y"":0.410235,""visibility"":0.999991},{""index"":10,""x"":0.451863,""y"":0.410988,""visibility"":0.999996},{""index"":11,""x"":0.514357,""y"":0.499302,""visibility"":0.999934},{""index"":12,""x"":0.401114,""y"":0.496869,""visibility"":0.999973},{""index"":13,""x"":0.547564,""y"":0.606062,""visibility"":0.992},{""index"":14,""x"":0.351519,""y"":0.593793,""visibility"":0.993307},{""index"":15,""x"":0.534608,""y"":0.594877,""visibility"":0.9851},{""index"":16,""x"":0.380212,""y"":0.584155,""visibility"":0.988885},{""index"":17,""x"":0.529339,""y"":0.60262,""visibility"":0.966028},{""index"":18,""x"":0.394006,""y"":0.589976,""visibility"":0.969728},{""index"":19,""x"":0.520945,""y"":0.591242,""visibility"":0.963575},{""index"":20,""x"":0.39979,""y"":0.57665,""visibility"":0.966156},{""index"":21,""x"":0.521002,""y"":0.587157,""visibility"":0.951953},{""index"":22,""x"":0.397225,""y"":0.575486,""visibility"":0.951233},{""index"":23,""x"":0.488681,""y"":0.71319,""visibility"":0.999434},{""index"":24,""x"":0.422901,""y"":0.716708,""visibility"":0.999473},{""index"":25,""x"":0.486175,""y"":0.891207,""visibility"":0.959611},{""index"":26,""x"":0.424923,""y"":0.893709,""visibility"":0.948728},{""index"":27,""x"":0.485292,""y"":1.007174,""visibility"":0.845815},{""index"":28,""x"":0.429146,""y"":1.010476,""visibility"":0.87397},{""index"":29,""x"":0.477413,""y"":1.018842,""visibility"":0.580471},{""index"":30,""x"":0.43831,""y"":1.027889,""visibility"":0.567457},{""index"":31,""x"":0.479642,""y"":1.073268,""visibility"":0.808521},{""index"":32,""x"":0.430584,""y"":1.076804,""visibility"":0.822902}]"
sample_0034,full_body,2026-08-17T04:29:38.452+09:00,sample_0034_full_body_20260817_042938_451258_rgb.jpg,sample_0034_full_body_20260817_042938_451258_skeleton.jpg,1,0.513479,0.494925,0.999937,0.402749,0.497988,0.999967,0.488273,0.711399,0.999374,0.426524,0.711821,0.999318,"[{""index"":0,""x"":0.452555,""y"":0.400683,""visibility"":0.999962},{""index"":1,""x"":0.458703,""y"":0.383934,""visibility"":0.999898},{""index"":2,""x"":0.463798,""y"":0.383662,""visibility"":0.999876},{""index"":3,""x"":0.467988,""y"":0.383426,""visibility"":0.99985},{""index"":4,""x"":0.444785,""y"":0.386502,""visibility"":0.99993},{""index"":5,""x"":0.440953,""y"":0.388001,""visibility"":0.999929},{""index"":6,""x"":0.437501,""y"":0.389676,""visibility"":0.999925},{""index"":7,""x"":0.472911,""y"":0.39268,""visibility"":0.999926},{""index"":8,""x"":0.431176,""y"":0.400268,""visibility"":0.99997},{""index"":9,""x"":0.462925,""y"":0.415858,""visibility"":0.99999},{""index"":10,""x"":0.445272,""y"":0.417025,""visibility"":0.999995},{""index"":11,""x"":0.513479,""y"":0.494925,""visibility"":0.999937},{""index"":12,""x"":0.402749,""y"":0.497988,""visibility"":0.999967},{""index"":13,""x"":0.565356,""y"":0.584415,""visibility"":0.99653},{""index"":14,""x"":0.358903,""y"":0.591546,""visibility"":0.994336},{""index"":15,""x"":0.538552,""y"":0.573075,""visibility"":0.991748},{""index"":16,""x"":0.378827,""y"":0.584013,""visibility"":0.989948},{""index"":17,""x"":0.530795,""y"":0.578742,""visibility"":0.972257},{""index"":18,""x"":0.388464,""y"":0.588355,""visibility"":0.96741},{""index"":19,""x"":0.522465,""y"":0.568668,""visibility"":0.969498},{""index"":20,""x"":0.396105,""y"":0.57592,""visibility"":0.962953},{""index"":21,""x"":0.522524,""y"":0.567059,""visibility"":0.961316},{""index"":22,""x"":0.395455,""y"":0.57327,""visibility"":0.949949},{""index"":23,""x"":0.488273,""y"":0.711399,""visibility"":0.999374},{""index"":24,""x"":0.426524,""y"":0.711821,""visibility"":0.999318},{""index"":25,""x"":0.490711,""y"":0.887092,""visibility"":0.904651},{""index"":26,""x"":0.425328,""y"":0.894444,""visibility"":0.867036},{""index"":27,""x"":0.486436,""y"":1.007405,""visibility"":0.69451},{""index"":28,""x"":0.430143,""y"":1.00986,""visibility"":0.732209},{""index"":29,""x"":0.483834,""y"":1.025783,""visibility"":0.413122},{""index"":30,""x"":0.438531,""y"":1.024796,""visibility"":0.438455},{""index"":31,""x"":0.480786,""y"":1.073174,""visibility"":0.610802},{""index"":32,""x"":0.428812,""y"":1.072463,""visibility"":0.63624}]"
sample_0035,full_body,2026-08-17T04:29:38.613+09:00,sample_0035_full_body_20260817_042938_611805_rgb.jpg,sample_0035_full_body_20260817_042938_611805_skeleton.jpg,1,0.517759,0.487832,0.999957,0.400697,0.498394,0.999949,0.495945,0.714088,0.999728,0.429659,0.716176,0.999617,"[{""index"":0,""x"":0.445774,""y"":0.400855,""visibility"":0.999981},{""index"":1,""x"":0.452523,""y"":0.384986,""visibility"":0.999958},{""index"":2,""x"":0.458279,""y"":0.384504,""visibility"":0.999953},{""index"":3,""x"":0.463005,""y"":0.384125,""visibility"":0.999941},{""index"":4,""x"":0.4389,""y"":0.387275,""visibility"":0.999966},{""index"":5,""x"":0.435554,""y"":0.388357,""visibility"":0.999965},{""index"":6,""x"":0.432646,""y"":0.389563,""visibility"":0.99996},{""index"":7,""x"":0.469753,""y"":0.392825,""visibility"":0.999979},{""index"":8,""x"":0.42861,""y"":0.400178,""visibility"":0.999986},{""index"":9,""x"":0.457715,""y"":0.41498,""visibility"":0.999995},{""index"":10,""x"":0.439948,""y"":0.416363,""visibility"":0.999996},{""index"":11,""x"":0.517759,""y"":0.487832,""visibility"":0.999957},{""index"":12,""x"":0.400697,""y"":0.498394,""visibility"":0.999949},{""index"":13,""x"":0.569788,""y"":0.577897,""visibility"":0.999571},{""index"":14,""x"":0.369141,""y"":0.612214,""visibility"":0.997757},{""index"":15,""x"":0.537631,""y"":0.584357,""visibility"":0.998638},{""index"":16,""x"":0.380362,""y"":0.584329,""visibility"":0.996996},{""index"":17,""x"":0.521039,""y"":0.595457,""visibility"":0.994203},{""index"":18,""x"":0.385868,""y"":0.583542,""visibility"":0.991587},{""index"":19,""x"":0.514073,""y"":0.584412,""visibility"":0.993203},{""index"":20,""x"":0.392368,""y"":0.569081,""visibility"":0.989672},{""index"":21,""x"":0.515156,""y"":0.580229,""visibility"":0.992481},{""index"":22,""x"":0.392226,""y"":0.569372,""visibility"":0.986468},{""index"":23,""x"":0.495945,""y"":0.714088,""visibility"":0.999728},{""index"":24,""x"":0.429659,""y"":0.716176,""visibility"":0.999617},{""index"":25,""x"":0.493954,""y"":0.902126,""visibility"":0.968856},{""index"":26,""x"":0.428107,""y"":0.89716,""visibility"":0.973342},{""index"":27,""x"":0.490569,""y"":1.013451,""visibility"":0.645902},{""index"":28,""x"":0.435781,""y"":1.020086,""visibility"":0.702734},{""index"":29,""x"":0.488442,""y"":1.040655,""visibility"":0.426979},{""index"":30,""x"":0.439519,""y"":1.034618,""visibility"":0.404625},{""index"":31,""x"":0.486899,""y"":1.09268,""visibility"":0.310276},{""index"":32,""x"":0.434898,""y"":1.088745,""visibility"":0.309963}]"
sample_0036,full_body,2026-08-17T04:29:39.056+09:00,sample_0036_full_body_20260817_042939_055414_rgb.jpg,sample_0036_full_body_20260817_042939_055414_skeleton.jpg,1,0.519074,0.487279,0.999659,0.407319,0.498062,0.999221,0.493526,0.726866,0.998273,0.430498,0.72777,0.997566,"[{""index"":0,""x"":0.41861,""y"":0.409005,""visibility"":0.995444},{""index"":1,""x"":0.426289,""y"":0.392588,""visibility"":0.99427},{""index"":2,""x"":0.429666,""y"":0.391227,""visibility"":0.994112},{""index"":3,""x"":0.433196,""y"":0.389908,""visibility"":0.994135},{""index"":4,""x"":0.421443,""y"":0.394609,""visibility"":0.992683},{""index"":5,""x"":0.421327,""y"":0.394772,""visibility"":0.992123},{""index"":6,""x"":0.421396,""y"":0.394738,""visibility"":0.991812},{""index"":7,""x"":0.45133,""y"":0.392949,""visibility"":0.99703},{""index"":8,""x"":0.430415,""y"":0.39795,""visibility"":0.995151},{""index"":9,""x"":0.42977,""y"":0.421374,""visibility"":0.998935},{""index"":10,""x"":0.42302,""y"":0.42361,""visibility"":0.998427},{""index"":11,""x"":0.519074,""y"":0.487279,""visibility"":0.999659},{""index"":12,""x"":0.407319,""y"":0.498062,""visibility"":0.999221},{""index"":13,""x"":0.566548,""y"":0.562355,""visibility"":0.992093},{""index"":14,""x"":0.366244,""y"":0.5877,""visibility"":0.930458},{""index"":15,""x"":0.550103,""y"":0.614457,""visibility"":0.966283},{""index"":16,""x"":0.357474,""y"":0.599266,""visibility"":0.896795},{""index"":17,""x"":0.546457,""y"":0.636953,""visibility"":0.915959},{""index"":18,""x"":0.351614,""y"":0.602982,""visibility"":0.847968},{""index"":19,""x"":0.535534,""y"":0.632242,""visibility"":0.918626},{""index"":20,""x"":0.361794,""y"":0.58964,""visibility"":0.851706},{""index"":21,""x"":0.533832,""y"":0.62626,""visibility"":0.913368},{""index"":22,""x"":0.364206,""y"":0.590208,""visibility"":0.83602},{""index"":23,""x"":0.493526,""y"":0.726866,""visibility"":0.998273},{""index"":24,""x"":0.430498,""y"":0.72777,""visibility"":0.997566},{""index"":25,""x"":0.494654,""y"":0.906241,""visibility"":0.930078},{""index"":26,""x"":0.425853,""y"":0.906693,""visibility"":0.914901},{""index"":27,""x"":0.487396,""y"":1.014739,""visibility"":0.685213},{""index"":28,""x"":0.437872,""y"":1.01822,""visibility"":0.759761},{""index"":29,""x"":0.4817,""y"":1.031035,""visibility"":0.373304},{""index"":30,""x"":0.448717,""y"":1.052672,""visibility"":0.444625},{""index"":31,""x"":0.479071,""y"":1.095791,""visibility"":0.542682},{""index"":32,""x"":0.424429,""y"":1.099722,""visibility"":0.621771}]"
sample_0037,full_body,2026-08-17T04:29:39.213+09:00,sample_0037_full_body_20260817_042939_211484_rgb.jpg,sample_0037_full_body_20260817_042939_211484_skeleton.jpg,1,0.519074,0.487279,0.999659,0.407319,0.498062,0.999221,0.493526,0.726866,0.998273,0.430498,0.72777,0.997566,"[{""index"":0,""x"":0.41861,""y"":0.409005,""visibility"":0.995444},{""index"":1,""x"":0.426289,""y"":0.392588,""visibility"":0.99427},{""index"":2,""x"":0.429666,""y"":0.391227,""visibility"":0.994112},{""index"":3,""x"":0.433196,""y"":0.389908,""visibility"":0.994135},{""index"":4,""x"":0.421443,""y"":0.394609,""visibility"":0.992683},{""index"":5,""x"":0.421327,""y"":0.394772,""visibility"":0.992123},{""index"":6,""x"":0.421396,""y"":0.394738,""visibility"":0.991812},{""index"":7,""x"":0.45133,""y"":0.392949,""visibility"":0.99703},{""index"":8,""x"":0.430415,""y"":0.39795,""visibility"":0.995151},{""index"":9,""x"":0.42977,""y"":0.421374,""visibility"":0.998935},{""index"":10,""x"":0.42302,""y"":0.42361,""visibility"":0.998427},{""index"":11,""x"":0.519074,""y"":0.487279,""visibility"":0.999659},{""index"":12,""x"":0.407319,""y"":0.498062,""visibility"":0.999221},{""index"":13,""x"":0.566548,""y"":0.562355,""visibility"":0.992093},{""index"":14,""x"":0.366244,""y"":0.5877,""visibility"":0.930458},{""index"":15,""x"":0.550103,""y"":0.614457,""visibility"":0.966283},{""index"":16,""x"":0.357474,""y"":0.599266,""visibility"":0.896795},{""index"":17,""x"":0.546457,""y"":0.636953,""visibility"":0.915959},{""index"":18,""x"":0.351614,""y"":0.602982,""visibility"":0.847968},{""index"":19,""x"":0.535534,""y"":0.632242,""visibility"":0.918626},{""index"":20,""x"":0.361794,""y"":0.58964,""visibility"":0.851706},{""index"":21,""x"":0.533832,""y"":0.62626,""visibility"":0.913368},{""index"":22,""x"":0.364206,""y"":0.590208,""visibility"":0.83602},{""index"":23,""x"":0.493526,""y"":0.726866,""visibility"":0.998273},{""index"":24,""x"":0.430498,""y"":0.72777,""visibility"":0.997566},{""index"":25,""x"":0.494654,""y"":0.906241,""visibility"":0.930078},{""index"":26,""x"":0.425853,""y"":0.906693,""visibility"":0.914901},{""index"":27,""x"":0.487396,""y"":1.014739,""visibility"":0.685213},{""index"":28,""x"":0.437872,""y"":1.01822,""visibility"":0.759761},{""index"":29,""x"":0.4817,""y"":1.031035,""visibility"":0.373304},{""index"":30,""x"":0.448717,""y"":1.052672,""visibility"":0.444625},{""index"":31,""x"":0.479071,""y"":1.095791,""visibility"":0.542682},{""index"":32,""x"":0.424429,""y"":1.099722,""visibility"":0.621771}]"
sample_0038,full_body,2026-08-17T04:29:39.554+09:00,sample_0038_full_body_20260817_042939_552961_rgb.jpg,sample_0038_full_body_20260817_042939_552961_skeleton.jpg,1,0.526743,0.510094,0.999804,0.415166,0.477371,0.999834,0.482801,0.730765,0.999085,0.415311,0.72329,0.998947,"[{""index"":0,""x"":0.453895,""y"":0.406587,""visibility"":0.999898},{""index"":1,""x"":0.464766,""y"":0.393247,""visibility"":0.999806},{""index"":2,""x"":0.469623,""y"":0.394522,""visibility"":0.999783},{""index"":3,""x"":0.474573,""y"":0.395913,""visibility"":0.999766},{""index"":4,""x"":0.456638,""y"":0.390972,""visibility"":0.99978},{""index"":5,""x"":0.4552,""y"":0.390437,""visibility"":0.999745},{""index"":6,""x"":0.453411,""y"":0.389893,""visibility"":0.999706},{""index"":7,""x"":0.488681,""y"":0.405905,""visibility"":0.999861},{""index"":8,""x"":0.45597,""y"":0.397312,""visibility"":0.999876},{""index"":9,""x"":0.462188,""y"":0.425601,""visibility"":0.99996},{""index"":10,""x"":0.450666,""y"":0.424194,""visibility"":0.99997},{""index"":11,""x"":0.526743,""y"":0.510094,""visibility"":0.999804},{""index"":12,""x"":0.415166,""y"":0.477371,""visibility"":0.999834},{""index"":13,""x"":0.548724,""y"":0.60737,""visibility"":0.998293},{""index"":14,""x"":0.354012,""y"":0.541649,""visibility"":0.996984},{""index"":15,""x"":0.551912,""y"":0.620332,""visibility"":0.997166},{""index"":16,""x"":0.378292,""y"":0.572197,""visibility"":0.995719},{""index"":17,""x"":0.554333,""y"":0.639258,""visibility"":0.992539},{""index"":18,""x"":0.387686,""y"":0.589759,""visibility"":0.988668},{""index"":19,""x"":0.547027,""y"":0.631102,""visibility"":0.99251},{""index"":20,""x"":0.397272,""y"":0.58062,""visibility"":0.988085},{""index"":21,""x"":0.544597,""y"":0.625991,""visibility"":0.991456},{""index"":22,""x"":0.396375,""y"":0.575473,""visibility"":0.98631},{""index"":23,""x"":0.482801,""y"":0.730765,""visibility"":0.999085},{""index"":24,""x"":0.415311,""y"":0.72329,""visibility"":0.998947},{""index"":25,""x"":0.488151,""y"":0.912699,""visibility"":0.970521},{""index"":26,""x"":0.419842,""y"":0.910395,""visibility"":0.966283},{""index"":27,""x"":0.484455,""y"":1.019423,""visibility"":0.688364},{""index"":28,""x"":0.430068,""y"":1.028815,""visibility"":0.762954},{""index"":29,""x"":0.480802,""y"":1.055636,""visibility"":0.369656},{""index"":30,""x"":0.435851,""y"":1.05564,""visibility"":0.38318},{""index"":31,""x"":0.478954,""y"":1.102618,""visibility"":0.420897},{""index"":32,""x"":0.420785,""y"":1.101372,""visibility"":0.454291}]"
sample_0039,full_body,2026-08-17T04:29:39.774+09:00,sample_0039_full_body_20260817_042939_772560_rgb.jpg,sample_0039_full_body_20260817_042939_772560_skeleton.jpg,1,0.523644,0.512292,0.999202,0.413904,0.479996,0.999508,0.482408,0.734375,0.99811,0.414123,0.725737,0.998028,"[{""index"":0,""x"":0.451456,""y"":0.402171,""visibility"":0.999299},{""index"":1,""x"":0.461627,""y"":0.389157,""visibility"":0.998849},{""index"":2,""x"":0.465736,""y"":0.39011,""visibility"":0.99875},{""index"":3,""x"":0.47016,""y"":0.391316,""visibility"":0.998562},{""index"":4,""x"":0.454408,""y"":0.387051,""visibility"":0.99884},{""index"":5,""x"":0.453108,""y"":0.386513,""visibility"":0.998716},{""index"":6,""x"":0.45134,""y"":0.386068,""visibility"":0.998551},{""index"":7,""x"":0.484506,""y"":0.401287,""visibility"":0.999242},{""index"":8,""x"":0.454566,""y"":0.394706,""visibility"":0.99929},{""index"":9,""x"":0.459266,""y"":0.421267,""visibility"":0.999755},{""index"":10,""x"":0.448867,""y"":0.42051,""visibility"":0.999804},{""index"":11,""x"":0.523644,""y"":0.512292,""visibility"":0.999202},{""index"":12,""x"":0.413904,""y"":0.479996,""visibility"":0.999508},{""index"":13,""x"":0.542485,""y"":0.629059,""visibility"":0.994043},{""index"":14,""x"":0.367143,""y"":0.562432,""visibility"":0.989347},{""index"":15,""x"":0.543987,""y"":0.618984,""visibility"":0.99178},{""index"":16,""x"":0.377599,""y"":0.578922,""visibility"":0.991652},{""index"":17,""x"":0.546576,""y"":0.632804,""visibility"":0.980091},{""index"":18,""x"":0.382681,""y"":0.590521,""visibility"":0.982624},{""index"":19,""x"":0.535714,""y"":0.619213,""visibility"":0.979977},{""index"":20,""x"":0.392717,""y"":0.57882,""visibility"":0.981489},{""index"":21,""x"":0.533519,""y"":0.616527,""visibility"":0.977197},{""index"":22,""x"":0.392691,""y"":0.575275,""visibility"":0.977066},{""index"":23,""x"":0.482408,""y"":0.734375,""visibility"":0.99811},{""index"":24,""x"":0.414123,""y"":0.725737,""visibility"":0.998028},{""index"":25,""x"":0.48859,""y"":0.917226,""visibility"":0.961244},{""index"":26,""x"":0.419883,""y"":0.915836,""visibility"":0.95388},{""index"":27,""x"":0.483506,""y"":1.025498,""visibility"":0.63861},{""index"":28,""x"":0.431476,""y"":1.035747,""visibility"":0.710025},{""index"":29,""x"":0.47963,""y"":1.058624,""visibility"":0.304869},{""index"":30,""x"":0.43684,""y"":1.06019,""visibility"":0.321886},{""index"":31,""x"":0.475986,""y"":1.107762,""visibility"":0.388676},{""index"":32,""x"":0.423177,""y"":1.107087,""visibility"":0.420719}]"
sample_0040,full_body,2026-08-17T04:29:39.997+09:00,sample_0040_full_body_20260817_042939_997024_rgb.jpg,sample_0040_full_body_20260817_042939_997024_skeleton.jpg,1,0.523644,0.512292,0.999202,0.413904,0.479996,0.999508,0.482408,0.734375,0.99811,0.414123,0.725737,0.998028,"[{""index"":0,""x"":0.451456,""y"":0.402171,""visibility"":0.999299},{""index"":1,""x"":0.461627,""y"":0.389157,""visibility"":0.998849},{""index"":2,""x"":0.465736,""y"":0.39011,""visibility"":0.99875},{""index"":3,""x"":0.47016,""y"":0.391316,""visibility"":0.998562},{""index"":4,""x"":0.454408,""y"":0.387051,""visibility"":0.99884},{""index"":5,""x"":0.453108,""y"":0.386513,""visibility"":0.998716},{""index"":6,""x"":0.45134,""y"":0.386068,""visibility"":0.998551},{""index"":7,""x"":0.484506,""y"":0.401287,""visibility"":0.999242},{""index"":8,""x"":0.454566,""y"":0.394706,""visibility"":0.99929},{""index"":9,""x"":0.459266,""y"":0.421267,""visibility"":0.999755},{""index"":10,""x"":0.448867,""y"":0.42051,""visibility"":0.999804},{""index"":11,""x"":0.523644,""y"":0.512292,""visibility"":0.999202},{""index"":12,""x"":0.413904,""y"":0.479996,""visibility"":0.999508},{""index"":13,""x"":0.542485,""y"":0.629059,""visibility"":0.994043},{""index"":14,""x"":0.367143,""y"":0.562432,""visibility"":0.989347},{""index"":15,""x"":0.543987,""y"":0.618984,""visibility"":0.99178},{""index"":16,""x"":0.377599,""y"":0.578922,""visibility"":0.991652},{""index"":17,""x"":0.546576,""y"":0.632804,""visibility"":0.980091},{""index"":18,""x"":0.382681,""y"":0.590521,""visibility"":0.982624},{""index"":19,""x"":0.535714,""y"":0.619213,""visibility"":0.979977},{""index"":20,""x"":0.392717,""y"":0.57882,""visibility"":0.981489},{""index"":21,""x"":0.533519,""y"":0.616527,""visibility"":0.977197},{""index"":22,""x"":0.392691,""y"":0.575275,""visibility"":0.977066},{""index"":23,""x"":0.482408,""y"":0.734375,""visibility"":0.99811},{""index"":24,""x"":0.414123,""y"":0.725737,""visibility"":0.998028},{""index"":25,""x"":0.48859,""y"":0.917226,""visibility"":0.961244},{""index"":26,""x"":0.419883,""y"":0.915836,""visibility"":0.95388},{""index"":27,""x"":0.483506,""y"":1.025498,""visibility"":0.63861},{""index"":28,""x"":0.431476,""y"":1.035747,""visibility"":0.710025},{""index"":29,""x"":0.47963,""y"":1.058624,""visibility"":0.304869},{""index"":30,""x"":0.43684,""y"":1.06019,""visibility"":0.321886},{""index"":31,""x"":0.475986,""y"":1.107762,""visibility"":0.388676},{""index"":32,""x"":0.423177,""y"":1.107087,""visibility"":0.420719}]"
sample_0041,full_body,2026-08-17T04:29:40.155+09:00,sample_0041_full_body_20260817_042940_154624_rgb.jpg,sample_0041_full_body_20260817_042940_154624_skeleton.jpg,1,0.515006,0.488045,0.999882,0.399575,0.498782,0.999866,0.494162,0.722648,0.999649,0.42669,0.721322,0.999501,"[{""index"":0,""x"":0.416381,""y"":0.396529,""visibility"":0.999903},{""index"":1,""x"":0.423394,""y"":0.38068,""visibility"":0.999821},{""index"":2,""x"":0.427367,""y"":0.380069,""visibility"":0.99981},{""index"":3,""x"":0.431764,""y"":0.379596,""visibility"":0.999777},{""index"":4,""x"":0.417084,""y"":0.382452,""visibility"":0.999803},{""index"":5,""x"":0.415676,""y"":0.383095,""visibility"":0.999782},{""index"":6,""x"":0.414794,""y"":0.383619,""visibility"":0.999735},{""index"":7,""x"":0.450083,""y"":0.388259,""visibility"":0.999905},{""index"":8,""x"":0.421729,""y"":0.392586,""visibility"":0.999901},{""index"":9,""x"":0.427177,""y"":0.41001,""visibility"":0.999973},{""index"":10,""x"":0.41779,""y"":0.412126,""visibility"":0.999973},{""index"":11,""x"":0.515006,""y"":0.488045,""visibility"":0.999882},{""index"":12,""x"":0.399575,""y"":0.498782,""visibility"":0.999866},{""index"":13,""x"":0.558302,""y"":0.586696,""visibility"":0.999616},{""index"":14,""x"":0.359718,""y"":0.591095,""visibility"":0.995151},{""index"":15,""x"":0.522829,""y"":0.58689,""visibility"":0.99874},{""index"":16,""x"":0.365878,""y"":0.594127,""visibility"":0.99371},{""index"":17,""x"":0.508419,""y"":0.592253,""visibility"":0.994979},{""index"":18,""x"":0.365414,""y"":0.600068,""visibility"":0.983785},{""index"":19,""x"":0.501025,""y"":0.578621,""visibility"":0.994358},{""index"":20,""x"":0.374522,""y"":0.585973,""visibility"":0.981239},{""index"":21,""x"":0.503144,""y"":0.576321,""visibility"":0.993735},{""index"":22,""x"":0.375623,""y"":0.584945,""visibility"":0.978426},{""index"":23,""x"":0.494162,""y"":0.722648,""visibility"":0.999649},{""index"":24,""x"":0.42669,""y"":0.721322,""visibility"":0.999501},{""index"":25,""x"":0.493016,""y"":0.900917,""visibility"":0.978875},{""index"":26,""x"":0.422093,""y"":0.905812,""visibility"":0.980986},{""index"":27,""x"":0.489055,""y"":1.007831,""visibility"":0.630685},{""index"":28,""x"":0.430942,""y"":1.017889,""visibility"":0.726717},{""index"":29,""x"":0.484175,""y"":1.037002,""visibility"":0.342901},{""index"":30,""x"":0.440649,""y"":1.046421,""visibility"":0.387111},{""index"":31,""x"":0.483436,""y"":1.099657,""visibility"":0.250913},{""index"":32,""x"":0.420487,""y"":1.095714,""visibility"":0.304352}]"
sample_0042,full_body,2026-08-17T04:29:40.361+09:00,sample_0042_full_body_20260817_042940_359420_rgb.jpg,sample_0042_full_body_20260817_042940_359420_skeleton.jpg,1,0.508264,0.478857,0.999961,0.396798,0.49837,0.999956,0.49254,0.708708,0.999849,0.426934,0.712811,0.999787,"[{""index"":0,""x"":0.408898,""y"":0.397405,""visibility"":0.999954},{""index"":1,""x"":0.41622,""y"":0.38097,""visibility"":0.999894},{""index"":2,""x"":0.420306,""y"":0.379807,""visibility"":0.999881},{""index"":3,""x"":0.424942,""y"":0.378594,""visibility"":0.99985},{""index"":4,""x"":0.408744,""y"":0.383753,""visibility"":0.999893},{""index"":5,""x"":0.407411,""y"":0.384545,""visibility"":0.999886},{""index"":6,""x"":0.405468,""y"":0.385646,""visibility"":0.99986},{""index"":7,""x"":0.442274,""y"":0.385247,""visibility"":0.999953},{""index"":8,""x"":0.414146,""y"":0.394115,""visibility"":0.999957},{""index"":9,""x"":0.419903,""y"":0.411104,""visibility"":0.99999},{""index"":10,""x"":0.410183,""y"":0.413821,""visibility"":0.99999},{""index"":11,""x"":0.508264,""y"":0.478857,""visibility"":0.999961},{""index"":12,""x"":0.396798,""y"":0.49837,""visibility"":0.999956},{""index"":13,""x"":0.569648,""y"":0.565102,""visibility"":0.999952},{""index"":14,""x"":0.362304,""y"":0.585994,""visibility"":0.999071},{""index"":15,""x"":0.521848,""y"":0.576449,""visibility"":0.999848},{""index"":16,""x"":0.369417,""y"":0.593734,""visibility"":0.999239},{""index"":17,""x"":0.505079,""y"":0.592197,""visibility"":0.99891},{""index"":18,""x"":0.375678,""y"":0.605472,""visibility"":0.997088},{""index"":19,""x"":0.495791,""y"":0.581861,""visibility"":0.99874},{""index"":20,""x"":0.383871,""y"":0.590079,""visibility"":0.99657},{""index"":21,""x"":0.498725,""y"":0.576039,""visibility"":0.998595},{""index"":22,""x"":0.383416,""y"":0.585831,""visibility"":0.99585},{""index"":23,""x"":0.49254,""y"":0.708708,""visibility"":0.999849},{""index"":24,""x"":0.426934,""y"":0.712811,""visibility"":0.999787},{""index"":25,""x"":0.492378,""y"":0.884923,""visibility"":0.963916},{""index"":26,""x"":0.421584,""y"":0.891886,""visibility"":0.962036},{""index"":27,""x"":0.489147,""y"":1.012633,""visibility"":0.467119},{""index"":28,""x"":0.433651,""y"":1.016828,""visibility"":0.599192},{""index"":29,""x"":0.482154,""y"":1.027219,""visibility"":0.22919},{""index"":30,""x"":0.441526,""y"":1.037509,""visibility"":0.256273},{""index"":32,""x"":0.423671,""y"":1.084616,""visibility"":0.206254}]"
sample_0043,full_body,2026-08-17T04:29:40.589+09:00,sample_0043_full_body_20260817_042940_588074_rgb.jpg,sample_0043_full_body_20260817_042940_588074_skeleton.jpg,1,0.507348,0.485486,0.999837,0.390879,0.504953,0.999829,0.493397,0.72511,0.999672,0.42436,0.730541,0.999675,"[{""index"":0,""x"":0.427198,""y"":0.396061,""visibility"":0.999881},{""index"":1,""x"":0.434026,""y"":0.379964,""visibility"":0.999797},{""index"":2,""x"":0.440226,""y"":0.379614,""visibility"":0.999768},{""index"":3,""x"":0.446248,""y"":0.379495,""visibility"":0.999718},{""index"":4,""x"":0.421774,""y"":0.382396,""visibility"":0.9998},{""index"":5,""x"":0.418596,""y"":0.383549,""visibility"":0.999778},{""index"":6,""x"":0.415342,""y"":0.384845,""visibility"":0.999745},{""index"":7,""x"":0.456056,""y"":0.38897,""visibility"":0.999852},{""index"":8,""x"":0.412826,""y"":0.395881,""visibility"":0.999871},{""index"":9,""x"":0.438688,""y"":0.410649,""visibility"":0.999954},{""index"":10,""x"":0.422957,""y"":0.412272,""visibility"":0.999959},{""index"":11,""x"":0.507348,""y"":0.485486,""visibility"":0.999837},{""index"":12,""x"":0.390879,""y"":0.504953,""visibility"":0.999829},{""index"":13,""x"":0.554408,""y"":0.58386,""visibility"":0.998906},{""index"":14,""x"":0.368752,""y"":0.615123,""visibility"":0.9953},{""index"":15,""x"":0.53018,""y"":0.583133,""visibility"":0.997973},{""index"":16,""x"":0.377996,""y"":0.601112,""visibility"":0.996597},{""index"":17,""x"":0.517154,""y"":0.587968,""visibility"":0.993436},{""index"":18,""x"":0.384191,""y"":0.609691,""visibility"":0.99251},{""index"":19,""x"":0.511326,""y"":0.577692,""visibility"":0.992851},{""index"":20,""x"":0.390494,""y"":0.593301,""visibility"":0.991456},{""index"":21,""x"":0.511014,""y"":0.575495,""visibility"":0.992184},{""index"":22,""x"":0.389279,""y"":0.590442,""visibility"":0.989182},{""index"":23,""x"":0.493397,""y"":0.72511,""visibility"":0.999672},{""index"":24,""x"":0.42436,""y"":0.730541,""visibility"":0.999675},{""index"":25,""x"":0.491976,""y"":0.897468,""visibility"":0.965446},{""index"":26,""x"":0.424857,""y"":0.905562,""visibility"":0.973292},{""index"":27,""x"":0.487379,""y"":1.01245,""visibility"":0.583678},{""index"":28,""x"":0.431679,""y"":1.032933,""visibility"":0.763131},{""index"":29,""x"":0.482423,""y"":1.029848,""visibility"":0.349422},{""index"":30,""x"":0.437072,""y"":1.065404,""visibility"":0.393676},{""index"":31,""x"":0.487034,""y"":1.100436,""visibility"":0.289271},{""index"":32,""x"":0.425833,""y"":1.113684,""visibility"":0.38914}]"
sample_0044,full_body,2026-08-17T04:29:40.765+09:00,sample_0044_full_body_20260817_042940_764360_rgb.jpg,sample_0044_full_body_20260817_042940_764360_skeleton.jpg,1,0.507567,0.499445,0.999956,0.39733,0.484282,0.999968,0.483872,0.716958,0.999516,0.419762,0.713491,0.999523,"[{""index"":0,""x"":0.464135,""y"":0.396285,""visibility"":0.999973},{""index"":1,""x"":0.469804,""y"":0.37997,""visibility"":0.999937},{""index"":2,""x"":0.473417,""y"":0.380243,""visibility"":0.999927},{""index"":3,""x"":0.476664,""y"":0.380495,""visibility"":0.999923},{""index"":4,""x"":0.456098,""y"":0.37992,""visibility"":0.999946},{""index"":5,""x"":0.450494,""y"":0.380302,""visibility"":0.99994},{""index"":6,""x"":0.445783,""y"":0.381249,""visibility"":0.999938},{""index"":7,""x"":0.479128,""y"":0.390063,""visibility"":0.999946},{""index"":8,""x"":0.438334,""y"":0.392483,""visibility"":0.999972},{""index"":9,""x"":0.470744,""y"":0.413057,""visibility"":0.999992},{""index"":10,""x"":0.453883,""y"":0.41239,""visibility"":0.999996},{""index"":11,""x"":0.507567,""y"":0.499445,""visibility"":0.999956},{""index"":12,""x"":0.39733,""y"":0.484282,""visibility"":0.999968},{""index"":13,""x"":0.53621,""y"":0.608875,""visibility"":0.990064},{""index"":14,""x"":0.351645,""y"":0.585493,""visibility"":0.994552},{""index"":15,""x"":0.528309,""y"":0.605255,""visibility"":0.983214},{""index"":16,""x"":0.390073,""y"":0.596886,""visibility"":0.986828},{""index"":17,""x"":0.524619,""y"":0.612705,""visibility"":0.966537},{""index"":18,""x"":0.402751,""y"":0.606502,""visibility"":0.965119},{""index"":19,""x"":0.516948,""y"":0.600389,""visibility"":0.964987},{""index"":20,""x"":0.411288,""y"":0.596862,""visibility"":0.962036},{""index"":21,""x"":0.516158,""y"":0.596824,""visibility"":0.956715},{""index"":22,""x"":0.407286,""y"":0.590839,""visibility"":0.950778},{""index"":23,""x"":0.483872,""y"":0.716958,""visibility"":0.999516},{""index"":24,""x"":0.419762,""y"":0.713491,""visibility"":0.999523},{""index"":25,""x"":0.489996,""y"":0.897508,""visibility"":0.958924},{""index"":26,""x"":0.420449,""y"":0.903684,""visibility"":0.957833},{""index"":27,""x"":0.485666,""y"":1.001944,""visibility"":0.778313},{""index"":28,""x"":0.431692,""y"":1.014541,""visibility"":0.843638},{""index"":29,""x"":0.48095,""y"":1.025403,""visibility"":0.494553},{""index"":30,""x"":0.438318,""y"":1.022915,""visibility"":0.541045},{""index"":31,""x"":0.482607,""y"":1.067338,""visibility"":0.695441},{""index"":32,""x"":0.428259,""y"":1.077977,""visibility"":0.735452}]"
sample_0045,full_body,2026-08-17T04:29:40.984+09:00,sample_0045_full_body_20260817_042940_982687_rgb.jpg,sample_0045_full_body_20260817_042940_982687_skeleton.jpg,1,0.503184,0.505897,0.999918,0.398209,0.477609,0.999921,0.47912,0.721371,0.999293,0.412215,0.717538,0.999205,"[{""index"":0,""x"":0.493372,""y"":0.40617,""visibility"":0.999889},{""index"":1,""x"":0.49708,""y"":0.393224,""visibility"":0.99983},{""index"":2,""x"":0.498941,""y"":0.394643,""visibility"":0.999801},{""index"":3,""x"":0.500785,""y"":0.396126,""visibility"":0.999793},{""index"":4,""x"":0.488775,""y"":0.388649,""visibility"":0.999829},{""index"":5,""x"":0.484123,""y"":0.386506,""visibility"":0.999807},{""index"":6,""x"":0.477697,""y"":0.384298,""visibility"":0.9998},{""index"":7,""x"":0.494297,""y"":0.402791,""visibility"":0.999813},{""index"":8,""x"":0.460429,""y"":0.390264,""visibility"":0.99991},{""index"":9,""x"":0.491747,""y"":0.420596,""visibility"":0.999974},{""index"":10,""x"":0.479975,""y"":0.417656,""visibility"":0.999985},{""index"":11,""x"":0.503184,""y"":0.505897,""visibility"":0.999918},{""index"":12,""x"":0.398209,""y"":0.477609,""visibility"":0.999921},{""index"":13,""x"":0.517203,""y"":0.618653,""visibility"":0.9775},{""index"":14,""x"":0.350546,""y"":0.580805,""visibility"":0.995018},{""index"":15,""x"":0.541572,""y"":0.623076,""visibility"":0.978343},{""index"":16,""x"":0.402321,""y"":0.602326,""visibility"":0.988131},{""index"":17,""x"":0.548859,""y"":0.626121,""visibility"":0.963643},{""index"":18,""x"":0.4205,""y"":0.617662,""visibility"":0.972046},{""index"":19,""x"":0.547341,""y"":0.616014,""visibility"":0.963916},{""index"":20,""x"":0.427646,""y"":0.608262,""visibility"":0.971184},{""index"":21,""x"":0.542942,""y"":0.613523,""visibility"":0.959307},{""index"":22,""x"":0.425056,""y"":0.601785,""visibility"":0.964254},{""index"":23,""x"":0.47912,""y"":0.721371,""visibility"":0.999293},{""index"":24,""x"":0.412215,""y"":0.717538,""visibility"":0.999205},{""index"":25,""x"":0.48617,""y"":0.897356,""visibility"":0.96175},{""index"":26,""x"":0.416754,""y"":0.901701,""visibility"":0.96862},{""index"":27,""x"":0.485407,""y"":1.020514,""visibility"":0.762601},{""index"":28,""x"":0.426048,""y"":1.032465,""visibility"":0.82741},{""index"":29,""x"":0.477715,""y"":1.045903,""visibility"":0.513966},{""index"":30,""x"":0.430357,""y"":1.045249,""visibility"":0.524943},{""index"":31,""x"":0.494702,""y"":1.093269,""visibility"":0.618377},{""index"":32,""x"":0.433181,""y"":1.095652,""visibility"":0.636692}]"
sample_0046,full_body,2026-08-17T04:29:41.209+09:00,sample_0046_full_body_20260817_042941_208701_rgb.jpg,sample_0046_full_body_20260817_042941_208701_skeleton.jpg,1,0.503184,0.505897,0.999918,0.398209,0.477609,0.999921,0.47912,0.721371,0.999293,0.412215,0.717538,0.999205,"[{""index"":0,""x"":0.493372,""y"":0.40617,""visibility"":0.999889},{""index"":1,""x"":0.49708,""y"":0.393224,""visibility"":0.99983},{""index"":2,""x"":0.498941,""y"":0.394643,""visibility"":0.999801},{""index"":3,""x"":0.500785,""y"":0.396126,""visibility"":0.999793},{""index"":4,""x"":0.488775,""y"":0.388649,""visibility"":0.999829},{""index"":5,""x"":0.484123,""y"":0.386506,""visibility"":0.999807},{""index"":6,""x"":0.477697,""y"":0.384298,""visibility"":0.9998},{""index"":7,""x"":0.494297,""y"":0.402791,""visibility"":0.999813},{""index"":8,""x"":0.460429,""y"":0.390264,""visibility"":0.99991},{""index"":9,""x"":0.491747,""y"":0.420596,""visibility"":0.999974},{""index"":10,""x"":0.479975,""y"":0.417656,""visibility"":0.999985},{""index"":11,""x"":0.503184,""y"":0.505897,""visibility"":0.999918},{""index"":12,""x"":0.398209,""y"":0.477609,""visibility"":0.999921},{""index"":13,""x"":0.517203,""y"":0.618653,""visibility"":0.9775},{""index"":14,""x"":0.350546,""y"":0.580805,""visibility"":0.995018},{""index"":15,""x"":0.541572,""y"":0.623076,""visibility"":0.978343},{""index"":16,""x"":0.402321,""y"":0.602326,""visibility"":0.988131},{""index"":17,""x"":0.548859,""y"":0.626121,""visibility"":0.963643},{""index"":18,""x"":0.4205,""y"":0.617662,""visibility"":0.972046},{""index"":19,""x"":0.547341,""y"":0.616014,""visibility"":0.963916},{""index"":20,""x"":0.427646,""y"":0.608262,""visibility"":0.971184},{""index"":21,""x"":0.542942,""y"":0.613523,""visibility"":0.959307},{""index"":22,""x"":0.425056,""y"":0.601785,""visibility"":0.964254},{""index"":23,""x"":0.47912,""y"":0.721371,""visibility"":0.999293},{""index"":24,""x"":0.412215,""y"":0.717538,""visibility"":0.999205},{""index"":25,""x"":0.48617,""y"":0.897356,""visibility"":0.96175},{""index"":26,""x"":0.416754,""y"":0.901701,""visibility"":0.96862},{""index"":27,""x"":0.485407,""y"":1.020514,""visibility"":0.762601},{""index"":28,""x"":0.426048,""y"":1.032465,""visibility"":0.82741},{""index"":29,""x"":0.477715,""y"":1.045903,""visibility"":0.513966},{""index"":30,""x"":0.430357,""y"":1.045249,""visibility"":0.524943},{""index"":31,""x"":0.494702,""y"":1.093269,""visibility"":0.618377},{""index"":32,""x"":0.433181,""y"":1.095652,""visibility"":0.636692}]"
sample_0047,full_body,2026-08-17T04:29:41.359+09:00,sample_0047_full_body_20260817_042941_358641_rgb.jpg,sample_0047_full_body_20260817_042941_358641_skeleton.jpg,1,0.499792,0.499705,0.999798,0.396013,0.481185,0.999901,0.47667,0.715347,0.997989,0.41293,0.717051,0.998043,"[{""index"":0,""x"":0.487457,""y"":0.399649,""visibility"":0.999783},{""index"":1,""x"":0.488678,""y"":0.384521,""visibility"":0.999658},{""index"":2,""x"":0.490454,""y"":0.38546,""visibility"":0.999584},{""index"":3,""x"":0.492006,""y"":0.386585,""visibility"":0.999579},{""index"":4,""x"":0.480584,""y"":0.381867,""visibility"":0.999695},{""index"":5,""x"":0.476293,""y"":0.381022,""visibility"":0.999662},{""index"":6,""x"":0.469735,""y"":0.380212,""visibility"":0.99967},{""index"":7,""x"":0.485583,""y"":0.395019,""visibility"":0.999588},{""index"":8,""x"":0.453288,""y"":0.389469,""visibility"":0.999849},{""index"":9,""x"":0.486017,""y"":0.415031,""visibility"":0.999939},{""index"":10,""x"":0.474588,""y"":0.413774,""visibility"":0.99997},{""index"":11,""x"":0.499792,""y"":0.499705,""visibility"":0.999798},{""index"":12,""x"":0.396013,""y"":0.481185,""visibility"":0.999901},{""index"":13,""x"":0.510858,""y"":0.619024,""visibility"":0.971293},{""index"":14,""x"":0.35216,""y"":0.594022,""visibility"":0.996176},{""index"":15,""x"":0.557121,""y"":0.596393,""visibility"":0.984575},{""index"":16,""x"":0.388632,""y"":0.590817,""visibility"":0.9948},{""index"":17,""x"":0.570943,""y"":0.596672,""visibility"":0.969266},{""index"":18,""x"":0.400263,""y"":0.598627,""visibility"":0.985158},{""index"":19,""x"":0.572314,""y"":0.583079,""visibility"":0.970183},{""index"":20,""x"":0.407976,""y"":0.583965,""visibility"":0.984575},{""index"":21,""x"":0.566982,""y"":0.582711,""visibility"":0.967472},{""index"":22,""x"":0.404575,""y"":0.579819,""visibility"":0.980581},{""index"":23,""x"":0.47667,""y"":0.715347,""visibility"":0.997989},{""index"":24,""x"":0.41293,""y"":0.717051,""visibility"":0.998043},{""index"":25,""x"":0.48722,""y"":0.88623,""visibility"":0.901575},{""index"":26,""x"":0.419574,""y"":0.896693,""visibility"":0.926437},{""index"":27,""x"":0.485751,""y"":1.013229,""visibility"":0.57678},{""index"":28,""x"":0.429263,""y"":1.027235,""visibility"":0.725065},{""index"":29,""x"":0.475364,""y"":1.043543,""visibility"":0.297674},{""index"":30,""x"":0.433093,""y"":1.038041,""visibility"":0.330471},{""index"":31,""x"":0.494147,""y"":1.089997,""visibility"":0.433322},{""index"":32,""x"":0.437665,""y"":1.091333,""visibility"":0.522811}]"
sample_0048,full_body,2026-08-17T04:29:41.592+09:00,sample_0048_full_body_20260817_042941_591192_rgb.jpg,sample_0048_full_body_20260817_042941_591192_skeleton.jpg,1,0.507181,0.489756,0.999875,0.394051,0.494887,0.999842,0.485375,0.721652,0.999462,0.419527,0.721989,0.999236,"[{""index"":0,""x"":0.466569,""y"":0.398904,""visibility"":0.999955},{""index"":1,""x"":0.467868,""y"":0.383639,""visibility"":0.999906},{""index"":2,""x"":0.47008,""y"":0.383563,""visibility"":0.999891},{""index"":3,""x"":0.472254,""y"":0.383791,""visibility"":0.999862},{""index"":4,""x"":0.457798,""y"":0.385182,""visibility"":0.999916},{""index"":5,""x"":0.451962,""y"":0.386422,""visibility"":0.999908},{""index"":6,""x"":0.445312,""y"":0.387933,""visibility"":0.999895},{""index"":7,""x"":0.470223,""y"":0.392923,""visibility"":0.999917},{""index"":8,""x"":0.434197,""y"":0.397314,""visibility"":0.99996},{""index"":9,""x"":0.471039,""y"":0.413713,""visibility"":0.999988},{""index"":10,""x"":0.456869,""y"":0.416443,""visibility"":0.999991},{""index"":11,""x"":0.507181,""y"":0.489756,""visibility"":0.999875},{""index"":12,""x"":0.394051,""y"":0.494887,""visibility"":0.999842},{""index"":13,""x"":0.555538,""y"":0.584799,""visibility"":0.99427},{""index"":14,""x"":0.3442,""y"":0.604021,""visibility"":0.995426},{""index"":15,""x"":0.563774,""y"":0.570354,""visibility"":0.992},{""index"":16,""x"":0.367552,""y"":0.576831,""visibility"":0.99395},{""index"":17,""x"":0.565051,""y"":0.574801,""visibility"":0.982014},{""index"":18,""x"":0.377368,""y"":0.579007,""visibility"":0.987079},{""index"":19,""x"":0.556423,""y"":0.566461,""visibility"":0.980506},{""index"":20,""x"":0.385535,""y"":0.566226,""visibility"":0.985271},{""index"":21,""x"":0.552422,""y"":0.56393,""visibility"":0.977714},{""index"":22,""x"":0.384385,""y"":0.565999,""visibility"":0.979745},{""index"":23,""x"":0.485375,""y"":0.721652,""visibility"":0.999462},{""index"":24,""x"":0.419527,""y"":0.721989,""visibility"":0.999236},{""index"":25,""x"":0.490361,""y"":0.89901,""visibility"":0.971402},{""index"":26,""x"":0.422441,""y"":0.896958,""visibility"":0.972099},{""index"":27,""x"":0.484664,""y"":1.012336,""visibility"":0.824603},{""index"":28,""x"":0.428574,""y"":1.002022,""visibility"":0.746878},{""index"":29,""x"":0.477664,""y"":1.035455,""visibility"":0.665737},{""index"":30,""x"":0.433989,""y"":1.023086,""visibility"":0.522156},{""index"":31,""x"":0.483979,""y"":1.093374,""visibility"":0.584627},{""index"":32,""x"":0.435279,""y"":1.084324,""visibility"":0.418994}]"
sample_0049,full_body,2026-08-17T04:29:41.791+09:00,sample_0049_full_body_20260817_042941_789951_rgb.jpg,sample_0049_full_body_20260817_042941_789951_skeleton.jpg,1,0.511625,0.480958,0.99987,0.397542,0.509408,0.999603,0.492827,0.731027,0.999624,0.426227,0.730262,0.9994,"[{""index"":0,""x"":0.450322,""y"":0.405607,""visibility"":0.999871},{""index"":1,""x"":0.452286,""y"":0.38708,""visibility"":0.999822},{""index"":2,""x"":0.455741,""y"":0.38602,""visibility"":0.999818},{""index"":3,""x"":0.458601,""y"":0.385152,""visibility"":0.999778},{""index"":4,""x"":0.438525,""y"":0.390856,""visibility"":0.999787},{""index"":5,""x"":0.433106,""y"":0.392478,""visibility"":0.999758},{""index"":6,""x"":0.428625,""y"":0.394226,""visibility"":0.999702},{""index"":7,""x"":0.460503,""y"":0.392202,""visibility"":0.999893},{""index"":8,""x"":0.422817,""y"":0.405188,""visibility"":0.999886},{""index"":9,""x"":0.458795,""y"":0.418324,""visibility"":0.999954},{""index"":10,""x"":0.442427,""y"":0.424251,""visibility"":0.999949},{""index"":11,""x"":0.511625,""y"":0.480958,""visibility"":0.99987},{""index"":12,""x"":0.397542,""y"":0.509408,""visibility"":0.999603},{""index"":13,""x"":0.562339,""y"":0.576413,""visibility"":0.9996},{""index"":14,""x"":0.36062,""y"":0.615829,""visibility"":0.99395},{""index"":15,""x"":0.541389,""y"":0.583465,""visibility"":0.998755},{""index"":16,""x"":0.359001,""y"":0.608435,""visibility"":0.992961},{""index"":17,""x"":0.526129,""y"":0.588129,""visibility"":0.995282},{""index"":18,""x"":0.355524,""y"":0.610338,""visibility"":0.984927},{""index"":19,""x"":0.518505,""y"":0.577627,""visibility"":0.994677},{""index"":20,""x"":0.360765,""y"":0.599311,""visibility"":0.98302},{""index"":21,""x"":0.517738,""y"":0.574795,""visibility"":0.994698},{""index"":22,""x"":0.367004,""y"":0.596696,""visibility"":0.981945},{""index"":23,""x"":0.492827,""y"":0.731027,""visibility"":0.999624},{""index"":24,""x"":0.426227,""y"":0.730262,""visibility"":0.9994},{""index"":25,""x"":0.491689,""y"":0.906176,""visibility"":0.935228},{""index"":26,""x"":0.422517,""y"":0.912131,""visibility"":0.941331},{""index"":27,""x"":0.48647,""y"":1.01286,""visibility"":0.341363},{""index"":28,""x"":0.428129,""y"":1.020664,""visibility"":0.425426},{""index"":29,""x"":0.482922,""y"":1.029421,""visibility"":0.236869},{""index"":30,""x"":0.429433,""y"":1.050343,""visibility"":0.243283}]"
sample_0050,full_body,2026-08-17T04:29:42.001+09:00,sample_0050_full_body_20260817_042942_000064_rgb.jpg,sample_0050_full_body_20260817_042942_000064_skeleton.jpg,1,0.509632,0.478279,0.999947,0.399791,0.505175,0.999941,0.49327,0.698557,0.999697,0.429627,0.698672,0.999497,"[{""index"":0,""x"":0.44212,""y"":0.400385,""visibility"":0.999985},{""index"":1,""x"":0.445325,""y"":0.382058,""visibility"":0.999964},{""index"":2,""x"":0.449248,""y"":0.381111,""visibility"":0.999957},{""index"":3,""x"":0.452652,""y"":0.380344,""visibility"":0.999944},{""index"":4,""x"":0.430552,""y"":0.386311,""visibility"":0.999968},{""index"":5,""x"":0.425727,""y"":0.387963,""visibility"":0.999964},{""index"":6,""x"":0.421749,""y"":0.389761,""visibility"":0.999957},{""index"":7,""x"":0.456817,""y"":0.388436,""visibility"":0.999972},{""index"":8,""x"":0.417357,""y"":0.400879,""visibility"":0.999982},{""index"":9,""x"":0.451883,""y"":0.413188,""visibility"":0.999993},{""index"":10,""x"":0.434983,""y"":0.418638,""visibility"":0.999994},{""index"":11,""x"":0.509632,""y"":0.478279,""visibility"":0.999947},{""index"":12,""x"":0.399791,""y"":0.505175,""visibility"":0.999941},{""index"":13,""x"":0.566461,""y"":0.565424,""visibility"":0.99954},{""index"":14,""x"":0.365147,""y"":0.600646,""visibility"":0.997722},{""index"":15,""x"":0.538785,""y"":0.566958,""visibility"":0.999211},{""index"":16,""x"":0.349152,""y"":0.588177,""visibility"":0.998176},{""index"":17,""x"":0.525802,""y"":0.576011,""visibility"":0.996336},{""index"":18,""x"":0.338887,""y"":0.590538,""visibility"":0.993855},{""index"":19,""x"":0.515812,""y"":0.564671,""visibility"":0.995817},{""index"":20,""x"":0.345058,""y"":0.582216,""visibility"":0.993069},{""index"":21,""x"":0.5165,""y"":0.561542,""visibility"":0.995318},{""index"":22,""x"":0.350188,""y"":0.580055,""visibility"":0.992},{""index"":23,""x"":0.49327,""y"":0.698557,""visibility"":0.999697},{""index"":24,""x"":0.429627,""y"":0.698672,""visibility"":0.999497},{""index"":25,""x"":0.490134,""y"":0.876986,""visibility"":0.852813},{""index"":26,""x"":0.424646,""y"":0.878015,""visibility"":0.841826},{""index"":27,""x"":0.487889,""y"":0.995894,""visibility"":0.389488},{""index"":28,""x"":0.427924,""y"":0.997069,""visibility"":0.412885},{""index"":29,""x"":0.487389,""y"":1.011372,""visibility"":0.242744},{""index"":30,""x"":0.432954,""y"":1.007919,""visibility"":0.215516},{""index"":31,""x"":0.48662,""y"":1.065251,""visibility"":0.214527},{""index"":32,""x"":0.426647,""y"":1.060117,""visibility"":0.211743}]"
sample_0051,full_body,2026-08-17T04:29:42.233+09:00,sample_0051_full_body_20260817_042942_231808_rgb.jpg,sample_0051_full_body_20260817_042942_231808_skeleton.jpg,1,0.517083,0.484396,0.999616,0.400079,0.508409,0.998875,0.488777,0.736603,0.999379,0.422275,0.73427,0.99912,"[{""index"":0,""x"":0.437868,""y"":0.399687,""visibility"":0.99946},{""index"":1,""x"":0.443489,""y"":0.381664,""visibility"":0.999402},{""index"":2,""x"":0.448904,""y"":0.380824,""visibility"":0.999414},{""index"":3,""x"":0.453834,""y"":0.380268,""visibility"":0.999356},{""index"":4,""x"":0.429166,""y"":0.385571,""visibility"":0.999315},{""index"":5,""x"":0.425373,""y"":0.387177,""visibility"":0.999236},{""index"":6,""x"":0.422015,""y"":0.38899,""visibility"":0.999114},{""index"":7,""x"":0.460972,""y"":0.38865,""visibility"":0.99967},{""index"":8,""x"":0.41813,""y"":0.400184,""visibility"":0.999547},{""index"":9,""x"":0.450282,""y"":0.412982,""visibility"":0.999793},{""index"":10,""x"":0.432327,""y"":0.416815,""visibility"":0.999751},{""index"":11,""x"":0.517083,""y"":0.484396,""visibility"":0.999616},{""index"":12,""x"":0.400079,""y"":0.508409,""visibility"":0.998875},{""index"":13,""x"":0.550214,""y"":0.585189,""visibility"":0.998012},{""index"":14,""x"":0.373155,""y"":0.622695,""visibility"":0.972046},{""index"":15,""x"":0.519184,""y"":0.612349,""visibility"":0.992154},{""index"":16,""x"":0.370088,""y"":0.616613,""visibility"":0.963437},{""index"":17,""x"":0.510509,""y"":0.626807,""visibility"":0.979745},{""index"":18,""x"":0.363775,""y"":0.624457,""visibility"":0.946101},{""index"":19,""x"":0.501424,""y"":0.61485,""visibility"":0.978915},{""index"":20,""x"":0.367037,""y"":0.614267,""visibility"":0.942823},{""index"":21,""x"":0.50299,""y"":0.608754,""visibility"":0.979511},{""index"":22,""x"":0.374531,""y"":0.611512,""visibility"":0.939803},{""index"":23,""x"":0.488777,""y"":0.736603,""visibility"":0.999379},{""index"":24,""x"":0.422275,""y"":0.73427,""visibility"":0.99912},{""index"":25,""x"":0.491626,""y"":0.91687,""visibility"":0.938011},{""index"":26,""x"":0.421745,""y"":0.916225,""visibility"":0.927757},{""index"":27,""x"":0.487084,""y"":1.025421,""visibility"":0.355999},{""index"":28,""x"":0.433894,""y"":1.026089,""visibility"":0.443148},{""index"":29,""x"":0.49083,""y"":1.060482,""visibility"":0.218003},{""index"":30,""x"":0.440632,""y"":1.06179,""visibility"":0.245808}]"
sample_0052,full_body,2026-08-17T04:29:42.345+09:00,sample_0052_full_body_20260817_042942_344135_rgb.jpg,sample_0052_full_body_20260817_042942_344135_skeleton.jpg,1,0.517083,0.484396,0.999616,0.400079,0.508409,0.998875,0.488777,0.736603,0.999379,0.422275,0.73427,0.99912,"[{""index"":0,""x"":0.437868,""y"":0.399687,""visibility"":0.99946},{""index"":1,""x"":0.443489,""y"":0.381664,""visibility"":0.999402},{""index"":2,""x"":0.448904,""y"":0.380824,""visibility"":0.999414},{""index"":3,""x"":0.453834,""y"":0.380268,""visibility"":0.999356},{""index"":4,""x"":0.429166,""y"":0.385571,""visibility"":0.999315},{""index"":5,""x"":0.425373,""y"":0.387177,""visibility"":0.999236},{""index"":6,""x"":0.422015,""y"":0.38899,""visibility"":0.999114},{""index"":7,""x"":0.460972,""y"":0.38865,""visibility"":0.99967},{""index"":8,""x"":0.41813,""y"":0.400184,""visibility"":0.999547},{""index"":9,""x"":0.450282,""y"":0.412982,""visibility"":0.999793},{""index"":10,""x"":0.432327,""y"":0.416815,""visibility"":0.999751},{""index"":11,""x"":0.517083,""y"":0.484396,""visibility"":0.999616},{""index"":12,""x"":0.400079,""y"":0.508409,""visibility"":0.998875},{""index"":13,""x"":0.550214,""y"":0.585189,""visibility"":0.998012},{""index"":14,""x"":0.373155,""y"":0.622695,""visibility"":0.972046},{""index"":15,""x"":0.519184,""y"":0.612349,""visibility"":0.992154},{""index"":16,""x"":0.370088,""y"":0.616613,""visibility"":0.963437},{""index"":17,""x"":0.510509,""y"":0.626807,""visibility"":0.979745},{""index"":18,""x"":0.363775,""y"":0.624457,""visibility"":0.946101},{""index"":19,""x"":0.501424,""y"":0.61485,""visibility"":0.978915},{""index"":20,""x"":0.367037,""y"":0.614267,""visibility"":0.942823},{""index"":21,""x"":0.50299,""y"":0.608754,""visibility"":0.979511},{""index"":22,""x"":0.374531,""y"":0.611512,""visibility"":0.939803},{""index"":23,""x"":0.488777,""y"":0.736603,""visibility"":0.999379},{""index"":24,""x"":0.422275,""y"":0.73427,""visibility"":0.99912},{""index"":25,""x"":0.491626,""y"":0.91687,""visibility"":0.938011},{""index"":26,""x"":0.421745,""y"":0.916225,""visibility"":0.927757},{""index"":27,""x"":0.487084,""y"":1.025421,""visibility"":0.355999},{""index"":28,""x"":0.433894,""y"":1.026089,""visibility"":0.443148},{""index"":29,""x"":0.49083,""y"":1.060482,""visibility"":0.218003},{""index"":30,""x"":0.440632,""y"":1.06179,""visibility"":0.245808}]"
sample_0053,full_body,2026-08-17T04:29:42.544+09:00,sample_0053_full_body_20260817_042942_543023_rgb.jpg,sample_0053_full_body_20260817_042942_543023_skeleton.jpg,1,0.51309,0.498483,0.999902,0.399071,0.493705,0.99997,0.485762,0.717475,0.999082,0.41991,0.715577,0.999089,"[{""index"":0,""x"":0.466067,""y"":0.399016,""visibility"":0.99997},{""index"":1,""x"":0.47088,""y"":0.383729,""visibility"":0.999948},{""index"":2,""x"":0.474208,""y"":0.383988,""visibility"":0.999941},{""index"":3,""x"":0.477386,""y"":0.384259,""visibility"":0.999926},{""index"":4,""x"":0.458734,""y"":0.382717,""visibility"":0.999954},{""index"":5,""x"":0.453103,""y"":0.382343,""visibility"":0.999952},{""index"":6,""x"":0.447546,""y"":0.382378,""visibility"":0.999948},{""index"":7,""x"":0.479437,""y"":0.392706,""visibility"":0.999953},{""index"":8,""x"":0.439196,""y"":0.391939,""visibility"":0.999978},{""index"":9,""x"":0.472031,""y"":0.416426,""visibility"":0.999992},{""index"":10,""x"":0.455568,""y"":0.416895,""visibility"":0.999995},{""index"":11,""x"":0.51309,""y"":0.498483,""visibility"":0.999902},{""index"":12,""x"":0.399071,""y"":0.493705,""visibility"":0.99997},{""index"":13,""x"":0.529858,""y"":0.626033,""visibility"":0.980469},{""index"":14,""x"":0.365889,""y"":0.599525,""visibility"":0.990366},{""index"":15,""x"":0.537518,""y"":0.722507,""visibility"":0.945701},{""index"":16,""x"":0.406357,""y"":0.647229,""visibility"":0.995076},{""index"":17,""x"":0.541533,""y"":0.751058,""visibility"":0.912748},{""index"":18,""x"":0.418685,""y"":0.665357,""visibility"":0.99091},{""index"":19,""x"":0.535985,""y"":0.75266,""visibility"":0.927232},{""index"":20,""x"":0.42724,""y"":0.651939,""visibility"":0.990254},{""index"":21,""x"":0.530052,""y"":0.741705,""visibility"":0.921922},{""index"":22,""x"":0.425593,""y"":0.645976,""visibility"":0.989672},{""index"":23,""x"":0.485762,""y"":0.717475,""visibility"":0.999082},{""index"":24,""x"":0.41991,""y"":0.715577,""visibility"":0.999089},{""index"":25,""x"":0.487369,""y"":0.889244,""visibility"":0.977841},{""index"":26,""x"":0.420454,""y"":0.901076,""visibility"":0.975762},{""index"":27,""x"":0.486537,""y"":1.009962,""visibility"":0.834542},{""index"":28,""x"":0.432099,""y"":1.021679,""visibility"":0.811078},{""index"":29,""x"":0.480504,""y"":1.040623,""visibility"":0.578091},{""index"":30,""x"":0.434501,""y"":1.037552,""visibility"":0.489099},{""index"":31,""x"":0.490985,""y"":1.087838,""visibility"":0.568056},{""index"":32,""x"":0.438287,""y"":1.087561,""visibility"":0.498922}]"
sample_0054,full_body,2026-08-17T04:29:42.743+09:00,sample_0054_full_body_20260817_042942_742323_rgb.jpg,sample_0054_full_body_20260817_042942_742323_skeleton.jpg,1,0.50819,0.500498,0.999777,0.397477,0.48847,0.999943,0.485784,0.723109,0.998644,0.41838,0.723803,0.998939,"[{""index"":0,""x"":0.485001,""y"":0.403686,""visibility"":0.999747},{""index"":1,""x"":0.487059,""y"":0.388398,""visibility"":0.99954},{""index"":2,""x"":0.488672,""y"":0.389173,""visibility"":0.999432},{""index"":3,""x"":0.490191,""y"":0.389905,""visibility"":0.999381},{""index"":4,""x"":0.478906,""y"":0.384856,""visibility"":0.999657},{""index"":5,""x"":0.47367,""y"":0.383088,""visibility"":0.999678},{""index"":6,""x"":0.469053,""y"":0.381568,""visibility"":0.999687},{""index"":7,""x"":0.48395,""y"":0.397063,""visibility"":0.999579},{""index"":8,""x"":0.45195,""y"":0.389057,""visibility"":0.999843},{""index"":9,""x"":0.484304,""y"":0.419794,""visibility"":0.999936},{""index"":10,""x"":0.472943,""y"":0.417529,""visibility"":0.999963},{""index"":11,""x"":0.50819,""y"":0.500498,""visibility"":0.999777},{""index"":12,""x"":0.397477,""y"":0.48847,""visibility"":0.999943},{""index"":13,""x"":0.528504,""y"":0.622973,""visibility"":0.974532},{""index"":14,""x"":0.36125,""y"":0.594034,""visibility"":0.992597},{""index"":15,""x"":0.5441,""y"":0.715614,""visibility"":0.954223},{""index"":16,""x"":0.403306,""y"":0.634697,""visibility"":0.993636},{""index"":17,""x"":0.552278,""y"":0.747211,""visibility"":0.919931},{""index"":18,""x"":0.41661,""y"":0.654042,""visibility"":0.987179},{""index"":19,""x"":0.54952,""y"":0.747302,""visibility"":0.929312},{""index"":20,""x"":0.426377,""y"":0.63969,""visibility"":0.986979},{""index"":21,""x"":0.545308,""y"":0.737922,""visibility"":0.931088},{""index"":22,""x"":0.42396,""y"":0.635134,""visibility"":0.984985},{""index"":23,""x"":0.485784,""y"":0.723109,""visibility"":0.998644},{""index"":24,""x"":0.41838,""y"":0.723803,""visibility"":0.998939},{""index"":25,""x"":0.491597,""y"":0.896831,""visibility"":0.967717},{""index"":26,""x"":0.423048,""y"":0.909196,""visibility"":0.972415},{""index"":27,""x"":0.485893,""y"":1.018732,""visibility"":0.775265},{""index"":28,""x"":0.429546,""y"":1.0354,""visibility"":0.866359},{""index"":29,""x"":0.477554,""y"":1.043574,""visibility"":0.464355},{""index"":30,""x"":0.433053,""y"":1.061052,""visibility"":0.471071},{""index"":31,""x"":0.493779,""y"":1.105034,""visibility"":0.588416},{""index"":32,""x"":0.44003,""y"":1.109431,""visibility"":0.658308}]"
sample_0055,full_body,2026-08-17T04:29:42.939+09:00,sample_0055_full_body_20260817_042942_938388_rgb.jpg,sample_0055_full_body_20260817_042942_938388_skeleton.jpg,1,0.506443,0.49767,0.999879,0.399234,0.487845,0.999952,0.486832,0.726921,0.999026,0.420842,0.726912,0.9991,"[{""index"":0,""x"":0.497419,""y"":0.407511,""visibility"":0.999821},{""index"":1,""x"":0.497425,""y"":0.391175,""visibility"":0.999651},{""index"":2,""x"":0.498179,""y"":0.391236,""visibility"":0.999554},{""index"":3,""x"":0.498786,""y"":0.391379,""visibility"":0.999542},{""index"":4,""x"":0.491387,""y"":0.388186,""visibility"":0.999743},{""index"":5,""x"":0.486052,""y"":0.385626,""visibility"":0.999755},{""index"":6,""x"":0.482599,""y"":0.383483,""visibility"":0.99977},{""index"":7,""x"":0.488376,""y"":0.394807,""visibility"":0.99968},{""index"":8,""x"":0.464989,""y"":0.386658,""visibility"":0.999887},{""index"":9,""x"":0.49312,""y"":0.422036,""visibility"":0.999957},{""index"":10,""x"":0.484813,""y"":0.418776,""visibility"":0.999975},{""index"":11,""x"":0.506443,""y"":0.49767,""visibility"":0.999879},{""index"":12,""x"":0.399234,""y"":0.487845,""visibility"":0.999952},{""index"":13,""x"":0.523727,""y"":0.622733,""visibility"":0.972467},{""index"":14,""x"":0.360761,""y"":0.601379,""visibility"":0.992906},{""index"":15,""x"":0.54252,""y"":0.713765,""visibility"":0.946498},{""index"":16,""x"":0.417799,""y"":0.622274,""visibility"":0.994112},{""index"":17,""x"":0.55051,""y"":0.743609,""visibility"":0.900879},{""index"":18,""x"":0.432344,""y"":0.634591,""visibility"":0.986777},{""index"":19,""x"":0.548452,""y"":0.744459,""visibility"":0.91181},{""index"":20,""x"":0.43901,""y"":0.621736,""visibility"":0.986098},{""index"":21,""x"":0.544829,""y"":0.734766,""visibility"":0.914596},{""index"":22,""x"":0.436836,""y"":0.616175,""visibility"":0.982823},{""index"":23,""x"":0.486832,""y"":0.726921,""visibility"":0.999026},{""index"":24,""x"":0.420842,""y"":0.726912,""visibility"":0.9991},{""index"":25,""x"":0.492914,""y"":0.902371,""visibility"":0.977066},{""index"":26,""x"":0.422521,""y"":0.904425,""visibility"":0.974435},{""index"":27,""x"":0.485293,""y"":1.02267,""visibility"":0.800224},{""index"":28,""x"":0.429431,""y"":1.02336,""visibility"":0.854278},{""index"":29,""x"":0.478503,""y"":1.035212,""visibility"":0.460622},{""index"":30,""x"":0.437793,""y"":1.050182,""visibility"":0.455259},{""index"":31,""x"":0.48956,""y"":1.104486,""visibility"":0.642432},{""index"":32,""x"":0.440738,""y"":1.100397,""visibility"":0.665519}]"
sample_0056,full_body,2026-08-17T04:29:43.176+09:00,sample_0056_full_body_20260817_042943_174480_rgb.jpg,sample_0056_full_body_20260817_042943_174480_skeleton.jpg,1,0.50639,0.500132,0.999925,0.40207,0.486616,0.999976,0.484267,0.73144,0.997622,0.422203,0.728726,0.997933,"[{""index"":0,""x"":0.504967,""y"":0.411659,""visibility"":0.999822},{""index"":1,""x"":0.504915,""y"":0.394827,""visibility"":0.99968},{""index"":2,""x"":0.505328,""y"":0.394624,""visibility"":0.999591},{""index"":3,""x"":0.505501,""y"":0.394419,""visibility"":0.9996},{""index"":4,""x"":0.499869,""y"":0.392603,""visibility"":0.999758},{""index"":5,""x"":0.495226,""y"":0.39032,""visibility"":0.99977},{""index"":6,""x"":0.492132,""y"":0.38826,""visibility"":0.999793},{""index"":7,""x"":0.493289,""y"":0.397194,""visibility"":0.999709},{""index"":8,""x"":0.472444,""y"":0.390325,""visibility"":0.999905},{""index"":9,""x"":0.499613,""y"":0.42575,""visibility"":0.999968},{""index"":10,""x"":0.492734,""y"":0.423646,""visibility"":0.999984},{""index"":11,""x"":0.50639,""y"":0.500132,""visibility"":0.999925},{""index"":12,""x"":0.40207,""y"":0.486616,""visibility"":0.999976},{""index"":13,""x"":0.518553,""y"":0.629244,""visibility"":0.885434},{""index"":14,""x"":0.358528,""y"":0.602755,""visibility"":0.991015},{""index"":15,""x"":0.536444,""y"":0.719913,""visibility"":0.78695},{""index"":16,""x"":0.434518,""y"":0.59411,""visibility"":0.994573},{""index"":17,""x"":0.54255,""y"":0.747665,""visibility"":0.707405},{""index"":18,""x"":0.451012,""y"":0.596704,""visibility"":0.986468},{""index"":19,""x"":0.541272,""y"":0.747265,""visibility"":0.753104},{""index"":20,""x"":0.456185,""y"":0.582275,""visibility"":0.985158},{""index"":21,""x"":0.537908,""y"":0.738752,""visibility"":0.739046},{""index"":22,""x"":0.452631,""y"":0.580453,""visibility"":0.981382},{""index"":23,""x"":0.484267,""y"":0.73144,""visibility"":0.997622},{""index"":24,""x"":0.422203,""y"":0.728726,""visibility"":0.997933},{""index"":25,""x"":0.489886,""y"":0.900063,""visibility"":0.951142},{""index"":26,""x"":0.423249,""y"":0.897069,""visibility"":0.963092},{""index"":27,""x"":0.481808,""y"":1.004421,""visibility"":0.739046},{""index"":28,""x"":0.433144,""y"":1.017668,""visibility"":0.832373},{""index"":29,""x"":0.467731,""y"":1.03628,""visibility"":0.458015},{""index"":30,""x"":0.440185,""y"":1.045236,""visibility"":0.497906},{""index"":31,""x"":0.48956,""y"":1.081938,""visibility"":0.63375},{""index"":32,""x"":0.457763,""y"":1.092655,""visibility"":0.689619}]"
sample_0057,full_body,2026-08-17T04:29:43.327+09:00,sample_0057_full_body_20260817_042943_326685_rgb.jpg,sample_0057_full_body_20260817_042943_326685_skeleton.jpg,1,0.50639,0.500132,0.999925,0.40207,0.486616,0.999976,0.484267,0.73144,0.997622,0.422203,0.728726,0.997933,"[{""index"":0,""x"":0.504967,""y"":0.411659,""visibility"":0.999822},{""index"":1,""x"":0.504915,""y"":0.394827,""visibility"":0.99968},{""index"":2,""x"":0.505328,""y"":0.394624,""visibility"":0.999591},{""index"":3,""x"":0.505501,""y"":0.394419,""visibility"":0.9996},{""index"":4,""x"":0.499869,""y"":0.392603,""visibility"":0.999758},{""index"":5,""x"":0.495226,""y"":0.39032,""visibility"":0.99977},{""index"":6,""x"":0.492132,""y"":0.38826,""visibility"":0.999793},{""index"":7,""x"":0.493289,""y"":0.397194,""visibility"":0.999709},{""index"":8,""x"":0.472444,""y"":0.390325,""visibility"":0.999905},{""index"":9,""x"":0.499613,""y"":0.42575,""visibility"":0.999968},{""index"":10,""x"":0.492734,""y"":0.423646,""visibility"":0.999984},{""index"":11,""x"":0.50639,""y"":0.500132,""visibility"":0.999925},{""index"":12,""x"":0.40207,""y"":0.486616,""visibility"":0.999976},{""index"":13,""x"":0.518553,""y"":0.629244,""visibility"":0.885434},{""index"":14,""x"":0.358528,""y"":0.602755,""visibility"":0.991015},{""index"":15,""x"":0.536444,""y"":0.719913,""visibility"":0.78695},{""index"":16,""x"":0.434518,""y"":0.59411,""visibility"":0.994573},{""index"":17,""x"":0.54255,""y"":0.747665,""visibility"":0.707405},{""index"":18,""x"":0.451012,""y"":0.596704,""visibility"":0.986468},{""index"":19,""x"":0.541272,""y"":0.747265,""visibility"":0.753104},{""index"":20,""x"":0.456185,""y"":0.582275,""visibility"":0.985158},{""index"":21,""x"":0.537908,""y"":0.738752,""visibility"":0.739046},{""index"":22,""x"":0.452631,""y"":0.580453,""visibility"":0.981382},{""index"":23,""x"":0.484267,""y"":0.73144,""visibility"":0.997622},{""index"":24,""x"":0.422203,""y"":0.728726,""visibility"":0.997933},{""index"":25,""x"":0.489886,""y"":0.900063,""visibility"":0.951142},{""index"":26,""x"":0.423249,""y"":0.897069,""visibility"":0.963092},{""index"":27,""x"":0.481808,""y"":1.004421,""visibility"":0.739046},{""index"":28,""x"":0.433144,""y"":1.017668,""visibility"":0.832373},{""index"":29,""x"":0.467731,""y"":1.03628,""visibility"":0.458015},{""index"":30,""x"":0.440185,""y"":1.045236,""visibility"":0.497906},{""index"":31,""x"":0.48956,""y"":1.081938,""visibility"":0.63375},{""index"":32,""x"":0.457763,""y"":1.092655,""visibility"":0.689619}]"
sample_0058,full_body,2026-08-17T04:29:43.509+09:00,sample_0058_full_body_20260817_042943_509032_rgb.jpg,sample_0058_full_body_20260817_042943_509032_skeleton.jpg,1,0.50882,0.499559,0.999939,0.405829,0.484729,0.999982,0.487945,0.729071,0.998364,0.425144,0.725498,0.998439,"[{""index"":0,""x"":0.50874,""y"":0.413935,""visibility"":0.999831},{""index"":1,""x"":0.508082,""y"":0.398247,""visibility"":0.999699},{""index"":2,""x"":0.508412,""y"":0.397931,""visibility"":0.999597},{""index"":3,""x"":0.5086,""y"":0.397646,""visibility"":0.999597},{""index"":4,""x"":0.503399,""y"":0.396233,""visibility"":0.999783},{""index"":5,""x"":0.499289,""y"":0.39425,""visibility"":0.999788},{""index"":6,""x"":0.496126,""y"":0.392305,""visibility"":0.999812},{""index"":7,""x"":0.495959,""y"":0.400485,""visibility"":0.999718},{""index"":8,""x"":0.475587,""y"":0.394506,""visibility"":0.999908},{""index"":9,""x"":0.504072,""y"":0.426683,""visibility"":0.999967},{""index"":10,""x"":0.499132,""y"":0.425167,""visibility"":0.999985},{""index"":11,""x"":0.50882,""y"":0.499559,""visibility"":0.999939},{""index"":12,""x"":0.405829,""y"":0.484729,""visibility"":0.999982},{""index"":13,""x"":0.519228,""y"":0.627419,""visibility"":0.835349},{""index"":14,""x"":0.366802,""y"":0.602768,""visibility"":0.989632},{""index"":15,""x"":0.535061,""y"":0.721103,""visibility"":0.695752},{""index"":16,""x"":0.443411,""y"":0.58367,""visibility"":0.996462},{""index"":17,""x"":0.540685,""y"":0.750488,""visibility"":0.602237},{""index"":18,""x"":0.462389,""y"":0.585322,""visibility"":0.990768},{""index"":19,""x"":0.539376,""y"":0.749371,""visibility"":0.663996},{""index"":20,""x"":0.468468,""y"":0.571395,""visibility"":0.989306},{""index"":21,""x"":0.535901,""y"":0.739876,""visibility"":0.635562},{""index"":22,""x"":0.463616,""y"":0.569415,""visibility"":0.985328},{""index"":23,""x"":0.487945,""y"":0.729071,""visibility"":0.998364},{""index"":24,""x"":0.425144,""y"":0.725498,""visibility"":0.998439},{""index"":25,""x"":0.489984,""y"":0.895556,""visibility"":0.956309},{""index"":26,""x"":0.424592,""y"":0.899271,""visibility"":0.957755},{""index"":27,""x"":0.487372,""y"":1.00967,""visibility"":0.753467},{""index"":28,""x"":0.433763,""y"":1.022536,""visibility"":0.818447},{""index"":29,""x"":0.468631,""y"":1.039497,""visibility"":0.469095},{""index"":30,""x"":0.437113,""y"":1.034308,""visibility"":0.488192},{""index"":31,""x"":0.491078,""y"":1.085295,""visibility"":0.63624},{""index"":32,""x"":0.456306,""y"":1.089582,""visibility"":0.679923}]"
sample_0059,full_body,2026-08-17T04:29:43.708+09:00,sample_0059_full_body_20260817_042943_707375_rgb.jpg,sample_0059_full_body_20260817_042943_707375_skeleton.jpg,1,0.515998,0.50399,0.999939,0.403386,0.491056,0.999973,0.491818,0.731005,0.998857,0.423941,0.727908,0.998622,"[{""index"":0,""x"":0.482501,""y"":0.405757,""visibility"":0.999954},{""index"":1,""x"":0.48656,""y"":0.389419,""visibility"":0.999909},{""index"":2,""x"":0.489417,""y"":0.390105,""visibility"":0.999888},{""index"":3,""x"":0.492012,""y"":0.390876,""visibility"":0.999867},{""index"":4,""x"":0.476277,""y"":0.387556,""visibility"":0.999931},{""index"":5,""x"":0.470883,""y"":0.386695,""visibility"":0.999932},{""index"":6,""x"":0.465039,""y"":0.386182,""visibility"":0.999928},{""index"":7,""x"":0.490841,""y"":0.400176,""visibility"":0.999925},{""index"":8,""x"":0.452717,""y"":0.394389,""visibility"":0.999958},{""index"":9,""x"":0.485224,""y"":0.421018,""visibility"":0.99999},{""index"":10,""x"":0.470039,""y"":0.420381,""visibility"":0.999993},{""index"":11,""x"":0.515998,""y"":0.50399,""visibility"":0.999939},{""index"":12,""x"":0.403386,""y"":0.491056,""visibility"":0.999973},{""index"":13,""x"":0.532023,""y"":0.633315,""visibility"":0.840913},{""index"":14,""x"":0.375739,""y"":0.612928,""visibility"":0.979315},{""index"":15,""x"":0.547451,""y"":0.720301,""visibility"":0.691185},{""index"":16,""x"":0.442748,""y"":0.568122,""visibility"":0.995834},{""index"":17,""x"":0.555478,""y"":0.751509,""visibility"":0.63114},{""index"":18,""x"":0.463193,""y"":0.56345,""visibility"":0.992123},{""index"":19,""x"":0.551866,""y"":0.752327,""visibility"":0.682997},{""index"":20,""x"":0.468011,""y"":0.548688,""visibility"":0.990254},{""index"":21,""x"":0.548016,""y"":0.742487,""visibility"":0.637595},{""index"":22,""x"":0.463016,""y"":0.547773,""visibility"":0.98599},{""index"":23,""x"":0.491818,""y"":0.731005,""visibility"":0.998857},{""index"":24,""x"":0.423941,""y"":0.727908,""visibility"":0.998622},{""index"":25,""x"":0.49385,""y"":0.901569,""visibility"":0.981382},{""index"":26,""x"":0.424632,""y"":0.901292,""visibility"":0.968381},{""index"":27,""x"":0.48769,""y"":1.011946,""visibility"":0.912124},{""index"":28,""x"":0.429701,""y"":1.01479,""visibility"":0.842345},{""index"":29,""x"":0.479036,""y"":1.024783,""visibility"":0.73431},{""index"":30,""x"":0.437974,""y"":1.041529,""visibility"":0.634543},{""index"":31,""x"":0.47852,""y"":1.095338,""visibility"":0.782663},{""index"":32,""x"":0.4422,""y"":1.094995,""visibility"":0.657318}]"
sample_0060,full_body,2026-08-17T04:29:43.923+09:00,sample_0060_full_body_20260817_042943_921375_rgb.jpg,sample_0060_full_body_20260817_042943_921375_skeleton.jpg,1,0.518089,0.499493,0.999937,0.404039,0.494567,0.999973,0.494537,0.720134,0.999071,0.429897,0.719014,0.999045,"[{""index"":0,""x"":0.467335,""y"":0.408252,""visibility"":0.999957},{""index"":1,""x"":0.472923,""y"":0.389769,""visibility"":0.999907},{""index"":2,""x"":0.476642,""y"":0.389404,""visibility"":0.999878},{""index"":3,""x"":0.480031,""y"":0.389129,""visibility"":0.999859},{""index"":4,""x"":0.458998,""y"":0.390673,""visibility"":0.999936},{""index"":5,""x"":0.453646,""y"":0.390894,""visibility"":0.999937},{""index"":6,""x"":0.44926,""y"":0.391401,""visibility"":0.999936},{""index"":7,""x"":0.482685,""y"":0.397519,""visibility"":0.999919},{""index"":8,""x"":0.442457,""y"":0.40051,""visibility"":0.99996},{""index"":9,""x"":0.475212,""y"":0.422947,""visibility"":0.999992},{""index"":10,""x"":0.45851,""y"":0.422949,""visibility"":0.999994},{""index"":11,""x"":0.518089,""y"":0.499493,""visibility"":0.999937},{""index"":12,""x"":0.404039,""y"":0.494567,""visibility"":0.999973},{""index"":13,""x"":0.540602,""y"":0.632058,""visibility"":0.928797},{""index"":14,""x"":0.375546,""y"":0.616048,""visibility"":0.988755},{""index"":15,""x"":0.549972,""y"":0.721558,""visibility"":0.827131},{""index"":16,""x"":0.441914,""y"":0.570616,""visibility"":0.991684},{""index"":17,""x"":0.556674,""y"":0.752638,""visibility"":0.749271},{""index"":18,""x"":0.461761,""y"":0.565516,""visibility"":0.981666},{""index"":19,""x"":0.552514,""y"":0.75414,""visibility"":0.763131},{""index"":20,""x"":0.466044,""y"":0.552481,""visibility"":0.977841},{""index"":21,""x"":0.548537,""y"":0.742578,""visibility"":0.733547},{""index"":22,""x"":0.461723,""y"":0.552885,""visibility"":0.963643},{""index"":23,""x"":0.494537,""y"":0.720134,""visibility"":0.999071},{""index"":24,""x"":0.429897,""y"":0.719014,""visibility"":0.999045},{""index"":25,""x"":0.495043,""y"":0.889794,""visibility"":0.980091},{""index"":26,""x"":0.427322,""y"":0.891421,""visibility"":0.977023},{""index"":27,""x"":0.489794,""y"":0.998543,""visibility"":0.915053},{""index"":28,""x"":0.432908,""y"":1.013739,""visibility"":0.912124},{""index"":29,""x"":0.482336,""y"":1.016468,""visibility"":0.753285},{""index"":30,""x"":0.439559,""y"":1.030437,""visibility"":0.698638},{""index"":31,""x"":0.484531,""y"":1.064471,""visibility"":0.841305},{""index"":32,""x"":0.439727,""y"":1.081104,""visibility"":0.822332}]"
sample_0061,full_body,2026-08-17T04:29:44.151+09:00,sample_0061_full_body_20260817_042944_150483_rgb.jpg,sample_0061_full_body_20260817_042944_150483_skeleton.jpg,1,0.519468,0.49821,0.999888,0.404616,0.495371,0.999959,0.495654,0.723017,0.998358,0.42958,0.72132,0.998726,"[{""index"":0,""x"":0.463922,""y"":0.408779,""visibility"":0.999934},{""index"":1,""x"":0.469573,""y"":0.389517,""visibility"":0.999869},{""index"":2,""x"":0.47336,""y"":0.389015,""visibility"":0.999834},{""index"":3,""x"":0.476857,""y"":0.388649,""visibility"":0.999806},{""index"":4,""x"":0.455327,""y"":0.390897,""visibility"":0.9999},{""index"":5,""x"":0.450201,""y"":0.391433,""visibility"":0.999901},{""index"":6,""x"":0.446062,""y"":0.392381,""visibility"":0.999899},{""index"":7,""x"":0.480698,""y"":0.396947,""visibility"":0.99989},{""index"":8,""x"":0.440265,""y"":0.401817,""visibility"":0.99994},{""index"":9,""x"":0.472739,""y"":0.422961,""visibility"":0.999986},{""index"":10,""x"":0.455499,""y"":0.423925,""visibility"":0.99999},{""index"":11,""x"":0.519468,""y"":0.49821,""visibility"":0.999888},{""index"":12,""x"":0.404616,""y"":0.495371,""visibility"":0.999959},{""index"":13,""x"":0.541978,""y"":0.627275,""visibility"":0.896433},{""index"":14,""x"":0.378186,""y"":0.615598,""visibility"":0.980876},{""index"":15,""x"":0.555721,""y"":0.717799,""visibility"":0.775265},{""index"":16,""x"":0.440192,""y"":0.570093,""visibility"":0.990839},{""index"":17,""x"":0.564464,""y"":0.751135,""visibility"":0.696887},{""index"":18,""x"":0.459477,""y"":0.563199,""visibility"":0.98163},{""index"":19,""x"":0.557181,""y"":0.751587,""visibility"":0.722625},{""index"":20,""x"":0.462617,""y"":0.550011,""visibility"":0.977799},{""index"":21,""x"":0.552303,""y"":0.739,""visibility"":0.689515},{""index"":22,""x"":0.457951,""y"":0.55031,""visibility"":0.966789},{""index"":23,""x"":0.495654,""y"":0.723017,""visibility"":0.998358},{""index"":24,""x"":0.42958,""y"":0.72132,""visibility"":0.998726},{""index"":25,""x"":0.496497,""y"":0.89107,""visibility"":0.968201},{""index"":26,""x"":0.427322,""y"":0.901431,""visibility"":0.976356},{""index"":27,""x"":0.491266,""y"":0.993858,""visibility"":0.859074},{""index"":28,""x"":0.432182,""y"":1.018028,""visibility"":0.894237},{""index"":29,""x"":0.483827,""y"":1.007282,""visibility"":0.677687},{""index"":30,""x"":0.435824,""y"":1.039451,""visibility"":0.67405},{""index"":31,""x"":0.48984,""y"":1.072274,""visibility"":0.737536},{""index"":32,""x"":0.440296,""y"":1.091436,""visibility"":0.763307}]"
sample_0062,full_body,2026-08-17T04:29:44.282+09:00,sample_0062_full_body_20260817_042944_281034_rgb.jpg,sample_0062_full_body_20260817_042944_281034_skeleton.jpg,1,0.519468,0.49821,0.999888,0.404616,0.495371,0.999959,0.495654,0.723017,0.998358,0.42958,0.72132,0.998726,"[{""index"":0,""x"":0.463922,""y"":0.408779,""visibility"":0.999934},{""index"":1,""x"":0.469573,""y"":0.389517,""visibility"":0.999869},{""index"":2,""x"":0.47336,""y"":0.389015,""visibility"":0.999834},{""index"":3,""x"":0.476857,""y"":0.388649,""visibility"":0.999806},{""index"":4,""x"":0.455327,""y"":0.390897,""visibility"":0.9999},{""index"":5,""x"":0.450201,""y"":0.391433,""visibility"":0.999901},{""index"":6,""x"":0.446062,""y"":0.392381,""visibility"":0.999899},{""index"":7,""x"":0.480698,""y"":0.396947,""visibility"":0.99989},{""index"":8,""x"":0.440265,""y"":0.401817,""visibility"":0.99994},{""index"":9,""x"":0.472739,""y"":0.422961,""visibility"":0.999986},{""index"":10,""x"":0.455499,""y"":0.423925,""visibility"":0.99999},{""index"":11,""x"":0.519468,""y"":0.49821,""visibility"":0.999888},{""index"":12,""x"":0.404616,""y"":0.495371,""visibility"":0.999959},{""index"":13,""x"":0.541978,""y"":0.627275,""visibility"":0.896433},{""index"":14,""x"":0.378186,""y"":0.615598,""visibility"":0.980876},{""index"":15,""x"":0.555721,""y"":0.717799,""visibility"":0.775265},{""index"":16,""x"":0.440192,""y"":0.570093,""visibility"":0.990839},{""index"":17,""x"":0.564464,""y"":0.751135,""visibility"":0.696887},{""index"":18,""x"":0.459477,""y"":0.563199,""visibility"":0.98163},{""index"":19,""x"":0.557181,""y"":0.751587,""visibility"":0.722625},{""index"":20,""x"":0.462617,""y"":0.550011,""visibility"":0.977799},{""index"":21,""x"":0.552303,""y"":0.739,""visibility"":0.689515},{""index"":22,""x"":0.457951,""y"":0.55031,""visibility"":0.966789},{""index"":23,""x"":0.495654,""y"":0.723017,""visibility"":0.998358},{""index"":24,""x"":0.42958,""y"":0.72132,""visibility"":0.998726},{""index"":25,""x"":0.496497,""y"":0.89107,""visibility"":0.968201},{""index"":26,""x"":0.427322,""y"":0.901431,""visibility"":0.976356},{""index"":27,""x"":0.491266,""y"":0.993858,""visibility"":0.859074},{""index"":28,""x"":0.432182,""y"":1.018028,""visibility"":0.894237},{""index"":29,""x"":0.483827,""y"":1.007282,""visibility"":0.677687},{""index"":30,""x"":0.435824,""y"":1.039451,""visibility"":0.67405},{""index"":31,""x"":0.48984,""y"":1.072274,""visibility"":0.737536},{""index"":32,""x"":0.440296,""y"":1.091436,""visibility"":0.763307}]"
sample_0063,full_body,2026-08-17T04:29:44.635+09:00,sample_0063_full_body_20260817_042944_634069_rgb.jpg,sample_0063_full_body_20260817_042944_634069_skeleton.jpg,1,0.520904,0.49736,0.999954,0.403776,0.497431,0.999981,0.49672,0.727355,0.998875,0.429924,0.726425,0.998716,"[{""index"":0,""x"":0.460917,""y"":0.407858,""visibility"":0.999973},{""index"":1,""x"":0.46712,""y"":0.389316,""visibility"":0.999943},{""index"":2,""x"":0.471164,""y"":0.388993,""visibility"":0.999932},{""index"":3,""x"":0.475017,""y"":0.388748,""visibility"":0.999917},{""index"":4,""x"":0.452693,""y"":0.390893,""visibility"":0.999956},{""index"":5,""x"":0.447937,""y"":0.391554,""visibility"":0.999957},{""index"":6,""x"":0.443762,""y"":0.392492,""visibility"":0.999954},{""index"":7,""x"":0.47969,""y"":0.397856,""visibility"":0.999957},{""index"":8,""x"":0.438422,""y"":0.401611,""visibility"":0.999974},{""index"":9,""x"":0.470304,""y"":0.422717,""visibility"":0.999994},{""index"":10,""x"":0.45284,""y"":0.423956,""visibility"":0.999995},{""index"":11,""x"":0.520904,""y"":0.49736,""visibility"":0.999954},{""index"":12,""x"":0.403776,""y"":0.497431,""visibility"":0.999981},{""index"":13,""x"":0.54534,""y"":0.62754,""visibility"":0.924005},{""index"":14,""x"":0.380371,""y"":0.615766,""visibility"":0.98302},{""index"":15,""x"":0.547522,""y"":0.728526,""visibility"":0.798344},{""index"":16,""x"":0.443148,""y"":0.568374,""visibility"":0.99488},{""index"":17,""x"":0.555949,""y"":0.761395,""visibility"":0.724091},{""index"":18,""x"":0.463792,""y"":0.564621,""visibility"":0.990254},{""index"":19,""x"":0.551277,""y"":0.761592,""visibility"":0.758153},{""index"":20,""x"":0.467669,""y"":0.550453,""visibility"":0.988039},{""index"":21,""x"":0.544424,""y"":0.749075,""visibility"":0.718989},{""index"":22,""x"":0.462653,""y"":0.549743,""visibility"":0.983214},{""index"":23,""x"":0.49672,""y"":0.727355,""visibility"":0.998875},{""index"":24,""x"":0.429924,""y"":0.726425,""visibility"":0.998716},{""index"":25,""x"":0.496621,""y"":0.895844,""visibility"":0.977671},{""index"":26,""x"":0.428084,""y"":0.891259,""visibility"":0.975107},{""index"":27,""x"":0.49131,""y"":1.00025,""visibility"":0.917746},{""index"":28,""x"":0.437414,""y"":1.005579,""visibility"":0.860955},{""index"":29,""x"":0.485062,""y"":1.015364,""visibility"":0.76769},{""index"":30,""x"":0.442129,""y"":1.030692,""visibility"":0.685529},{""index"":31,""x"":0.492729,""y"":1.084281,""visibility"":0.788746},{""index"":32,""x"":0.449048,""y"":1.083643,""visibility"":0.675122}]"
sample_0064,full_body,2026-08-17T04:29:44.734+09:00,sample_0064_full_body_20260817_042944_732767_rgb.jpg,sample_0064_full_body_20260817_042944_732767_skeleton.jpg,1,0.520904,0.49736,0.999954,0.403776,0.497431,0.999981,0.49672,0.727355,0.998875,0.429924,0.726425,0.998716,"[{""index"":0,""x"":0.460917,""y"":0.407858,""visibility"":0.999973},{""index"":1,""x"":0.46712,""y"":0.389316,""visibility"":0.999943},{""index"":2,""x"":0.471164,""y"":0.388993,""visibility"":0.999932},{""index"":3,""x"":0.475017,""y"":0.388748,""visibility"":0.999917},{""index"":4,""x"":0.452693,""y"":0.390893,""visibility"":0.999956},{""index"":5,""x"":0.447937,""y"":0.391554,""visibility"":0.999957},{""index"":6,""x"":0.443762,""y"":0.392492,""visibility"":0.999954},{""index"":7,""x"":0.47969,""y"":0.397856,""visibility"":0.999957},{""index"":8,""x"":0.438422,""y"":0.401611,""visibility"":0.999974},{""index"":9,""x"":0.470304,""y"":0.422717,""visibility"":0.999994},{""index"":10,""x"":0.45284,""y"":0.423956,""visibility"":0.999995},{""index"":11,""x"":0.520904,""y"":0.49736,""visibility"":0.999954},{""index"":12,""x"":0.403776,""y"":0.497431,""visibility"":0.999981},{""index"":13,""x"":0.54534,""y"":0.62754,""visibility"":0.924005},{""index"":14,""x"":0.380371,""y"":0.615766,""visibility"":0.98302},{""index"":15,""x"":0.547522,""y"":0.728526,""visibility"":0.798344},{""index"":16,""x"":0.443148,""y"":0.568374,""visibility"":0.99488},{""index"":17,""x"":0.555949,""y"":0.761395,""visibility"":0.724091},{""index"":18,""x"":0.463792,""y"":0.564621,""visibility"":0.990254},{""index"":19,""x"":0.551277,""y"":0.761592,""visibility"":0.758153},{""index"":20,""x"":0.467669,""y"":0.550453,""visibility"":0.988039},{""index"":21,""x"":0.544424,""y"":0.749075,""visibility"":0.718989},{""index"":22,""x"":0.462653,""y"":0.549743,""visibility"":0.983214},{""index"":23,""x"":0.49672,""y"":0.727355,""visibility"":0.998875},{""index"":24,""x"":0.429924,""y"":0.726425,""visibility"":0.998716},{""index"":25,""x"":0.496621,""y"":0.895844,""visibility"":0.977671},{""index"":26,""x"":0.428084,""y"":0.891259,""visibility"":0.975107},{""index"":27,""x"":0.49131,""y"":1.00025,""visibility"":0.917746},{""index"":28,""x"":0.437414,""y"":1.005579,""visibility"":0.860955},{""index"":29,""x"":0.485062,""y"":1.015364,""visibility"":0.76769},{""index"":30,""x"":0.442129,""y"":1.030692,""visibility"":0.685529},{""index"":31,""x"":0.492729,""y"":1.084281,""visibility"":0.788746},{""index"":32,""x"":0.449048,""y"":1.083643,""visibility"":0.675122}]"
sample_0065,full_body,2026-08-17T04:29:44.927+09:00,sample_0065_full_body_20260817_042944_925486_rgb.jpg,sample_0065_full_body_20260817_042944_925486_skeleton.jpg,1,0.522072,0.496324,0.999927,0.404927,0.503011,0.99997,0.497051,0.734833,0.999336,0.430993,0.735768,0.999344,"[{""index"":0,""x"":0.450895,""y"":0.410092,""visibility"":0.999927},{""index"":1,""x"":0.457371,""y"":0.391787,""visibility"":0.999849},{""index"":2,""x"":0.462717,""y"":0.390859,""visibility"":0.999823},{""index"":3,""x"":0.46708,""y"":0.39016,""visibility"":0.999797},{""index"":4,""x"":0.44337,""y"":0.394367,""visibility"":0.999878},{""index"":5,""x"":0.439735,""y"":0.395153,""visibility"":0.999882},{""index"":6,""x"":0.436874,""y"":0.396264,""visibility"":0.999877},{""index"":7,""x"":0.473822,""y"":0.398544,""visibility"":0.999897},{""index"":8,""x"":0.433972,""y"":0.404296,""visibility"":0.999922},{""index"":9,""x"":0.463134,""y"":0.42343,""visibility"":0.999981},{""index"":10,""x"":0.445198,""y"":0.425381,""visibility"":0.999984},{""index"":11,""x"":0.522072,""y"":0.496324,""visibility"":0.999927},{""index"":12,""x"":0.404927,""y"":0.503011,""visibility"":0.99997},{""index"":13,""x"":0.544512,""y"":0.626963,""visibility"":0.96856},{""index"":14,""x"":0.37925,""y"":0.61928,""visibility"":0.986363},{""index"":15,""x"":0.548042,""y"":0.726207,""visibility"":0.900705},{""index"":16,""x"":0.442321,""y"":0.574071,""visibility"":0.995208},{""index"":17,""x"":0.553844,""y"":0.760042,""visibility"":0.82741},{""index"":18,""x"":0.463483,""y"":0.56872,""visibility"":0.990064},{""index"":19,""x"":0.546382,""y"":0.759873,""visibility"":0.84607},{""index"":20,""x"":0.46753,""y"":0.554066,""visibility"":0.987664},{""index"":21,""x"":0.541472,""y"":0.748087,""visibility"":0.824462},{""index"":22,""x"":0.462449,""y"":0.554017,""visibility"":0.982624},{""index"":23,""x"":0.497051,""y"":0.734833,""visibility"":0.999336},{""index"":24,""x"":0.430993,""y"":0.735768,""visibility"":0.999344},{""index"":25,""x"":0.49701,""y"":0.910638,""visibility"":0.979784},{""index"":26,""x"":0.427275,""y"":0.910788,""visibility"":0.981095},{""index"":27,""x"":0.489256,""y"":1.014355,""visibility"":0.884639},{""index"":28,""x"":0.432916,""y"":1.023653,""visibility"":0.878419},{""index"":29,""x"":0.484107,""y"":1.029559,""visibility"":0.682997},{""index"":30,""x"":0.442161,""y"":1.052768,""visibility"":0.64713},{""index"":31,""x"":0.487545,""y"":1.09651,""visibility"":0.71413},{""index"":32,""x"":0.442816,""y"":1.103926,""visibility"":0.686685}]"
sample_0066,full_body,2026-08-17T04:29:45.119+09:00,sample_0066_full_body_20260817_042945_117276_rgb.jpg,sample_0066_full_body_20260817_042945_117276_skeleton.jpg,1,0.521787,0.493363,0.999952,0.404769,0.502183,0.99998,0.497057,0.728151,0.999374,0.431064,0.729862,0.999349,"[{""index"":0,""x"":0.451816,""y"":0.407494,""visibility"":0.999972},{""index"":1,""x"":0.458624,""y"":0.389146,""visibility"":0.99994},{""index"":2,""x"":0.46381,""y"":0.388435,""visibility"":0.999929},{""index"":3,""x"":0.467965,""y"":0.387884,""visibility"":0.999916},{""index"":4,""x"":0.443809,""y"":0.391937,""visibility"":0.999949},{""index"":5,""x"":0.440018,""y"":0.3928,""visibility"":0.99995},{""index"":6,""x"":0.436936,""y"":0.393878,""visibility"":0.999946},{""index"":7,""x"":0.474471,""y"":0.39647,""visibility"":0.999958},{""index"":8,""x"":0.433562,""y"":0.403457,""visibility"":0.999971},{""index"":9,""x"":0.463813,""y"":0.421361,""visibility"":0.999994},{""index"":10,""x"":0.445192,""y"":0.423364,""visibility"":0.999995},{""index"":11,""x"":0.521787,""y"":0.493363,""visibility"":0.999952},{""index"":12,""x"":0.404769,""y"":0.502183,""visibility"":0.99998},{""index"":13,""x"":0.545899,""y"":0.625598,""visibility"":0.97622},{""index"":14,""x"":0.379527,""y"":0.623495,""visibility"":0.989948},{""index"":15,""x"":0.547086,""y"":0.73001,""visibility"":0.934991},{""index"":16,""x"":0.440931,""y"":0.587078,""visibility"":0.996055},{""index"":17,""x"":0.553848,""y"":0.762125,""visibility"":0.882022},{""index"":18,""x"":0.461038,""y"":0.586039,""visibility"":0.991489},{""index"":19,""x"":0.547966,""y"":0.76218,""visibility"":0.892563},{""index"":20,""x"":0.467151,""y"":0.572838,""visibility"":0.989592},{""index"":21,""x"":0.541731,""y"":0.750255,""visibility"":0.879768},{""index"":22,""x"":0.462584,""y"":0.572382,""visibility"":0.985552},{""index"":23,""x"":0.497057,""y"":0.728151,""visibility"":0.999374},{""index"":24,""x"":0.431064,""y"":0.729862,""visibility"":0.999349},{""index"":25,""x"":0.495969,""y"":0.903351,""visibility"":0.980543},{""index"":26,""x"":0.426542,""y"":0.902351,""visibility"":0.983847},{""index"":27,""x"":0.493552,""y"":1.008555,""visibility"":0.891999},{""index"":28,""x"":0.433923,""y"":1.015982,""visibility"":0.874935},{""index"":29,""x"":0.487255,""y"":1.025181,""visibility"":0.683842},{""index"":30,""x"":0.442774,""y"":1.036373,""visibility"":0.633524},{""index"":31,""x"":0.493177,""y"":1.089408,""visibility"":0.718989},{""index"":32,""x"":0.442596,""y"":1.088752,""visibility"":0.660501}]"
sample_0067,full_body,2026-08-17T04:29:45.353+09:00,sample_0067_full_body_20260817_042945_352732_rgb.jpg,sample_0067_full_body_20260817_042945_352732_skeleton.jpg,1,0.521787,0.493363,0.999952,0.404769,0.502183,0.99998,0.497057,0.728151,0.999374,0.431064,0.729862,0.999349,"[{""index"":0,""x"":0.451816,""y"":0.407494,""visibility"":0.999972},{""index"":1,""x"":0.458624,""y"":0.389146,""visibility"":0.99994},{""index"":2,""x"":0.46381,""y"":0.388435,""visibility"":0.999929},{""index"":3,""x"":0.467965,""y"":0.387884,""visibility"":0.999916},{""index"":4,""x"":0.443809,""y"":0.391937,""visibility"":0.999949},{""index"":5,""x"":0.440018,""y"":0.3928,""visibility"":0.99995},{""index"":6,""x"":0.436936,""y"":0.393878,""visibility"":0.999946},{""index"":7,""x"":0.474471,""y"":0.39647,""visibility"":0.999958},{""index"":8,""x"":0.433562,""y"":0.403457,""visibility"":0.999971},{""index"":9,""x"":0.463813,""y"":0.421361,""visibility"":0.999994},{""index"":10,""x"":0.445192,""y"":0.423364,""visibility"":0.999995},{""index"":11,""x"":0.521787,""y"":0.493363,""visibility"":0.999952},{""index"":12,""x"":0.404769,""y"":0.502183,""visibility"":0.99998},{""index"":13,""x"":0.545899,""y"":0.625598,""visibility"":0.97622},{""index"":14,""x"":0.379527,""y"":0.623495,""visibility"":0.989948},{""index"":15,""x"":0.547086,""y"":0.73001,""visibility"":0.934991},{""index"":16,""x"":0.440931,""y"":0.587078,""visibility"":0.996055},{""index"":17,""x"":0.553848,""y"":0.762125,""visibility"":0.882022},{""index"":18,""x"":0.461038,""y"":0.586039,""visibility"":0.991489},{""index"":19,""x"":0.547966,""y"":0.76218,""visibility"":0.892563},{""index"":20,""x"":0.467151,""y"":0.572838,""visibility"":0.989592},{""index"":21,""x"":0.541731,""y"":0.750255,""visibility"":0.879768},{""index"":22,""x"":0.462584,""y"":0.572382,""visibility"":0.985552},{""index"":23,""x"":0.497057,""y"":0.728151,""visibility"":0.999374},{""index"":24,""x"":0.431064,""y"":0.729862,""visibility"":0.999349},{""index"":25,""x"":0.495969,""y"":0.903351,""visibility"":0.980543},{""index"":26,""x"":0.426542,""y"":0.902351,""visibility"":0.983847},{""index"":27,""x"":0.493552,""y"":1.008555,""visibility"":0.891999},{""index"":28,""x"":0.433923,""y"":1.015982,""visibility"":0.874935},{""index"":29,""x"":0.487255,""y"":1.025181,""visibility"":0.683842},{""index"":30,""x"":0.442774,""y"":1.036373,""visibility"":0.633524},{""index"":31,""x"":0.493177,""y"":1.089408,""visibility"":0.718989},{""index"":32,""x"":0.442596,""y"":1.088752,""visibility"":0.660501}]"
sample_0068,full_body,2026-08-17T04:29:45.470+09:00,sample_0068_full_body_20260817_042945_469068_rgb.jpg,sample_0068_full_body_20260817_042945_469068_skeleton.jpg,1,0.520939,0.495926,0.999873,0.403698,0.502182,0.999961,0.497417,0.723033,0.998765,0.43084,0.723267,0.998901,"[{""index"":0,""x"":0.453248,""y"":0.410996,""visibility"":0.999893},{""index"":1,""x"":0.459904,""y"":0.39246,""visibility"":0.999757},{""index"":2,""x"":0.464933,""y"":0.391468,""visibility"":0.999715},{""index"":3,""x"":0.469034,""y"":0.390668,""visibility"":0.99968},{""index"":4,""x"":0.44503,""y"":0.395093,""visibility"":0.999801},{""index"":5,""x"":0.441127,""y"":0.395754,""visibility"":0.999813},{""index"":6,""x"":0.438124,""y"":0.396598,""visibility"":0.999813},{""index"":7,""x"":0.475036,""y"":0.398369,""visibility"":0.999792},{""index"":8,""x"":0.434527,""y"":0.405055,""visibility"":0.999894},{""index"":9,""x"":0.464444,""y"":0.423719,""visibility"":0.999978},{""index"":10,""x"":0.446301,""y"":0.425838,""visibility"":0.999982},{""index"":11,""x"":0.520939,""y"":0.495926,""visibility"":0.999873},{""index"":12,""x"":0.403698,""y"":0.502182,""visibility"":0.999961},{""index"":13,""x"":0.541476,""y"":0.626044,""visibility"":0.954647},{""index"":14,""x"":0.370376,""y"":0.615171,""visibility"":0.987711},{""index"":15,""x"":0.544782,""y"":0.725676,""visibility"":0.883437},{""index"":16,""x"":0.432871,""y"":0.622752,""visibility"":0.983407},{""index"":17,""x"":0.547935,""y"":0.758615,""visibility"":0.815967},{""index"":18,""x"":0.44856,""y"":0.632234,""visibility"":0.968501},{""index"":19,""x"":0.541743,""y"":0.758143,""visibility"":0.82347},{""index"":20,""x"":0.459672,""y"":0.617839,""visibility"":0.965381},{""index"":21,""x"":0.536645,""y"":0.745825,""visibility"":0.808521},{""index"":22,""x"":0.455142,""y"":0.613498,""visibility"":0.955319},{""index"":23,""x"":0.497417,""y"":0.723033,""visibility"":0.998765},{""index"":24,""x"":0.43084,""y"":0.723267,""visibility"":0.998901},{""index"":25,""x"":0.496746,""y"":0.895699,""visibility"":0.982356},{""index"":26,""x"":0.427105,""y"":0.893159,""visibility"":0.983279},{""index"":27,""x"":0.491162,""y"":1.005536,""visibility"":0.934753},{""index"":28,""x"":0.437044,""y"":1.0088,""visibility"":0.919353},{""index"":29,""x"":0.490586,""y"":1.035224,""visibility"":0.771672},{""index"":30,""x"":0.445143,""y"":1.030112,""visibility"":0.69285},{""index"":31,""x"":0.495405,""y"":1.086319,""visibility"":0.861305},{""index"":32,""x"":0.442667,""y"":1.085482,""visibility"":0.814201}]"
sample_0069,full_body,2026-08-17T04:29:45.646+09:00,sample_0069_full_body_20260817_042945_646011_rgb.jpg,sample_0069_full_body_20260817_042945_646011_skeleton.jpg,1,0.523143,0.500276,0.999889,0.405218,0.500517,0.999969,0.495661,0.727961,0.998628,0.429541,0.72521,0.998774,"[{""index"":0,""x"":0.457666,""y"":0.414237,""visibility"":0.999942},{""index"":1,""x"":0.463958,""y"":0.394691,""visibility"":0.999872},{""index"":2,""x"":0.468806,""y"":0.393998,""visibility"":0.999853},{""index"":3,""x"":0.472868,""y"":0.393265,""visibility"":0.999837},{""index"":4,""x"":0.448808,""y"":0.396458,""visibility"":0.999884},{""index"":5,""x"":0.444694,""y"":0.396958,""visibility"":0.999884},{""index"":6,""x"":0.441498,""y"":0.39763,""visibility"":0.999883},{""index"":7,""x"":0.478456,""y"":0.399979,""visibility"":0.999891},{""index"":8,""x"":0.437416,""y"":0.405992,""visibility"":0.999939},{""index"":9,""x"":0.468546,""y"":0.427462,""visibility"":0.999985},{""index"":10,""x"":0.450063,""y"":0.428765,""visibility"":0.999988},{""index"":11,""x"":0.523143,""y"":0.500276,""visibility"":0.999889},{""index"":12,""x"":0.405218,""y"":0.500517,""visibility"":0.999969},{""index"":13,""x"":0.541769,""y"":0.62709,""visibility"":0.964921},{""index"":14,""x"":0.370885,""y"":0.608042,""visibility"":0.985158},{""index"":15,""x"":0.545085,""y"":0.727834,""visibility"":0.894605},{""index"":16,""x"":0.433682,""y"":0.637475,""visibility"":0.986623},{""index"":17,""x"":0.54914,""y"":0.761335,""visibility"":0.834407},{""index"":18,""x"":0.445164,""y"":0.654417,""visibility"":0.974092},{""index"":19,""x"":0.54261,""y"":0.761759,""visibility"":0.849597},{""index"":20,""x"":0.453937,""y"":0.642365,""visibility"":0.971672},{""index"":21,""x"":0.537737,""y"":0.749977,""visibility"":0.835349},{""index"":22,""x"":0.450758,""y"":0.637214,""visibility"":0.967287},{""index"":23,""x"":0.495661,""y"":0.727961,""visibility"":0.998628},{""index"":24,""x"":0.429541,""y"":0.72521,""visibility"":0.998774},{""index"":25,""x"":0.495709,""y"":0.899824,""visibility"":0.982823},{""index"":26,""x"":0.426287,""y"":0.905681,""visibility"":0.983597},{""index"":27,""x"":0.493365,""y"":1.005816,""visibility"":0.933431},{""index"":28,""x"":0.4348,""y"":1.016263,""visibility"":0.919787},{""index"":29,""x"":0.488015,""y"":1.022231,""visibility"":0.746509},{""index"":30,""x"":0.445833,""y"":1.037336,""visibility"":0.69181},{""index"":31,""x"":0.497451,""y"":1.087804,""visibility"":0.835618},{""index"":32,""x"":0.440863,""y"":1.090686,""visibility"":0.79166}]"
sample_0070,full_body,2026-08-17T04:29:45.869+09:00,sample_0070_full_body_20260817_042945_867931_rgb.jpg,sample_0070_full_body_20260817_042945_867931_skeleton.jpg,1,0.521854,0.503693,0.999852,0.402121,0.498412,0.999963,0.493673,0.725025,0.998533,0.426024,0.72293,0.99877,"[{""index"":0,""x"":0.461711,""y"":0.414713,""visibility"":0.999935},{""index"":1,""x"":0.468857,""y"":0.395509,""visibility"":0.999845},{""index"":2,""x"":0.47354,""y"":0.395001,""visibility"":0.999815},{""index"":3,""x"":0.477765,""y"":0.394346,""visibility"":0.999771},{""index"":4,""x"":0.453516,""y"":0.395576,""visibility"":0.999885},{""index"":5,""x"":0.448734,""y"":0.395491,""visibility"":0.999895},{""index"":6,""x"":0.444879,""y"":0.395816,""visibility"":0.999891},{""index"":7,""x"":0.482506,""y"":0.400302,""visibility"":0.999884},{""index"":8,""x"":0.439974,""y"":0.403976,""visibility"":0.999949},{""index"":9,""x"":0.470589,""y"":0.428735,""visibility"":0.999989},{""index"":10,""x"":0.453088,""y"":0.42798,""visibility"":0.999992},{""index"":11,""x"":0.521854,""y"":0.503693,""visibility"":0.999852},{""index"":12,""x"":0.402121,""y"":0.498412,""visibility"":0.999963},{""index"":13,""x"":0.539226,""y"":0.635116,""visibility"":0.969266},{""index"":14,""x"":0.366442,""y"":0.617595,""visibility"":0.992184},{""index"":15,""x"":0.545391,""y"":0.731495,""visibility"":0.913058},{""index"":16,""x"":0.426501,""y"":0.624438,""visibility"":0.990551},{""index"":17,""x"":0.54847,""y"":0.764652,""visibility"":0.85318},{""index"":18,""x"":0.438004,""y"":0.636072,""visibility"":0.981453},{""index"":19,""x"":0.544714,""y"":0.763996,""visibility"":0.858363},{""index"":20,""x"":0.448138,""y"":0.622696,""visibility"":0.979315},{""index"":21,""x"":0.541671,""y"":0.751926,""visibility"":0.850841},{""index"":22,""x"":0.443399,""y"":0.617153,""visibility"":0.973292},{""index"":23,""x"":0.493673,""y"":0.725025,""visibility"":0.998533},{""index"":24,""x"":0.426024,""y"":0.72293,""visibility"":0.99877},{""index"":25,""x"":0.495323,""y"":0.895933,""visibility"":0.98347},{""index"":26,""x"":0.425608,""y"":0.89868,""visibility"":0.98652},{""index"":27,""x"":0.490733,""y"":1.000369,""visibility"":0.901227},{""index"":28,""x"":0.433584,""y"":1.011043,""visibility"":0.901227},{""index"":29,""x"":0.483138,""y"":1.014239,""visibility"":0.721939},{""index"":30,""x"":0.444685,""y"":1.028899,""visibility"":0.663996},{""index"":31,""x"":0.490203,""y"":1.086899,""visibility"":0.765593},{""index"":32,""x"":0.446831,""y"":1.086042,""visibility"":0.724578}]"
sample_0071,upper_body,2026-08-17T04:29:50.997+09:00,sample_0071_upper_body_20260817_042950_995636_rgb.jpg,sample_0071_upper_body_20260817_042950_995636_skeleton.jpg,1,0.537484,0.480413,0.999864,0.364857,0.486278,0.999852,0.49571,0.834263,0.996517,0.404387,0.835649,0.996765,"[{""index"":0,""x"":0.448226,""y"":0.340478,""visibility"":0.999838},{""index"":1,""x"":0.457731,""y"":0.313625,""visibility"":0.999718},{""index"":2,""x"":0.464447,""y"":0.313442,""visibility"":0.999731},{""index"":3,""x"":0.469928,""y"":0.313163,""visibility"":0.999685},{""index"":4,""x"":0.434711,""y"":0.315488,""visibility"":0.999711},{""index"":5,""x"":0.427568,""y"":0.316283,""visibility"":0.999722},{""index"":6,""x"":0.42149,""y"":0.317601,""visibility"":0.999685},{""index"":7,""x"":0.477283,""y"":0.325748,""visibility"":0.99968},{""index"":8,""x"":0.415609,""y"":0.331382,""visibility"":0.999764},{""index"":9,""x"":0.462999,""y"":0.363048,""visibility"":0.999905},{""index"":10,""x"":0.436327,""y"":0.365463,""visibility"":0.999917},{""index"":11,""x"":0.537484,""y"":0.480413,""visibility"":0.999864},{""index"":12,""x"":0.364857,""y"":0.486278,""visibility"":0.999852},{""index"":13,""x"":0.558816,""y"":0.66022,""visibility"":0.995768},{""index"":14,""x"":0.324084,""y"":0.665147,""visibility"":0.990254},{""index"":15,""x"":0.578177,""y"":0.805828,""visibility"":0.974869},{""index"":16,""x"":0.300126,""y"":0.827471,""visibility"":0.959231},{""index"":17,""x"":0.589817,""y"":0.858491,""visibility"":0.942082},{""index"":18,""x"":0.292233,""y"":0.879426,""visibility"":0.931088},{""index"":19,""x"":0.579434,""y"":0.858336,""visibility"":0.951594},{""index"":20,""x"":0.300532,""y"":0.883252,""visibility"":0.940681},{""index"":21,""x"":0.570957,""y"":0.836886,""visibility"":0.955068},{""index"":22,""x"":0.307237,""y"":0.863429,""visibility"":0.944485},{""index"":23,""x"":0.49571,""y"":0.834263,""visibility"":0.996517},{""index"":24,""x"":0.404387,""y"":0.835649,""visibility"":0.996765},{""index"":25,""x"":0.508327,""y"":1.063069,""visibility"":0.728941},{""index"":26,""x"":0.407936,""y"":1.068413,""visibility"":0.861305},{""index"":27,""x"":0.482275,""y"":1.261832,""visibility"":0.250363},{""index"":28,""x"":0.409508,""y"":1.269736,""visibility"":0.399636}]"
sample_0072,upper_body,2026-08-17T04:29:51.121+09:00,sample_0072_upper_body_20260817_042951_120086_rgb.jpg,sample_0072_upper_body_20260817_042951_120086_skeleton.jpg,1,0.541591,0.485954,0.999835,0.366729,0.485382,0.999795,0.494887,0.846525,0.996322,0.401447,0.847041,0.995882,"[{""index"":0,""x"":0.450811,""y"":0.337761,""visibility"":0.999843},{""index"":1,""x"":0.460821,""y"":0.311811,""visibility"":0.999771},{""index"":2,""x"":0.468144,""y"":0.311709,""visibility"":0.999777},{""index"":3,""x"":0.473674,""y"":0.311941,""visibility"":0.999753},{""index"":4,""x"":0.437973,""y"":0.313175,""visibility"":0.999751},{""index"":5,""x"":0.430925,""y"":0.313855,""visibility"":0.999751},{""index"":6,""x"":0.425266,""y"":0.314892,""visibility"":0.999726},{""index"":7,""x"":0.481332,""y"":0.324882,""visibility"":0.99972},{""index"":8,""x"":0.419557,""y"":0.327742,""visibility"":0.999793},{""index"":9,""x"":0.46647,""y"":0.35983,""visibility"":0.999873},{""index"":10,""x"":0.438919,""y"":0.361607,""visibility"":0.999876},{""index"":11,""x"":0.541591,""y"":0.485954,""visibility"":0.999835},{""index"":12,""x"":0.366729,""y"":0.485382,""visibility"":0.999795},{""index"":13,""x"":0.568585,""y"":0.658296,""visibility"":0.998118},{""index"":14,""x"":0.327114,""y"":0.662463,""visibility"":0.99438},{""index"":15,""x"":0.589672,""y"":0.801514,""visibility"":0.98914},{""index"":16,""x"":0.301249,""y"":0.828959,""visibility"":0.978794},{""index"":17,""x"":0.601861,""y"":0.856299,""visibility"":0.970964},{""index"":18,""x"":0.293474,""y"":0.876977,""visibility"":0.960731},{""index"":19,""x"":0.5898,""y"":0.856445,""visibility"":0.97622},{""index"":20,""x"":0.302841,""y"":0.880071,""visibility"":0.96622},{""index"":21,""x"":0.580872,""y"":0.834453,""visibility"":0.979354},{""index"":22,""x"":0.307342,""y"":0.859429,""visibility"":0.969382},{""index"":23,""x"":0.494887,""y"":0.846525,""visibility"":0.996322},{""index"":24,""x"":0.401447,""y"":0.847041,""visibility"":0.995882},{""index"":25,""x"":0.505054,""y"":1.08187,""visibility"":0.625781},{""index"":26,""x"":0.406351,""y"":1.100673,""visibility"":0.708515}]"
sample_0073,upper_body,2026-08-17T04:29:51.296+09:00,sample_0073_upper_body_20260817_042951_294709_rgb.jpg,sample_0073_upper_body_20260817_042951_294709_skeleton.jpg,1,0.528147,0.475599,0.999882,0.354747,0.486901,0.999868,0.495075,0.838333,0.998176,0.397805,0.838261,0.998299,"[{""index"":0,""x"":0.436311,""y"":0.334756,""visibility"":0.999833},{""index"":1,""x"":0.444359,""y"":0.308693,""visibility"":0.999758},{""index"":2,""x"":0.451225,""y"":0.308329,""visibility"":0.999762},{""index"":3,""x"":0.456457,""y"":0.308322,""visibility"":0.999724},{""index"":4,""x"":0.423262,""y"":0.311875,""visibility"":0.999735},{""index"":5,""x"":0.416497,""y"":0.313593,""visibility"":0.999735},{""index"":6,""x"":0.410672,""y"":0.315642,""visibility"":0.999695},{""index"":7,""x"":0.464339,""y"":0.324437,""visibility"":0.999735},{""index"":8,""x"":0.404148,""y"":0.331426,""visibility"":0.999788},{""index"":9,""x"":0.451211,""y"":0.35749,""visibility"":0.999894},{""index"":10,""x"":0.425744,""y"":0.360939,""visibility"":0.999911},{""index"":11,""x"":0.528147,""y"":0.475599,""visibility"":0.999882},{""index"":12,""x"":0.354747,""y"":0.486901,""visibility"":0.999868},{""index"":13,""x"":0.560175,""y"":0.656108,""visibility"":0.998028},{""index"":14,""x"":0.31183,""y"":0.662433,""visibility"":0.993996},{""index"":15,""x"":0.580417,""y"":0.79684,""visibility"":0.991322},{""index"":16,""x"":0.281416,""y"":0.810495,""visibility"":0.982083},{""index"":17,""x"":0.588079,""y"":0.848372,""visibility"":0.977154},{""index"":18,""x"":0.269427,""y"":0.866649,""visibility"":0.967778},{""index"":19,""x"":0.577406,""y"":0.846412,""visibility"":0.980469},{""index"":20,""x"":0.279249,""y"":0.868946,""visibility"":0.971725},{""index"":21,""x"":0.570565,""y"":0.825955,""visibility"":0.982691},{""index"":22,""x"":0.284279,""y"":0.846777,""visibility"":0.974337},{""index"":23,""x"":0.495075,""y"":0.838333,""visibility"":0.998176},{""index"":24,""x"":0.397805,""y"":0.838261,""visibility"":0.998299},{""index"":25,""x"":0.504732,""y"":1.070931,""visibility"":0.624752},{""index"":26,""x"":0.406902,""y"":1.078852,""visibility"":0.760828},{""index"":28,""x"":0.416106,""y"":1.298873,""visibility"":0.242744}]"
sample_0074,upper_body,2026-08-17T04:29:51.495+09:00,sample_0074_upper_body_20260817_042951_494998_rgb.jpg,sample_0074_upper_body_20260817_042951_494998_skeleton.jpg,1,0.528147,0.475599,0.999882,0.354747,0.486901,0.999868,0.495075,0.838333,0.998176,0.397805,0.838261,0.998299,"[{""index"":0,""x"":0.436311,""y"":0.334756,""visibility"":0.999833},{""index"":1,""x"":0.444359,""y"":0.308693,""visibility"":0.999758},{""index"":2,""x"":0.451225,""y"":0.308329,""visibility"":0.999762},{""index"":3,""x"":0.456457,""y"":0.308322,""visibility"":0.999724},{""index"":4,""x"":0.423262,""y"":0.311875,""visibility"":0.999735},{""index"":5,""x"":0.416497,""y"":0.313593,""visibility"":0.999735},{""index"":6,""x"":0.410672,""y"":0.315642,""visibility"":0.999695},{""index"":7,""x"":0.464339,""y"":0.324437,""visibility"":0.999735},{""index"":8,""x"":0.404148,""y"":0.331426,""visibility"":0.999788},{""index"":9,""x"":0.451211,""y"":0.35749,""visibility"":0.999894},{""index"":10,""x"":0.425744,""y"":0.360939,""visibility"":0.999911},{""index"":11,""x"":0.528147,""y"":0.475599,""visibility"":0.999882},{""index"":12,""x"":0.354747,""y"":0.486901,""visibility"":0.999868},{""index"":13,""x"":0.560175,""y"":0.656108,""visibility"":0.998028},{""index"":14,""x"":0.31183,""y"":0.662433,""visibility"":0.993996},{""index"":15,""x"":0.580417,""y"":0.79684,""visibility"":0.991322},{""index"":16,""x"":0.281416,""y"":0.810495,""visibility"":0.982083},{""index"":17,""x"":0.588079,""y"":0.848372,""visibility"":0.977154},{""index"":18,""x"":0.269427,""y"":0.866649,""visibility"":0.967778},{""index"":19,""x"":0.577406,""y"":0.846412,""visibility"":0.980469},{""index"":20,""x"":0.279249,""y"":0.868946,""visibility"":0.971725},{""index"":21,""x"":0.570565,""y"":0.825955,""visibility"":0.982691},{""index"":22,""x"":0.284279,""y"":0.846777,""visibility"":0.974337},{""index"":23,""x"":0.495075,""y"":0.838333,""visibility"":0.998176},{""index"":24,""x"":0.397805,""y"":0.838261,""visibility"":0.998299},{""index"":25,""x"":0.504732,""y"":1.070931,""visibility"":0.624752},{""index"":26,""x"":0.406902,""y"":1.078852,""visibility"":0.760828},{""index"":28,""x"":0.416106,""y"":1.298873,""visibility"":0.242744}]"
sample_0075,upper_body,2026-08-17T04:29:51.608+09:00,sample_0075_upper_body_20260817_042951_606997_rgb.jpg,sample_0075_upper_body_20260817_042951_606997_skeleton.jpg,1,0.531708,0.478419,0.999934,0.35675,0.49024,0.999917,0.498241,0.832577,0.998844,0.402191,0.832173,0.99888,"[{""index"":0,""x"":0.434453,""y"":0.351,""visibility"":0.99991},{""index"":1,""x"":0.442952,""y"":0.323541,""visibility"":0.999862},{""index"":2,""x"":0.450282,""y"":0.322388,""visibility"":0.99987},{""index"":3,""x"":0.455924,""y"":0.321595,""visibility"":0.999845},{""index"":4,""x"":0.421199,""y"":0.327446,""visibility"":0.999845},{""index"":5,""x"":0.414779,""y"":0.32903,""visibility"":0.999844},{""index"":6,""x"":0.409605,""y"":0.330502,""visibility"":0.999819},{""index"":7,""x"":0.464354,""y"":0.333305,""visibility"":0.999871},{""index"":8,""x"":0.404193,""y"":0.343684,""visibility"":0.999892},{""index"":9,""x"":0.450507,""y"":0.370285,""visibility"":0.99996},{""index"":10,""x"":0.424532,""y"":0.372947,""visibility"":0.999961},{""index"":11,""x"":0.531708,""y"":0.478419,""visibility"":0.999934},{""index"":12,""x"":0.35675,""y"":0.49024,""visibility"":0.999917},{""index"":13,""x"":0.564181,""y"":0.656419,""visibility"":0.997757},{""index"":14,""x"":0.311327,""y"":0.661981,""visibility"":0.99486},{""index"":15,""x"":0.584726,""y"":0.800003,""visibility"":0.987993},{""index"":16,""x"":0.280382,""y"":0.819704,""visibility"":0.981841},{""index"":17,""x"":0.592958,""y"":0.852134,""visibility"":0.970465},{""index"":18,""x"":0.268196,""y"":0.873326,""visibility"":0.967595},{""index"":19,""x"":0.583995,""y"":0.850308,""visibility"":0.974386},{""index"":20,""x"":0.279219,""y"":0.875939,""visibility"":0.971074},{""index"":21,""x"":0.576788,""y"":0.830494,""visibility"":0.977543},{""index"":22,""x"":0.283204,""y"":0.854794,""visibility"":0.974092},{""index"":23,""x"":0.498241,""y"":0.832577,""visibility"":0.998844},{""index"":24,""x"":0.402191,""y"":0.832173,""visibility"":0.99888},{""index"":25,""x"":0.500659,""y"":1.060201,""visibility"":0.790692},{""index"":26,""x"":0.403057,""y"":1.065429,""visibility"":0.882225},{""index"":27,""x"":0.483526,""y"":1.249755,""visibility"":0.254972},{""index"":28,""x"":0.409054,""y"":1.255269,""visibility"":0.357792}]"
sample_0076,upper_body,2026-08-17T04:29:51.812+09:00,sample_0076_upper_body_20260817_042951_810872_rgb.jpg,sample_0076_upper_body_20260817_042951_810872_skeleton.jpg,1,0.53886,0.476259,0.999934,0.363623,0.481003,0.999919,0.494172,0.826832,0.998427,0.400834,0.823129,0.998533,"[{""index"":0,""x"":0.443374,""y"":0.336833,""visibility"":0.999942},{""index"":1,""x"":0.453376,""y"":0.312704,""visibility"":0.9999},{""index"":2,""x"":0.46116,""y"":0.312853,""visibility"":0.999903},{""index"":3,""x"":0.46726,""y"":0.313063,""visibility"":0.999887},{""index"":4,""x"":0.431114,""y"":0.313985,""visibility"":0.999893},{""index"":5,""x"":0.425095,""y"":0.314981,""visibility"":0.999892},{""index"":6,""x"":0.420621,""y"":0.316659,""visibility"":0.999874},{""index"":7,""x"":0.476646,""y"":0.325747,""visibility"":0.999905},{""index"":8,""x"":0.415425,""y"":0.33128,""visibility"":0.999919},{""index"":9,""x"":0.459192,""y"":0.360475,""visibility"":0.999972},{""index"":10,""x"":0.432481,""y"":0.362428,""visibility"":0.999974},{""index"":11,""x"":0.53886,""y"":0.476259,""visibility"":0.999934},{""index"":12,""x"":0.363623,""y"":0.481003,""visibility"":0.999919},{""index"":13,""x"":0.571931,""y"":0.650528,""visibility"":0.99703},{""index"":14,""x"":0.317368,""y"":0.647859,""visibility"":0.991221},{""index"":15,""x"":0.59287,""y"":0.787744,""visibility"":0.981666},{""index"":16,""x"":0.286809,""y"":0.798081,""visibility"":0.969671},{""index"":17,""x"":0.604843,""y"":0.837274,""visibility"":0.956877},{""index"":18,""x"":0.275806,""y"":0.850622,""visibility"":0.947381},{""index"":19,""x"":0.597081,""y"":0.83653,""visibility"":0.963231},{""index"":20,""x"":0.286126,""y"":0.855337,""visibility"":0.953362},{""index"":21,""x"":0.590337,""y"":0.81505,""visibility"":0.967101},{""index"":22,""x"":0.290654,""y"":0.834299,""visibility"":0.957278},{""index"":23,""x"":0.494172,""y"":0.826832,""visibility"":0.998427},{""index"":24,""x"":0.400834,""y"":0.823129,""visibility"":0.998533},{""index"":25,""x"":0.495508,""y"":1.048874,""visibility"":0.802865},{""index"":26,""x"":0.408442,""y"":1.045604,""visibility"":0.902438},{""index"":27,""x"":0.471714,""y"":1.223461,""visibility"":0.356111},{""index"":28,""x"":0.415853,""y"":1.239492,""visibility"":0.566978},{""index"":30,""x"":0.417596,""y"":1.266329,""visibility"":0.251648},{""index"":32,""x"":0.42183,""y"":1.326712,""visibility"":0.237753}]"
sample_0077,upper_body,2026-08-17T04:29:51.997+09:00,sample_0077_upper_body_20260817_042951_996112_rgb.jpg,sample_0077_upper_body_20260817_042951_996112_skeleton.jpg,1,0.540045,0.477446,0.999827,0.362927,0.478465,0.999793,0.494848,0.827543,0.99868,0.401679,0.824738,0.998551,"[{""index"":0,""x"":0.455183,""y"":0.334973,""visibility"":0.999864},{""index"":1,""x"":0.46389,""y"":0.311411,""visibility"":0.999792},{""index"":2,""x"":0.469804,""y"":0.311704,""visibility"":0.999792},{""index"":3,""x"":0.475266,""y"":0.311788,""visibility"":0.99977},{""index"":4,""x"":0.44251,""y"":0.311846,""visibility"":0.999777},{""index"":5,""x"":0.435276,""y"":0.312431,""visibility"":0.99977},{""index"":6,""x"":0.428777,""y"":0.313383,""visibility"":0.999743},{""index"":7,""x"":0.481903,""y"":0.325686,""visibility"":0.999787},{""index"":8,""x"":0.421383,""y"":0.328167,""visibility"":0.999835},{""index"":9,""x"":0.467555,""y"":0.358744,""visibility"":0.999934},{""index"":10,""x"":0.441464,""y"":0.361475,""visibility"":0.999936},{""index"":11,""x"":0.540045,""y"":0.477446,""visibility"":0.999827},{""index"":12,""x"":0.362927,""y"":0.478465,""visibility"":0.999793},{""index"":13,""x"":0.571674,""y"":0.654241,""visibility"":0.995785},{""index"":14,""x"":0.317036,""y"":0.651126,""visibility"":0.990366},{""index"":15,""x"":0.593824,""y"":0.796346,""visibility"":0.981875},{""index"":16,""x"":0.294413,""y"":0.800194,""visibility"":0.973088},{""index"":17,""x"":0.603671,""y"":0.845964,""visibility"":0.960361},{""index"":18,""x"":0.285871,""y"":0.853687,""visibility"":0.953966},{""index"":19,""x"":0.596725,""y"":0.846792,""visibility"":0.964987},{""index"":20,""x"":0.295997,""y"":0.858848,""visibility"":0.958304},{""index"":21,""x"":0.590384,""y"":0.826247,""visibility"":0.969785},{""index"":22,""x"":0.300232,""y"":0.837757,""visibility"":0.962036},{""index"":23,""x"":0.494848,""y"":0.827543,""visibility"":0.99868},{""index"":24,""x"":0.401679,""y"":0.824738,""visibility"":0.998551},{""index"":25,""x"":0.495617,""y"":1.047134,""visibility"":0.86511},{""index"":26,""x"":0.401173,""y"":1.058791,""visibility"":0.919208},{""index"":27,""x"":0.469461,""y"":1.223844,""visibility"":0.397237},{""index"":28,""x"":0.400978,""y"":1.237099,""visibility"":0.517434},{""index"":29,""x"":0.464189,""y"":1.247312,""visibility"":0.214856},{""index"":30,""x"":0.40221,""y"":1.259782,""visibility"":0.204342},{""index"":32,""x"":0.405391,""y"":1.326506,""visibility"":0.206734}]"
sample_0078,upper_body,2026-08-17T04:29:52.217+09:00,sample_0078_upper_body_20260817_042952_215912_rgb.jpg,sample_0078_upper_body_20260817_042952_215912_skeleton.jpg,1,0.538085,0.482311,0.999856,0.361194,0.476306,0.999885,0.49384,0.830071,0.998312,0.400389,0.825116,0.998439,"[{""index"":0,""x"":0.461463,""y"":0.343022,""visibility"":0.999898},{""index"":1,""x"":0.470638,""y"":0.319576,""visibility"":0.999838},{""index"":2,""x"":0.476472,""y"":0.320028,""visibility"":0.999833},{""index"":3,""x"":0.482331,""y"":0.32069,""visibility"":0.999809},{""index"":4,""x"":0.450418,""y"":0.318155,""visibility"":0.999837},{""index"":5,""x"":0.443377,""y"":0.317992,""visibility"":0.999837},{""index"":6,""x"":0.436712,""y"":0.318378,""visibility"":0.999819},{""index"":7,""x"":0.487114,""y"":0.333321,""visibility"":0.99981},{""index"":8,""x"":0.426869,""y"":0.331162,""visibility"":0.999881},{""index"":9,""x"":0.472084,""y"":0.364609,""visibility"":0.999944},{""index"":10,""x"":0.446735,""y"":0.364608,""visibility"":0.999952},{""index"":11,""x"":0.538085,""y"":0.482311,""visibility"":0.999856},{""index"":12,""x"":0.361194,""y"":0.476306,""visibility"":0.999885},{""index"":13,""x"":0.567139,""y"":0.659504,""visibility"":0.995735},{""index"":14,""x"":0.313717,""y"":0.646215,""visibility"":0.992767},{""index"":15,""x"":0.58985,""y"":0.801582,""visibility"":0.980356},{""index"":16,""x"":0.290395,""y"":0.793964,""visibility"":0.976802},{""index"":17,""x"":0.600153,""y"":0.853881,""visibility"":0.957198},{""index"":18,""x"":0.282377,""y"":0.844874,""visibility"":0.959459},{""index"":19,""x"":0.593481,""y"":0.854935,""visibility"":0.963437},{""index"":20,""x"":0.292136,""y"":0.849481,""visibility"":0.963848},{""index"":21,""x"":0.58803,""y"":0.832993,""visibility"":0.968856},{""index"":22,""x"":0.296158,""y"":0.827885,""visibility"":0.967225},{""index"":23,""x"":0.49384,""y"":0.830071,""visibility"":0.998312},{""index"":24,""x"":0.400389,""y"":0.825116,""visibility"":0.998439},{""index"":25,""x"":0.496473,""y"":1.05031,""visibility"":0.797083},{""index"":26,""x"":0.406579,""y"":1.062194,""visibility"":0.87821},{""index"":27,""x"":0.470101,""y"":1.236893,""visibility"":0.334481},{""index"":28,""x"":0.41125,""y"":1.250003,""visibility"":0.448577}]"
sample_0079,upper_body,2026-08-17T04:29:52.372+09:00,sample_0079_upper_body_20260817_042952_370899_rgb.jpg,sample_0079_upper_body_20260817_042952_370899_skeleton.jpg,1,0.538085,0.482311,0.999856,0.361194,0.476306,0.999885,0.49384,0.830071,0.998312,0.400389,0.825116,0.998439,"[{""index"":0,""x"":0.461463,""y"":0.343022,""visibility"":0.999898},{""index"":1,""x"":0.470638,""y"":0.319576,""visibility"":0.999838},{""index"":2,""x"":0.476472,""y"":0.320028,""visibility"":0.999833},{""index"":3,""x"":0.482331,""y"":0.32069,""visibility"":0.999809},{""index"":4,""x"":0.450418,""y"":0.318155,""visibility"":0.999837},{""index"":5,""x"":0.443377,""y"":0.317992,""visibility"":0.999837},{""index"":6,""x"":0.436712,""y"":0.318378,""visibility"":0.999819},{""index"":7,""x"":0.487114,""y"":0.333321,""visibility"":0.99981},{""index"":8,""x"":0.426869,""y"":0.331162,""visibility"":0.999881},{""index"":9,""x"":0.472084,""y"":0.364609,""visibility"":0.999944},{""index"":10,""x"":0.446735,""y"":0.364608,""visibility"":0.999952},{""index"":11,""x"":0.538085,""y"":0.482311,""visibility"":0.999856},{""index"":12,""x"":0.361194,""y"":0.476306,""visibility"":0.999885},{""index"":13,""x"":0.567139,""y"":0.659504,""visibility"":0.995735},{""index"":14,""x"":0.313717,""y"":0.646215,""visibility"":0.992767},{""index"":15,""x"":0.58985,""y"":0.801582,""visibility"":0.980356},{""index"":16,""x"":0.290395,""y"":0.793964,""visibility"":0.976802},{""index"":17,""x"":0.600153,""y"":0.853881,""visibility"":0.957198},{""index"":18,""x"":0.282377,""y"":0.844874,""visibility"":0.959459},{""index"":19,""x"":0.593481,""y"":0.854935,""visibility"":0.963437},{""index"":20,""x"":0.292136,""y"":0.849481,""visibility"":0.963848},{""index"":21,""x"":0.58803,""y"":0.832993,""visibility"":0.968856},{""index"":22,""x"":0.296158,""y"":0.827885,""visibility"":0.967225},{""index"":23,""x"":0.49384,""y"":0.830071,""visibility"":0.998312},{""index"":24,""x"":0.400389,""y"":0.825116,""visibility"":0.998439},{""index"":25,""x"":0.496473,""y"":1.05031,""visibility"":0.797083},{""index"":26,""x"":0.406579,""y"":1.062194,""visibility"":0.87821},{""index"":27,""x"":0.470101,""y"":1.236893,""visibility"":0.334481},{""index"":28,""x"":0.41125,""y"":1.250003,""visibility"":0.448577}]"
sample_0080,upper_body,2026-08-17T04:29:52.575+09:00,sample_0080_upper_body_20260817_042952_574114_rgb.jpg,sample_0080_upper_body_20260817_042952_574114_skeleton.jpg,1,0.541111,0.486024,0.999818,0.3658,0.47115,0.999871,0.49143,0.830261,0.998225,0.396253,0.823804,0.998252,"[{""index"":0,""x"":0.453786,""y"":0.352784,""visibility"":0.999875},{""index"":1,""x"":0.465457,""y"":0.327811,""visibility"":0.999778},{""index"":2,""x"":0.472935,""y"":0.328064,""visibility"":0.99977},{""index"":3,""x"":0.478799,""y"":0.328098,""visibility"":0.999735},{""index"":4,""x"":0.442976,""y"":0.3269,""visibility"":0.999777},{""index"":5,""x"":0.436357,""y"":0.326572,""visibility"":0.999778},{""index"":6,""x"":0.430899,""y"":0.326524,""visibility"":0.999755},{""index"":7,""x"":0.485958,""y"":0.337565,""visibility"":0.999749},{""index"":8,""x"":0.424946,""y"":0.336421,""visibility"":0.999827},{""index"":9,""x"":0.468612,""y"":0.372851,""visibility"":0.999933},{""index"":10,""x"":0.441293,""y"":0.372428,""visibility"":0.999938},{""index"":11,""x"":0.541111,""y"":0.486024,""visibility"":0.999818},{""index"":12,""x"":0.3658,""y"":0.47115,""visibility"":0.999871},{""index"":13,""x"":0.566215,""y"":0.662318,""visibility"":0.992739},{""index"":14,""x"":0.308864,""y"":0.635536,""visibility"":0.993759},{""index"":15,""x"":0.585138,""y"":0.810766,""visibility"":0.978135},{""index"":16,""x"":0.276449,""y"":0.78151,""visibility"":0.982288},{""index"":17,""x"":0.593515,""y"":0.865561,""visibility"":0.954308},{""index"":18,""x"":0.26303,""y"":0.8295,""visibility"":0.967778},{""index"":19,""x"":0.587705,""y"":0.865993,""visibility"":0.960731},{""index"":20,""x"":0.271694,""y"":0.833255,""visibility"":0.97151},{""index"":21,""x"":0.58151,""y"":0.84188,""visibility"":0.963916},{""index"":22,""x"":0.27726,""y"":0.814328,""visibility"":0.972831},{""index"":23,""x"":0.49143,""y"":0.830261,""visibility"":0.998225},{""index"":24,""x"":0.396253,""y"":0.823804,""visibility"":0.998252},{""index"":25,""x"":0.498359,""y"":1.059027,""visibility"":0.851212},{""index"":26,""x"":0.399564,""y"":1.059834,""visibility"":0.911022},{""index"":27,""x"":0.485346,""y"":1.256556,""visibility"":0.462018},{""index"":28,""x"":0.404773,""y"":1.245764,""visibility"":0.542621},{""index"":29,""x"":0.478766,""y"":1.282109,""visibility"":0.229535},{""index"":30,""x"":0.405361,""y"":1.268915,""visibility"":0.21158},{""index"":31,""x"":0.492616,""y"":1.343126,""visibility"":0.287368},{""index"":32,""x"":0.413813,""y"":1.334535,""visibility"":0.271445}]"
sample_0081,upper_body,2026-08-17T04:29:52.773+09:00,sample_0081_upper_body_20260817_042952_771310_rgb.jpg,sample_0081_upper_body_20260817_042952_771310_skeleton.jpg,1,0.541101,0.475309,0.999924,0.364911,0.483402,0.999903,0.499756,0.831167,0.998745,0.40541,0.828341,0.998779,"[{""index"":0,""x"":0.443448,""y"":0.347988,""visibility"":0.999922},{""index"":1,""x"":0.452451,""y"":0.320981,""visibility"":0.999885},{""index"":2,""x"":0.460077,""y"":0.319936,""visibility"":0.999892},{""index"":3,""x"":0.465823,""y"":0.319054,""visibility"":0.999869},{""index"":4,""x"":0.429432,""y"":0.324629,""visibility"":0.999872},{""index"":5,""x"":0.423126,""y"":0.326166,""visibility"":0.999869},{""index"":6,""x"":0.418492,""y"":0.328054,""visibility"":0.999842},{""index"":7,""x"":0.474107,""y"":0.32961,""visibility"":0.999894},{""index"":8,""x"":0.413088,""y"":0.341469,""visibility"":0.99991},{""index"":9,""x"":0.459637,""y"":0.369046,""visibility"":0.999964},{""index"":10,""x"":0.433195,""y"":0.37279,""visibility"":0.999967},{""index"":11,""x"":0.541101,""y"":0.475309,""visibility"":0.999924},{""index"":12,""x"":0.364911,""y"":0.483402,""visibility"":0.999903},{""index"":13,""x"":0.568903,""y"":0.649361,""visibility"":0.997042},{""index"":14,""x"":0.315102,""y"":0.651542,""visibility"":0.992767},{""index"":15,""x"":0.59216,""y"":0.798689,""visibility"":0.983534},{""index"":16,""x"":0.276707,""y"":0.802953,""visibility"":0.973292},{""index"":17,""x"":0.603189,""y"":0.852669,""visibility"":0.96225},{""index"":18,""x"":0.259088,""y"":0.853481,""visibility"":0.955486},{""index"":19,""x"":0.595509,""y"":0.853218,""visibility"":0.967039},{""index"":20,""x"":0.272275,""y"":0.859443,""visibility"":0.960287},{""index"":21,""x"":0.58826,""y"":0.831189,""visibility"":0.971238},{""index"":22,""x"":0.278738,""y"":0.841951,""visibility"":0.964921},{""index"":23,""x"":0.499756,""y"":0.831167,""visibility"":0.998745},{""index"":24,""x"":0.40541,""y"":0.828341,""visibility"":0.998779},{""index"":25,""x"":0.496144,""y"":1.06446,""visibility"":0.797399},{""index"":26,""x"":0.401939,""y"":1.05189,""visibility"":0.892375},{""index"":27,""x"":0.486056,""y"":1.239475,""visibility"":0.249082},{""index"":28,""x"":0.408177,""y"":1.238501,""visibility"":0.369315}]"
sample_0082,upper_body,2026-08-17T04:29:52.967+09:00,sample_0082_upper_body_20260817_042952_966732_rgb.jpg,sample_0082_upper_body_20260817_042952_966732_skeleton.jpg,1,0.537301,0.474996,0.999964,0.365172,0.500217,0.99993,0.503502,0.82937,0.999124,0.408141,0.831541,0.999082,"[{""index"":0,""x"":0.429832,""y"":0.365122,""visibility"":0.999944},{""index"":1,""x"":0.435355,""y"":0.335324,""visibility"":0.999912},{""index"":2,""x"":0.443034,""y"":0.332644,""visibility"":0.99992},{""index"":3,""x"":0.449719,""y"":0.330293,""visibility"":0.999904},{""index"":4,""x"":0.413866,""y"":0.343017,""visibility"":0.999895},{""index"":5,""x"":0.40857,""y"":0.345423,""visibility"":0.999894},{""index"":6,""x"":0.404506,""y"":0.34775,""visibility"":0.999867},{""index"":7,""x"":0.459943,""y"":0.337994,""visibility"":0.999923},{""index"":8,""x"":0.399601,""y"":0.3607,""visibility"":0.999918},{""index"":9,""x"":0.44904,""y"":0.382975,""visibility"":0.999977},{""index"":10,""x"":0.422176,""y"":0.38987,""visibility"":0.999976},{""index"":11,""x"":0.537301,""y"":0.474996,""visibility"":0.999964},{""index"":12,""x"":0.365172,""y"":0.500217,""visibility"":0.99993},{""index"":13,""x"":0.577248,""y"":0.651718,""visibility"":0.998245},{""index"":14,""x"":0.334769,""y"":0.67722,""visibility"":0.991844},{""index"":15,""x"":0.602509,""y"":0.803694,""visibility"":0.988268},{""index"":16,""x"":0.304153,""y"":0.83383,""visibility"":0.967595},{""index"":17,""x"":0.61494,""y"":0.852943,""visibility"":0.970688},{""index"":18,""x"":0.291187,""y"":0.888324,""visibility"":0.947769},{""index"":19,""x"":0.607592,""y"":0.851484,""visibility"":0.974869},{""index"":20,""x"":0.299956,""y"":0.889674,""visibility"":0.954052},{""index"":21,""x"":0.602149,""y"":0.832602,""visibility"":0.977586},{""index"":22,""x"":0.305567,""y"":0.870453,""visibility"":0.959762},{""index"":23,""x"":0.503502,""y"":0.82937,""visibility"":0.999124},{""index"":24,""x"":0.408141,""y"":0.831541,""visibility"":0.999082},{""index"":25,""x"":0.503218,""y"":1.051896,""visibility"":0.739422},{""index"":26,""x"":0.407144,""y"":1.045115,""visibility"":0.879354},{""index"":27,""x"":0.490471,""y"":1.229265,""visibility"":0.237576},{""index"":28,""x"":0.412717,""y"":1.231811,""visibility"":0.369998}]"
sample_0083,upper_body,2026-08-17T04:29:53.186+09:00,sample_0083_upper_body_20260817_042953_185096_rgb.jpg,sample_0083_upper_body_20260817_042953_185096_skeleton.jpg,1,0.540796,0.48003,0.999881,0.368782,0.487744,0.999861,0.50422,0.831254,0.997594,0.410773,0.835532,0.997603,"[{""index"":0,""x"":0.444365,""y"":0.361563,""visibility"":0.999821},{""index"":1,""x"":0.454452,""y"":0.33244,""visibility"":0.999741},{""index"":2,""x"":0.462571,""y"":0.331196,""visibility"":0.999755},{""index"":3,""x"":0.468479,""y"":0.330058,""visibility"":0.999713},{""index"":4,""x"":0.430997,""y"":0.33469,""visibility"":0.999711},{""index"":5,""x"":0.42462,""y"":0.335009,""visibility"":0.999715},{""index"":6,""x"":0.419842,""y"":0.335554,""visibility"":0.999672},{""index"":7,""x"":0.476798,""y"":0.338016,""visibility"":0.999731},{""index"":8,""x"":0.415491,""y"":0.345353,""visibility"":0.999775},{""index"":9,""x"":0.460915,""y"":0.380006,""visibility"":0.999899},{""index"":10,""x"":0.434175,""y"":0.382104,""visibility"":0.9999},{""index"":11,""x"":0.540796,""y"":0.48003,""visibility"":0.999881},{""index"":12,""x"":0.368782,""y"":0.487744,""visibility"":0.999861},{""index"":13,""x"":0.574338,""y"":0.659257,""visibility"":0.997851},{""index"":14,""x"":0.336581,""y"":0.668867,""visibility"":0.992},{""index"":15,""x"":0.60367,""y"":0.802864,""visibility"":0.988222},{""index"":16,""x"":0.308443,""y"":0.837462,""visibility"":0.972985},{""index"":17,""x"":0.618392,""y"":0.854242,""visibility"":0.969843},{""index"":18,""x"":0.298458,""y"":0.887484,""visibility"":0.954137},{""index"":19,""x"":0.612332,""y"":0.855873,""visibility"":0.974821},{""index"":20,""x"":0.308959,""y"":0.889762,""visibility"":0.959837},{""index"":21,""x"":0.604899,""y"":0.835059,""visibility"":0.978426},{""index"":22,""x"":0.315371,""y"":0.869301,""visibility"":0.964389},{""index"":23,""x"":0.50422,""y"":0.831254,""visibility"":0.997594},{""index"":24,""x"":0.410773,""y"":0.835532,""visibility"":0.997603},{""index"":25,""x"":0.504629,""y"":1.057503,""visibility"":0.634317},{""index"":26,""x"":0.414655,""y"":1.049,""visibility"":0.753104}]"
sample_0084,upper_body,2026-08-17T04:29:53.439+09:00,sample_0084_upper_body_20260817_042953_438004_rgb.jpg,sample_0084_upper_body_20260817_042953_438004_skeleton.jpg,1,0.53932,0.497384,0.999683,0.371022,0.478751,0.999777,0.501282,0.839412,0.995882,0.40738,0.836947,0.996378,"[{""index"":0,""x"":0.473505,""y"":0.363485,""visibility"":0.999487},{""index"":1,""x"":0.487413,""y"":0.342902,""visibility"":0.999183},{""index"":2,""x"":0.493413,""y"":0.344833,""visibility"":0.999124},{""index"":3,""x"":0.498763,""y"":0.346516,""visibility"":0.999053},{""index"":4,""x"":0.467042,""y"":0.334965,""visibility"":0.999253},{""index"":5,""x"":0.460346,""y"":0.33209,""visibility"":0.99929},{""index"":6,""x"":0.454621,""y"":0.329685,""visibility"":0.999271},{""index"":7,""x"":0.502516,""y"":0.356268,""visibility"":0.998844},{""index"":8,""x"":0.445765,""y"":0.337131,""visibility"":0.999356},{""index"":9,""x"":0.482745,""y"":0.384479,""visibility"":0.99967},{""index"":10,""x"":0.456256,""y"":0.378615,""visibility"":0.999753},{""index"":11,""x"":0.53932,""y"":0.497384,""visibility"":0.999683},{""index"":12,""x"":0.371022,""y"":0.478751,""visibility"":0.999777},{""index"":13,""x"":0.560474,""y"":0.679002,""visibility"":0.988403},{""index"":14,""x"":0.324729,""y"":0.656224,""visibility"":0.985663},{""index"":15,""x"":0.586935,""y"":0.818321,""visibility"":0.970521},{""index"":16,""x"":0.287621,""y"":0.804244,""visibility"":0.965185},{""index"":17,""x"":0.596097,""y"":0.869103,""visibility"":0.943243},{""index"":18,""x"":0.274199,""y"":0.854361,""visibility"":0.943971},{""index"":19,""x"":0.590097,""y"":0.867778,""visibility"":0.952397},{""index"":20,""x"":0.282863,""y"":0.859507,""visibility"":0.951323},{""index"":21,""x"":0.582467,""y"":0.84365,""visibility"":0.956553},{""index"":22,""x"":0.289364,""y"":0.840042,""visibility"":0.95388},{""index"":23,""x"":0.501282,""y"":0.839412,""visibility"":0.995882},{""index"":24,""x"":0.40738,""y"":0.836947,""visibility"":0.996378},{""index"":25,""x"":0.505748,""y"":1.070448,""visibility"":0.714429},{""index"":26,""x"":0.411017,""y"":1.070758,""visibility"":0.757615},{""index"":27,""x"":0.482687,""y"":1.267494,""visibility"":0.255715},{""index"":28,""x"":0.414684,""y"":1.271084,""visibility"":0.332636}]"
sample_0085,upper_body,2026-08-17T04:29:53.683+09:00,sample_0085_upper_body_20260817_042953_681782_rgb.jpg,sample_0085_upper_body_20260817_042953_681782_skeleton.jpg,1,0.54949,0.486796,0.999812,0.378746,0.488021,0.999753,0.503132,0.836912,0.99635,0.41225,0.8331,0.995993,"[{""index"":0,""x"":0.45442,""y"":0.340224,""visibility"":0.999711},{""index"":1,""x"":0.463013,""y"":0.315611,""visibility"":0.999584},{""index"":2,""x"":0.47025,""y"":0.315043,""visibility"":0.999602},{""index"":3,""x"":0.476167,""y"":0.314844,""visibility"":0.999556},{""index"":4,""x"":0.440668,""y"":0.318805,""visibility"":0.999522},{""index"":5,""x"":0.434248,""y"":0.320276,""visibility"":0.999514},{""index"":6,""x"":0.42915,""y"":0.322356,""visibility"":0.999454},{""index"":7,""x"":0.485253,""y"":0.32901,""visibility"":0.999561},{""index"":8,""x"":0.424289,""y"":0.338915,""visibility"":0.999605},{""index"":9,""x"":0.470688,""y"":0.363925,""visibility"":0.999829},{""index"":10,""x"":0.444237,""y"":0.367614,""visibility"":0.999829},{""index"":11,""x"":0.54949,""y"":0.486796,""visibility"":0.999812},{""index"":12,""x"":0.378746,""y"":0.488021,""visibility"":0.999753},{""index"":13,""x"":0.576581,""y"":0.663663,""visibility"":0.995735},{""index"":14,""x"":0.337292,""y"":0.660771,""visibility"":0.985718},{""index"":15,""x"":0.59311,""y"":0.815184,""visibility"":0.978508},{""index"":16,""x"":0.297336,""y"":0.81215,""visibility"":0.958847},{""index"":17,""x"":0.605243,""y"":0.872261,""visibility"":0.951323},{""index"":18,""x"":0.281095,""y"":0.858011,""visibility"":0.931836},{""index"":19,""x"":0.595995,""y"":0.872922,""visibility"":0.959154},{""index"":20,""x"":0.291719,""y"":0.86449,""visibility"":0.941223},{""index"":21,""x"":0.588325,""y"":0.850878,""visibility"":0.963575},{""index"":22,""x"":0.296836,""y"":0.845464,""visibility"":0.9462},{""index"":23,""x"":0.503132,""y"":0.836912,""visibility"":0.99635},{""index"":24,""x"":0.41225,""y"":0.8331,""visibility"":0.995993},{""index"":25,""x"":0.506485,""y"":1.063604,""visibility"":0.64791},{""index"":26,""x"":0.410973,""y"":1.065542,""visibility"":0.764012},{""index"":28,""x"":0.415719,""y"":1.263635,""visibility"":0.274254}]"
sample_0086,upper_body,2026-08-17T04:29:53.928+09:00,sample_0086_upper_body_20260817_042953_926954_rgb.jpg,sample_0086_upper_body_20260817_042953_926954_skeleton.jpg,1,0.551999,0.481728,0.999866,0.379962,0.493474,0.999745,0.509615,0.838362,0.997909,0.417104,0.838553,0.997358,"[{""index"":0,""x"":0.446128,""y"":0.318746,""visibility"":0.999826},{""index"":1,""x"":0.452979,""y"":0.297905,""visibility"":0.99976},{""index"":2,""x"":0.460719,""y"":0.297506,""visibility"":0.999773},{""index"":3,""x"":0.467274,""y"":0.297593,""visibility"":0.999755},{""index"":4,""x"":0.432927,""y"":0.303087,""visibility"":0.999713},{""index"":5,""x"":0.427572,""y"":0.305816,""visibility"":0.999706},{""index"":6,""x"":0.42297,""y"":0.309144,""visibility"":0.999665},{""index"":7,""x"":0.477573,""y"":0.315734,""visibility"":0.999745},{""index"":8,""x"":0.418838,""y"":0.332035,""visibility"":0.999757},{""index"":9,""x"":0.46558,""y"":0.344044,""visibility"":0.999881},{""index"":10,""x"":0.437765,""y"":0.350936,""visibility"":0.999859},{""index"":11,""x"":0.551999,""y"":0.481728,""visibility"":0.999866},{""index"":12,""x"":0.379962,""y"":0.493474,""visibility"":0.999745},{""index"":13,""x"":0.577893,""y"":0.661611,""visibility"":0.998058},{""index"":14,""x"":0.338975,""y"":0.66929,""visibility"":0.989909},{""index"":15,""x"":0.600254,""y"":0.815954,""visibility"":0.987424},{""index"":16,""x"":0.305101,""y"":0.825727,""visibility"":0.969266},{""index"":17,""x"":0.613962,""y"":0.871313,""visibility"":0.968081},{""index"":18,""x"":0.293901,""y"":0.874452,""visibility"":0.947478},{""index"":19,""x"":0.604679,""y"":0.872913,""visibility"":0.973695},{""index"":20,""x"":0.302608,""y"":0.877284,""visibility"":0.954647},{""index"":21,""x"":0.595588,""y"":0.85179,""visibility"":0.977926},{""index"":22,""x"":0.307223,""y"":0.858061,""visibility"":0.959913},{""index"":23,""x"":0.509615,""y"":0.838362,""visibility"":0.997909},{""index"":24,""x"":0.417104,""y"":0.838553,""visibility"":0.997358},{""index"":25,""x"":0.509522,""y"":1.07238,""visibility"":0.629091},{""index"":26,""x"":0.416152,""y"":1.081675,""visibility"":0.713232}]"
sample_0087,upper_body,2026-08-17T04:29:54.153+09:00,sample_0087_upper_body_20260817_042954_152211_rgb.jpg,sample_0087_upper_body_20260817_042954_152211_skeleton.jpg,1,0.551999,0.481728,0.999866,0.379962,0.493474,0.999745,0.509615,0.838362,0.997909,0.417104,0.838553,0.997358,"[{""index"":0,""x"":0.446128,""y"":0.318746,""visibility"":0.999826},{""index"":1,""x"":0.452979,""y"":0.297905,""visibility"":0.99976},{""index"":2,""x"":0.460719,""y"":0.297506,""visibility"":0.999773},{""index"":3,""x"":0.467274,""y"":0.297593,""visibility"":0.999755},{""index"":4,""x"":0.432927,""y"":0.303087,""visibility"":0.999713},{""index"":5,""x"":0.427572,""y"":0.305816,""visibility"":0.999706},{""index"":6,""x"":0.42297,""y"":0.309144,""visibility"":0.999665},{""index"":7,""x"":0.477573,""y"":0.315734,""visibility"":0.999745},{""index"":8,""x"":0.418838,""y"":0.332035,""visibility"":0.999757},{""index"":9,""x"":0.46558,""y"":0.344044,""visibility"":0.999881},{""index"":10,""x"":0.437765,""y"":0.350936,""visibility"":0.999859},{""index"":11,""x"":0.551999,""y"":0.481728,""visibility"":0.999866},{""index"":12,""x"":0.379962,""y"":0.493474,""visibility"":0.999745},{""index"":13,""x"":0.577893,""y"":0.661611,""visibility"":0.998058},{""index"":14,""x"":0.338975,""y"":0.66929,""visibility"":0.989909},{""index"":15,""x"":0.600254,""y"":0.815954,""visibility"":0.987424},{""index"":16,""x"":0.305101,""y"":0.825727,""visibility"":0.969266},{""index"":17,""x"":0.613962,""y"":0.871313,""visibility"":0.968081},{""index"":18,""x"":0.293901,""y"":0.874452,""visibility"":0.947478},{""index"":19,""x"":0.604679,""y"":0.872913,""visibility"":0.973695},{""index"":20,""x"":0.302608,""y"":0.877284,""visibility"":0.954647},{""index"":21,""x"":0.595588,""y"":0.85179,""visibility"":0.977926},{""index"":22,""x"":0.307223,""y"":0.858061,""visibility"":0.959913},{""index"":23,""x"":0.509615,""y"":0.838362,""visibility"":0.997909},{""index"":24,""x"":0.417104,""y"":0.838553,""visibility"":0.997358},{""index"":25,""x"":0.509522,""y"":1.07238,""visibility"":0.629091},{""index"":26,""x"":0.416152,""y"":1.081675,""visibility"":0.713232}]"
sample_0088,upper_body,2026-08-17T04:29:54.409+09:00,sample_0088_upper_body_20260817_042954_407975_rgb.jpg,sample_0088_upper_body_20260817_042954_407975_skeleton.jpg,1,0.549875,0.487531,0.999831,0.380333,0.492148,0.999755,0.508392,0.837685,0.997155,0.416811,0.83658,0.996864,"[{""index"":0,""x"":0.459407,""y"":0.331013,""visibility"":0.999785},{""index"":1,""x"":0.469094,""y"":0.30981,""visibility"":0.999692},{""index"":2,""x"":0.475936,""y"":0.310149,""visibility"":0.999702},{""index"":3,""x"":0.48163,""y"":0.310727,""visibility"":0.999678},{""index"":4,""x"":0.447774,""y"":0.311698,""visibility"":0.999655},{""index"":5,""x"":0.440935,""y"":0.31304,""visibility"":0.999654},{""index"":6,""x"":0.435314,""y"":0.314912,""visibility"":0.999616},{""index"":7,""x"":0.490665,""y"":0.328961,""visibility"":0.999659},{""index"":8,""x"":0.429393,""y"":0.333707,""visibility"":0.999704},{""index"":9,""x"":0.474956,""y"":0.356367,""visibility"":0.999843},{""index"":10,""x"":0.447978,""y"":0.359714,""visibility"":0.999842},{""index"":11,""x"":0.549875,""y"":0.487531,""visibility"":0.999831},{""index"":12,""x"":0.380333,""y"":0.492148,""visibility"":0.999755},{""index"":13,""x"":0.57722,""y"":0.664343,""visibility"":0.997957},{""index"":14,""x"":0.339854,""y"":0.66211,""visibility"":0.991084},{""index"":15,""x"":0.596407,""y"":0.815784,""visibility"":0.989347},{""index"":16,""x"":0.304627,""y"":0.816679,""visibility"":0.975155},{""index"":17,""x"":0.609972,""y"":0.872794,""visibility"":0.972519},{""index"":18,""x"":0.289829,""y"":0.864965,""visibility"":0.956472},{""index"":19,""x"":0.600483,""y"":0.873369,""visibility"":0.977197},{""index"":20,""x"":0.299262,""y"":0.869308,""visibility"":0.962532},{""index"":21,""x"":0.592698,""y"":0.851613,""visibility"":0.980356},{""index"":22,""x"":0.30451,""y"":0.849353,""visibility"":0.96622},{""index"":23,""x"":0.508392,""y"":0.837685,""visibility"":0.997155},{""index"":24,""x"":0.416811,""y"":0.83658,""visibility"":0.996864},{""index"":25,""x"":0.510785,""y"":1.071269,""visibility"":0.647798},{""index"":26,""x"":0.417526,""y"":1.082711,""visibility"":0.732592},{""index"":28,""x"":0.420935,""y"":1.29593,""visibility"":0.203549}]"
sample_0089,upper_body,2026-08-17T04:29:54.558+09:00,sample_0089_upper_body_20260817_042954_557849_rgb.jpg,sample_0089_upper_body_20260817_042954_557849_skeleton.jpg,1,0.549875,0.487531,0.999831,0.380333,0.492148,0.999755,0.508392,0.837685,0.997155,0.416811,0.83658,0.996864,"[{""index"":0,""x"":0.459407,""y"":0.331013,""visibility"":0.999785},{""index"":1,""x"":0.469094,""y"":0.30981,""visibility"":0.999692},{""index"":2,""x"":0.475936,""y"":0.310149,""visibility"":0.999702},{""index"":3,""x"":0.48163,""y"":0.310727,""visibility"":0.999678},{""index"":4,""x"":0.447774,""y"":0.311698,""visibility"":0.999655},{""index"":5,""x"":0.440935,""y"":0.31304,""visibility"":0.999654},{""index"":6,""x"":0.435314,""y"":0.314912,""visibility"":0.999616},{""index"":7,""x"":0.490665,""y"":0.328961,""visibility"":0.999659},{""index"":8,""x"":0.429393,""y"":0.333707,""visibility"":0.999704},{""index"":9,""x"":0.474956,""y"":0.356367,""visibility"":0.999843},{""index"":10,""x"":0.447978,""y"":0.359714,""visibility"":0.999842},{""index"":11,""x"":0.549875,""y"":0.487531,""visibility"":0.999831},{""index"":12,""x"":0.380333,""y"":0.492148,""visibility"":0.999755},{""index"":13,""x"":0.57722,""y"":0.664343,""visibility"":0.997957},{""index"":14,""x"":0.339854,""y"":0.66211,""visibility"":0.991084},{""index"":15,""x"":0.596407,""y"":0.815784,""visibility"":0.989347},{""index"":16,""x"":0.304627,""y"":0.816679,""visibility"":0.975155},{""index"":17,""x"":0.609972,""y"":0.872794,""visibility"":0.972519},{""index"":18,""x"":0.289829,""y"":0.864965,""visibility"":0.956472},{""index"":19,""x"":0.600483,""y"":0.873369,""visibility"":0.977197},{""index"":20,""x"":0.299262,""y"":0.869308,""visibility"":0.962532},{""index"":21,""x"":0.592698,""y"":0.851613,""visibility"":0.980356},{""index"":22,""x"":0.30451,""y"":0.849353,""visibility"":0.96622},{""index"":23,""x"":0.508392,""y"":0.837685,""visibility"":0.997155},{""index"":24,""x"":0.416811,""y"":0.83658,""visibility"":0.996864},{""index"":25,""x"":0.510785,""y"":1.071269,""visibility"":0.647798},{""index"":26,""x"":0.417526,""y"":1.082711,""visibility"":0.732592},{""index"":28,""x"":0.420935,""y"":1.29593,""visibility"":0.203549}]"
sample_0090,upper_body,2026-08-17T04:29:54.779+09:00,sample_0090_upper_body_20260817_042954_777898_rgb.jpg,sample_0090_upper_body_20260817_042954_777898_skeleton.jpg,1,0.554822,0.482293,0.999848,0.384009,0.493523,0.99972,0.508515,0.830647,0.99665,0.416176,0.828497,0.99607,"[{""index"":0,""x"":0.449176,""y"":0.32096,""visibility"":0.999861},{""index"":1,""x"":0.456653,""y"":0.300979,""visibility"":0.999807},{""index"":2,""x"":0.464613,""y"":0.300783,""visibility"":0.999819},{""index"":3,""x"":0.471663,""y"":0.300966,""visibility"":0.999803},{""index"":4,""x"":0.436502,""y"":0.305563,""visibility"":0.999775},{""index"":5,""x"":0.431431,""y"":0.308012,""visibility"":0.999771},{""index"":6,""x"":0.427375,""y"":0.31071,""visibility"":0.999735},{""index"":7,""x"":0.482379,""y"":0.317704,""visibility"":0.999815},{""index"":8,""x"":0.423498,""y"":0.333324,""visibility"":0.999812},{""index"":9,""x"":0.468173,""y"":0.345619,""visibility"":0.99991},{""index"":10,""x"":0.440591,""y"":0.352316,""visibility"":0.999893},{""index"":11,""x"":0.554822,""y"":0.482293,""visibility"":0.999848},{""index"":12,""x"":0.384009,""y"":0.493523,""visibility"":0.99972},{""index"":13,""x"":0.579601,""y"":0.657635,""visibility"":0.997603},{""index"":14,""x"":0.345489,""y"":0.658934,""visibility"":0.9879},{""index"":15,""x"":0.598687,""y"":0.810813,""visibility"":0.984516},{""index"":16,""x"":0.307254,""y"":0.811065,""visibility"":0.961171},{""index"":17,""x"":0.612069,""y"":0.870233,""visibility"":0.961893},{""index"":18,""x"":0.294305,""y"":0.859418,""visibility"":0.936518},{""index"":19,""x"":0.6042,""y"":0.874117,""visibility"":0.968974},{""index"":20,""x"":0.301918,""y"":0.862701,""visibility"":0.945701},{""index"":21,""x"":0.596581,""y"":0.853667,""visibility"":0.973241},{""index"":22,""x"":0.307174,""y"":0.843284,""visibility"":0.951774},{""index"":23,""x"":0.508515,""y"":0.830647,""visibility"":0.99665},{""index"":24,""x"":0.416176,""y"":0.828497,""visibility"":0.99607},{""index"":25,""x"":0.511663,""y"":1.061971,""visibility"":0.633524},{""index"":26,""x"":0.414995,""y"":1.078093,""visibility"":0.730482}]"
sample_0091,upper_body,2026-08-17T04:29:54.983+09:00,sample_0091_upper_body_20260817_042954_982407_rgb.jpg,sample_0091_upper_body_20260817_042954_982407_skeleton.jpg,1,0.552824,0.480058,0.999908,0.386143,0.495159,0.999834,0.508095,0.833558,0.999597,0.416196,0.823308,0.999516,"[{""index"":0,""x"":0.433764,""y"":0.325049,""visibility"":0.999939},{""index"":1,""x"":0.441967,""y"":0.304229,""visibility"":0.999926},{""index"":2,""x"":0.450923,""y"":0.303338,""visibility"":0.999927},{""index"":3,""x"":0.459744,""y"":0.302891,""visibility"":0.99992},{""index"":4,""x"":0.425406,""y"":0.309397,""visibility"":0.999912},{""index"":5,""x"":0.421981,""y"":0.31151,""visibility"":0.999907},{""index"":6,""x"":0.418506,""y"":0.313865,""visibility"":0.999886},{""index"":7,""x"":0.475597,""y"":0.318967,""visibility"":0.999928},{""index"":8,""x"":0.41729,""y"":0.335374,""visibility"":0.999923},{""index"":9,""x"":0.455264,""y"":0.351701,""visibility"":0.999955},{""index"":10,""x"":0.430102,""y"":0.356085,""visibility"":0.999946},{""index"":11,""x"":0.552824,""y"":0.480058,""visibility"":0.999908},{""index"":12,""x"":0.386143,""y"":0.495159,""visibility"":0.999834},{""index"":13,""x"":0.583098,""y"":0.660258,""visibility"":0.999516},{""index"":14,""x"":0.343773,""y"":0.658377,""visibility"":0.992481},{""index"":15,""x"":0.602636,""y"":0.814924,""visibility"":0.997368},{""index"":16,""x"":0.299426,""y"":0.775963,""visibility"":0.986363},{""index"":17,""x"":0.613313,""y"":0.866212,""visibility"":0.992031},{""index"":18,""x"":0.276021,""y"":0.816536,""visibility"":0.977414},{""index"":19,""x"":0.604646,""y"":0.866627,""visibility"":0.993069},{""index"":20,""x"":0.281869,""y"":0.81723,""visibility"":0.979707},{""index"":21,""x"":0.597171,""y"":0.848979,""visibility"":0.994423},{""index"":22,""x"":0.290432,""y"":0.804322,""visibility"":0.983597},{""index"":23,""x"":0.508095,""y"":0.833558,""visibility"":0.999597},{""index"":24,""x"":0.416196,""y"":0.823308,""visibility"":0.999516},{""index"":25,""x"":0.509231,""y"":1.05852,""visibility"":0.717606},{""index"":26,""x"":0.412001,""y"":1.059412,""visibility"":0.78016}]"
sample_0092,upper_body,2026-08-17T04:29:55.211+09:00,sample_0092_upper_body_20260817_042955_209780_rgb.jpg,sample_0092_upper_body_20260817_042955_209780_skeleton.jpg,1,0.556738,0.482758,0.999875,0.388781,0.488354,0.999853,0.507531,0.833718,0.999466,0.414299,0.823886,0.999371,"[{""index"":0,""x"":0.446401,""y"":0.331775,""visibility"":0.999971},{""index"":1,""x"":0.455314,""y"":0.309662,""visibility"":0.999965},{""index"":2,""x"":0.464126,""y"":0.309136,""visibility"":0.999964},{""index"":3,""x"":0.47161,""y"":0.309049,""visibility"":0.99996},{""index"":4,""x"":0.435162,""y"":0.313873,""visibility"":0.99996},{""index"":5,""x"":0.430623,""y"":0.316128,""visibility"":0.999957},{""index"":6,""x"":0.427091,""y"":0.318596,""visibility"":0.999949},{""index"":7,""x"":0.482909,""y"":0.323723,""visibility"":0.99996},{""index"":8,""x"":0.424134,""y"":0.337207,""visibility"":0.999967},{""index"":9,""x"":0.465932,""y"":0.355654,""visibility"":0.999974},{""index"":10,""x"":0.439302,""y"":0.360562,""visibility"":0.99997},{""index"":11,""x"":0.556738,""y"":0.482758,""visibility"":0.999875},{""index"":12,""x"":0.388781,""y"":0.488354,""visibility"":0.999853},{""index"":13,""x"":0.58291,""y"":0.661261,""visibility"":0.999416},{""index"":14,""x"":0.33866,""y"":0.640408,""visibility"":0.99427},{""index"":15,""x"":0.607336,""y"":0.81681,""visibility"":0.997144},{""index"":16,""x"":0.296248,""y"":0.748498,""visibility"":0.991015},{""index"":17,""x"":0.620417,""y"":0.869795,""visibility"":0.992154},{""index"":18,""x"":0.27894,""y"":0.785926,""visibility"":0.985158},{""index"":19,""x"":0.614079,""y"":0.870911,""visibility"":0.993307},{""index"":20,""x"":0.28738,""y"":0.782859,""visibility"":0.986363},{""index"":21,""x"":0.60831,""y"":0.854688,""visibility"":0.994739},{""index"":22,""x"":0.293187,""y"":0.771222,""visibility"":0.989347},{""index"":23,""x"":0.507531,""y"":0.833718,""visibility"":0.999466},{""index"":24,""x"":0.414299,""y"":0.823886,""visibility"":0.999371},{""index"":25,""x"":0.506242,""y"":1.049494,""visibility"":0.763484},{""index"":26,""x"":0.409489,""y"":1.062933,""visibility"":0.769427}]"
sample_0093,upper_body,2026-08-17T04:29:55.398+09:00,sample_0093_upper_body_20260817_042955_397340_rgb.jpg,sample_0093_upper_body_20260817_042955_397340_skeleton.jpg,1,0.557267,0.485938,0.999583,0.391541,0.483966,0.999512,0.502431,0.832686,0.999131,0.411341,0.824217,0.998857,"[{""index"":0,""x"":0.450376,""y"":0.330386,""visibility"":0.999919},{""index"":1,""x"":0.460793,""y"":0.307701,""visibility"":0.999894},{""index"":2,""x"":0.469372,""y"":0.30753,""visibility"":0.999887},{""index"":3,""x"":0.476155,""y"":0.307571,""visibility"":0.999883},{""index"":4,""x"":0.438828,""y"":0.31081,""visibility"":0.999885},{""index"":5,""x"":0.433695,""y"":0.312754,""visibility"":0.999879},{""index"":6,""x"":0.429899,""y"":0.314978,""visibility"":0.999861},{""index"":7,""x"":0.487032,""y"":0.323162,""visibility"":0.999888},{""index"":8,""x"":0.427094,""y"":0.332581,""visibility"":0.999898},{""index"":9,""x"":0.468397,""y"":0.354272,""visibility"":0.999924},{""index"":10,""x"":0.441424,""y"":0.358423,""visibility"":0.99991},{""index"":11,""x"":0.557267,""y"":0.485938,""visibility"":0.999583},{""index"":12,""x"":0.391541,""y"":0.483966,""visibility"":0.999512},{""index"":13,""x"":0.58297,""y"":0.662592,""visibility"":0.998332},{""index"":14,""x"":0.348003,""y"":0.615626,""visibility"":0.981453},{""index"":15,""x"":0.60404,""y"":0.820795,""visibility"":0.994531},{""index"":16,""x"":0.315832,""y"":0.703507,""visibility"":0.9799},{""index"":17,""x"":0.615573,""y"":0.87411,""visibility"":0.987759},{""index"":18,""x"":0.303656,""y"":0.734979,""visibility"":0.972099},{""index"":19,""x"":0.608403,""y"":0.874857,""visibility"":0.989013},{""index"":20,""x"":0.30881,""y"":0.727755,""visibility"":0.973795},{""index"":21,""x"":0.601302,""y"":0.857905,""visibility"":0.991015},{""index"":22,""x"":0.315987,""y"":0.720221,""visibility"":0.978672},{""index"":23,""x"":0.502431,""y"":0.832686,""visibility"":0.999131},{""index"":24,""x"":0.411341,""y"":0.824217,""visibility"":0.998857},{""index"":25,""x"":0.504735,""y"":1.057915,""visibility"":0.846324},{""index"":26,""x"":0.408127,""y"":1.070888,""visibility"":0.822617},{""index"":27,""x"":0.494001,""y"":1.265146,""visibility"":0.235284},{""index"":28,""x"":0.414979,""y"":1.259694,""visibility"":0.263599}]"
sample_0094,upper_body,2026-08-17T04:29:55.656+09:00,sample_0094_upper_body_20260817_042955_655313_rgb.jpg,sample_0094_upper_body_20260817_042955_655313_skeleton.jpg,1,0.5555,0.482952,0.99976,0.389364,0.485328,0.999793,0.505887,0.828594,0.999127,0.411327,0.823119,0.998927,"[{""index"":0,""x"":0.451238,""y"":0.329703,""visibility"":0.999978},{""index"":1,""x"":0.460775,""y"":0.307709,""visibility"":0.999971},{""index"":2,""x"":0.468633,""y"":0.307735,""visibility"":0.999969},{""index"":3,""x"":0.475085,""y"":0.308042,""visibility"":0.999966},{""index"":4,""x"":0.439118,""y"":0.310622,""visibility"":0.99997},{""index"":5,""x"":0.433543,""y"":0.312346,""visibility"":0.999968},{""index"":6,""x"":0.429119,""y"":0.31463,""visibility"":0.999963},{""index"":7,""x"":0.4867,""y"":0.324535,""visibility"":0.999965},{""index"":8,""x"":0.425744,""y"":0.33383,""visibility"":0.999974},{""index"":9,""x"":0.46902,""y"":0.354395,""visibility"":0.999974},{""index"":10,""x"":0.441906,""y"":0.358522,""visibility"":0.999972},{""index"":11,""x"":0.5555,""y"":0.482952,""visibility"":0.99976},{""index"":12,""x"":0.389364,""y"":0.485328,""visibility"":0.999793},{""index"":13,""x"":0.582522,""y"":0.669641,""visibility"":0.99919},{""index"":14,""x"":0.343819,""y"":0.61534,""visibility"":0.988755},{""index"":15,""x"":0.605006,""y"":0.818764,""visibility"":0.996557},{""index"":16,""x"":0.316052,""y"":0.703386,""visibility"":0.991907},{""index"":17,""x"":0.617099,""y"":0.872362,""visibility"":0.991456},{""index"":18,""x"":0.305036,""y"":0.732149,""visibility"":0.987993},{""index"":19,""x"":0.610717,""y"":0.874002,""visibility"":0.992906},{""index"":20,""x"":0.312756,""y"":0.722788,""visibility"":0.988447},{""index"":21,""x"":0.603402,""y"":0.858019,""visibility"":0.994225},{""index"":22,""x"":0.31914,""y"":0.714854,""visibility"":0.991118},{""index"":23,""x"":0.505887,""y"":0.828594,""visibility"":0.999127},{""index"":24,""x"":0.411327,""y"":0.823119,""visibility"":0.998927},{""index"":25,""x"":0.507002,""y"":1.047411,""visibility"":0.811527},{""index"":26,""x"":0.410203,""y"":1.060742,""visibility"":0.770637}]"
sample_0095,upper_body,2026-08-17T04:29:55.880+09:00,sample_0095_upper_body_20260817_042955_879636_rgb.jpg,sample_0095_upper_body_20260817_042955_879636_skeleton.jpg,1,0.5555,0.482952,0.99976,0.389364,0.485328,0.999793,0.505887,0.828594,0.999127,0.411327,0.823119,0.998927,"[{""index"":0,""x"":0.451238,""y"":0.329703,""visibility"":0.999978},{""index"":1,""x"":0.460775,""y"":0.307709,""visibility"":0.999971},{""index"":2,""x"":0.468633,""y"":0.307735,""visibility"":0.999969},{""index"":3,""x"":0.475085,""y"":0.308042,""visibility"":0.999966},{""index"":4,""x"":0.439118,""y"":0.310622,""visibility"":0.99997},{""index"":5,""x"":0.433543,""y"":0.312346,""visibility"":0.999968},{""index"":6,""x"":0.429119,""y"":0.31463,""visibility"":0.999963},{""index"":7,""x"":0.4867,""y"":0.324535,""visibility"":0.999965},{""index"":8,""x"":0.425744,""y"":0.33383,""visibility"":0.999974},{""index"":9,""x"":0.46902,""y"":0.354395,""visibility"":0.999974},{""index"":10,""x"":0.441906,""y"":0.358522,""visibility"":0.999972},{""index"":11,""x"":0.5555,""y"":0.482952,""visibility"":0.99976},{""index"":12,""x"":0.389364,""y"":0.485328,""visibility"":0.999793},{""index"":13,""x"":0.582522,""y"":0.669641,""visibility"":0.99919},{""index"":14,""x"":0.343819,""y"":0.61534,""visibility"":0.988755},{""index"":15,""x"":0.605006,""y"":0.818764,""visibility"":0.996557},{""index"":16,""x"":0.316052,""y"":0.703386,""visibility"":0.991907},{""index"":17,""x"":0.617099,""y"":0.872362,""visibility"":0.991456},{""index"":18,""x"":0.305036,""y"":0.732149,""visibility"":0.987993},{""index"":19,""x"":0.610717,""y"":0.874002,""visibility"":0.992906},{""index"":20,""x"":0.312756,""y"":0.722788,""visibility"":0.988447},{""index"":21,""x"":0.603402,""y"":0.858019,""visibility"":0.994225},{""index"":22,""x"":0.31914,""y"":0.714854,""visibility"":0.991118},{""index"":23,""x"":0.505887,""y"":0.828594,""visibility"":0.999127},{""index"":24,""x"":0.411327,""y"":0.823119,""visibility"":0.998927},{""index"":25,""x"":0.507002,""y"":1.047411,""visibility"":0.811527},{""index"":26,""x"":0.410203,""y"":1.060742,""visibility"":0.770637}]"
sample_0096,upper_body,2026-08-17T04:29:56.036+09:00,sample_0096_upper_body_20260817_042956_035215_rgb.jpg,sample_0096_upper_body_20260817_042956_035215_skeleton.jpg,1,0.556454,0.483404,0.999771,0.388421,0.485938,0.99985,0.508033,0.822842,0.998992,0.415585,0.814889,0.998675,"[{""index"":0,""x"":0.455624,""y"":0.328683,""visibility"":0.999987},{""index"":1,""x"":0.462983,""y"":0.307014,""visibility"":0.999982},{""index"":2,""x"":0.469456,""y"":0.307068,""visibility"":0.999979},{""index"":3,""x"":0.475176,""y"":0.307291,""visibility"":0.999976},{""index"":4,""x"":0.442865,""y"":0.309999,""visibility"":0.999982},{""index"":5,""x"":0.436293,""y"":0.311897,""visibility"":0.99998},{""index"":6,""x"":0.43091,""y"":0.314261,""visibility"":0.999977},{""index"":7,""x"":0.484716,""y"":0.32383,""visibility"":0.999979},{""index"":8,""x"":0.426078,""y"":0.333641,""visibility"":0.999985},{""index"":9,""x"":0.470854,""y"":0.352658,""visibility"":0.999982},{""index"":10,""x"":0.446359,""y"":0.357619,""visibility"":0.999984},{""index"":11,""x"":0.556454,""y"":0.483404,""visibility"":0.999771},{""index"":12,""x"":0.388421,""y"":0.485938,""visibility"":0.99985},{""index"":13,""x"":0.581955,""y"":0.658846,""visibility"":0.998352},{""index"":14,""x"":0.334088,""y"":0.634002,""visibility"":0.978052},{""index"":15,""x"":0.608144,""y"":0.810219,""visibility"":0.992683},{""index"":16,""x"":0.311071,""y"":0.660009,""visibility"":0.995817},{""index"":17,""x"":0.623117,""y"":0.865955,""visibility"":0.983534},{""index"":18,""x"":0.298367,""y"":0.67049,""visibility"":0.993879},{""index"":19,""x"":0.618275,""y"":0.868429,""visibility"":0.986879},{""index"":20,""x"":0.307888,""y"":0.657463,""visibility"":0.993436},{""index"":21,""x"":0.610215,""y"":0.850398,""visibility"":0.987853},{""index"":22,""x"":0.31405,""y"":0.652883,""visibility"":0.994531},{""index"":23,""x"":0.508033,""y"":0.822842,""visibility"":0.998992},{""index"":24,""x"":0.415585,""y"":0.814889,""visibility"":0.998675},{""index"":25,""x"":0.506946,""y"":1.038496,""visibility"":0.92164},{""index"":26,""x"":0.410041,""y"":1.038424,""visibility"":0.841305},{""index"":27,""x"":0.511616,""y"":1.247824,""visibility"":0.31384},{""index"":28,""x"":0.414822,""y"":1.23389,""visibility"":0.203866}]"
sample_0097,upper_body,2026-08-17T04:29:56.254+09:00,sample_0097_upper_body_20260817_042956_252436_rgb.jpg,sample_0097_upper_body_20260817_042956_252436_skeleton.jpg,1,0.554785,0.485642,0.999728,0.39179,0.487559,0.999826,0.508674,0.818498,0.998539,0.419122,0.806033,0.99814,"[{""index"":0,""x"":0.462003,""y"":0.338753,""visibility"":0.999986},{""index"":1,""x"":0.470315,""y"":0.315509,""visibility"":0.999977},{""index"":2,""x"":0.476773,""y"":0.315801,""visibility"":0.999974},{""index"":3,""x"":0.482406,""y"":0.316107,""visibility"":0.999969},{""index"":4,""x"":0.450342,""y"":0.317144,""visibility"":0.999979},{""index"":5,""x"":0.443715,""y"":0.318279,""visibility"":0.999977},{""index"":6,""x"":0.438254,""y"":0.319868,""visibility"":0.999973},{""index"":7,""x"":0.490615,""y"":0.330494,""visibility"":0.999976},{""index"":8,""x"":0.433016,""y"":0.335379,""visibility"":0.999982},{""index"":9,""x"":0.47608,""y"":0.361483,""visibility"":0.999982},{""index"":10,""x"":0.452063,""y"":0.364107,""visibility"":0.999984},{""index"":11,""x"":0.554785,""y"":0.485642,""visibility"":0.999728},{""index"":12,""x"":0.39179,""y"":0.487559,""visibility"":0.999826},{""index"":13,""x"":0.583622,""y"":0.668571,""visibility"":0.998731},{""index"":14,""x"":0.33045,""y"":0.626948,""visibility"":0.982823},{""index"":15,""x"":0.607575,""y"":0.815549,""visibility"":0.994225},{""index"":16,""x"":0.303912,""y"":0.633826,""visibility"":0.997155},{""index"":17,""x"":0.621516,""y"":0.868428,""visibility"":0.985718},{""index"":18,""x"":0.288559,""y"":0.639446,""visibility"":0.995514},{""index"":19,""x"":0.61537,""y"":0.870937,""visibility"":0.988447},{""index"":20,""x"":0.29825,""y"":0.627626,""visibility"":0.995076},{""index"":21,""x"":0.608834,""y"":0.852267,""visibility"":0.98914},{""index"":22,""x"":0.30522,""y"":0.626941,""visibility"":0.995514},{""index"":23,""x"":0.508674,""y"":0.818498,""visibility"":0.998539},{""index"":24,""x"":0.419122,""y"":0.806033,""visibility"":0.99814},{""index"":25,""x"":0.506659,""y"":1.030168,""visibility"":0.946001},{""index"":26,""x"":0.412472,""y"":1.027947,""visibility"":0.892563},{""index"":27,""x"":0.506766,""y"":1.228671,""visibility"":0.342572},{""index"":28,""x"":0.415956,""y"":1.21437,""visibility"":0.257765}]"
sample_0098,upper_body,2026-08-17T04:29:56.453+09:00,sample_0098_upper_body_20260817_042956_452100_rgb.jpg,sample_0098_upper_body_20260817_042956_452100_skeleton.jpg,1,0.557718,0.486438,0.99985,0.395967,0.486548,0.999868,0.505221,0.826256,0.99898,0.415566,0.816394,0.998765,"[{""index"":0,""x"":0.436929,""y"":0.348665,""visibility"":0.999983},{""index"":1,""x"":0.447824,""y"":0.325129,""visibility"":0.999978},{""index"":2,""x"":0.456552,""y"":0.325038,""visibility"":0.999975},{""index"":3,""x"":0.46558,""y"":0.325304,""visibility"":0.999973},{""index"":4,""x"":0.432719,""y"":0.326684,""visibility"":0.999976},{""index"":5,""x"":0.429787,""y"":0.327184,""visibility"":0.999973},{""index"":6,""x"":0.427198,""y"":0.327747,""visibility"":0.999968},{""index"":7,""x"":0.482097,""y"":0.337122,""visibility"":0.999981},{""index"":8,""x"":0.429842,""y"":0.339756,""visibility"":0.999978},{""index"":9,""x"":0.454804,""y"":0.369914,""visibility"":0.999981},{""index"":10,""x"":0.434143,""y"":0.371088,""visibility"":0.999978},{""index"":11,""x"":0.557718,""y"":0.486438,""visibility"":0.99985},{""index"":12,""x"":0.395967,""y"":0.486548,""visibility"":0.999868},{""index"":13,""x"":0.583484,""y"":0.667825,""visibility"":0.999518},{""index"":14,""x"":0.33078,""y"":0.621119,""visibility"":0.989223},{""index"":15,""x"":0.605402,""y"":0.816955,""visibility"":0.997876},{""index"":16,""x"":0.291301,""y"":0.630808,""visibility"":0.997166},{""index"":17,""x"":0.615848,""y"":0.867857,""visibility"":0.993562},{""index"":18,""x"":0.268693,""y"":0.627062,""visibility"":0.9953},{""index"":19,""x"":0.607874,""y"":0.868769,""visibility"":0.994552},{""index"":20,""x"":0.280046,""y"":0.618386,""visibility"":0.995056},{""index"":21,""x"":0.600709,""y"":0.85279,""visibility"":0.995056},{""index"":22,""x"":0.29216,""y"":0.618835,""visibility"":0.995601},{""index"":23,""x"":0.505221,""y"":0.826256,""visibility"":0.99898},{""index"":24,""x"":0.415566,""y"":0.816394,""visibility"":0.998765},{""index"":25,""x"":0.504282,""y"":1.050086,""visibility"":0.874721},{""index"":26,""x"":0.409891,""y"":1.049724,""visibility"":0.803328}]"
sample_0099,upper_body,2026-08-17T04:29:56.648+09:00,sample_0099_upper_body_20260817_042956_647102_rgb.jpg,sample_0099_upper_body_20260817_042956_647102_skeleton.jpg,1,0.554116,0.483512,0.999806,0.388404,0.492153,0.999835,0.506105,0.825831,0.998168,0.414898,0.818062,0.997686,"[{""index"":0,""x"":0.450003,""y"":0.355582,""visibility"":0.999976},{""index"":1,""x"":0.460202,""y"":0.329836,""visibility"":0.999967},{""index"":2,""x"":0.468482,""y"":0.329554,""visibility"":0.999961},{""index"":3,""x"":0.475108,""y"":0.329367,""visibility"":0.999957},{""index"":4,""x"":0.439703,""y"":0.332077,""visibility"":0.999966},{""index"":5,""x"":0.434872,""y"":0.332861,""visibility"":0.999963},{""index"":6,""x"":0.431134,""y"":0.333831,""visibility"":0.999957},{""index"":7,""x"":0.485076,""y"":0.339665,""visibility"":0.99997},{""index"":8,""x"":0.428622,""y"":0.344997,""visibility"":0.999969},{""index"":9,""x"":0.467108,""y"":0.374347,""visibility"":0.99997},{""index"":10,""x"":0.441887,""y"":0.376073,""visibility"":0.99997},{""index"":11,""x"":0.554116,""y"":0.483512,""visibility"":0.999806},{""index"":12,""x"":0.388404,""y"":0.492153,""visibility"":0.999835},{""index"":13,""x"":0.583123,""y"":0.66494,""visibility"":0.9987},{""index"":14,""x"":0.327667,""y"":0.631194,""visibility"":0.97801},{""index"":15,""x"":0.606805,""y"":0.812708,""visibility"":0.99438},{""index"":16,""x"":0.294833,""y"":0.610019,""visibility"":0.997368},{""index"":17,""x"":0.618074,""y"":0.864197,""visibility"":0.985552},{""index"":18,""x"":0.269817,""y"":0.59445,""visibility"":0.995946},{""index"":19,""x"":0.611347,""y"":0.864287,""visibility"":0.988085},{""index"":20,""x"":0.277928,""y"":0.578454,""visibility"":0.995479},{""index"":21,""x"":0.605854,""y"":0.848804,""visibility"":0.988268},{""index"":22,""x"":0.292523,""y"":0.580461,""visibility"":0.995652},{""index"":23,""x"":0.506105,""y"":0.825831,""visibility"":0.998168},{""index"":24,""x"":0.414898,""y"":0.818062,""visibility"":0.997686},{""index"":25,""x"":0.504443,""y"":1.038599,""visibility"":0.896795},{""index"":26,""x"":0.410561,""y"":1.038722,""visibility"":0.823186},{""index"":27,""x"":0.502073,""y"":1.245058,""visibility"":0.283881},{""index"":28,""x"":0.417857,""y"":1.242353,""visibility"":0.211417}]"
sample_0100,upper_body,2026-08-17T04:29:56.859+09:00,sample_0100_upper_body_20260817_042956_858684_rgb.jpg,sample_0100_upper_body_20260817_042956_858684_skeleton.jpg,1,0.553416,0.489748,0.999749,0.390831,0.487895,0.999782,0.502024,0.832398,0.999205,0.411373,0.822726,0.999124,"[{""index"":0,""x"":0.437899,""y"":0.347237,""visibility"":0.999945},{""index"":1,""x"":0.44982,""y"":0.325019,""visibility"":0.999917},{""index"":2,""x"":0.458793,""y"":0.3258,""visibility"":0.999904},{""index"":3,""x"":0.4679,""y"":0.327011,""visibility"":0.999897},{""index"":4,""x"":0.435263,""y"":0.324757,""visibility"":0.999917},{""index"":5,""x"":0.432522,""y"":0.324837,""visibility"":0.999915},{""index"":6,""x"":0.430203,""y"":0.324989,""visibility"":0.999905},{""index"":7,""x"":0.483655,""y"":0.340309,""visibility"":0.999928},{""index"":8,""x"":0.433577,""y"":0.336811,""visibility"":0.999935},{""index"":9,""x"":0.454549,""y"":0.371462,""visibility"":0.999951},{""index"":10,""x"":0.434057,""y"":0.370877,""visibility"":0.999949},{""index"":11,""x"":0.553416,""y"":0.489748,""visibility"":0.999749},{""index"":12,""x"":0.390831,""y"":0.487895,""visibility"":0.999782},{""index"":13,""x"":0.582666,""y"":0.668521,""visibility"":0.999425},{""index"":14,""x"":0.332525,""y"":0.637481,""visibility"":0.990624},{""index"":15,""x"":0.602436,""y"":0.8138,""visibility"":0.998081},{""index"":16,""x"":0.296806,""y"":0.64764,""visibility"":0.994719},{""index"":17,""x"":0.60924,""y"":0.86412,""visibility"":0.993879},{""index"":18,""x"":0.277012,""y"":0.647883,""visibility"":0.99098},{""index"":19,""x"":0.600791,""y"":0.862333,""visibility"":0.994203},{""index"":20,""x"":0.283773,""y"":0.636795,""visibility"":0.990732},{""index"":21,""x"":0.595713,""y"":0.845667,""visibility"":0.994959},{""index"":22,""x"":0.291917,""y"":0.636604,""visibility"":0.99098},{""index"":23,""x"":0.502024,""y"":0.832398,""visibility"":0.999205},{""index"":24,""x"":0.411373,""y"":0.822726,""visibility"":0.999124},{""index"":25,""x"":0.502336,""y"":1.048452,""visibility"":0.86293},{""index"":26,""x"":0.407607,""y"":1.048031,""visibility"":0.831964},{""index"":28,""x"":0.416288,""y"":1.261673,""visibility"":0.223377}]"
sample_0101,upper_body,2026-08-17T04:29:57.101+09:00,sample_0101_upper_body_20260817_042957_100173_rgb.jpg,sample_0101_upper_body_20260817_042957_100173_skeleton.jpg,1,0.553416,0.489748,0.999749,0.390831,0.487895,0.999782,0.502024,0.832398,0.999205,0.411373,0.822726,0.999124,"[{""index"":0,""x"":0.437899,""y"":0.347237,""visibility"":0.999945},{""index"":1,""x"":0.44982,""y"":0.325019,""visibility"":0.999917},{""index"":2,""x"":0.458793,""y"":0.3258,""visibility"":0.999904},{""index"":3,""x"":0.4679,""y"":0.327011,""visibility"":0.999897},{""index"":4,""x"":0.435263,""y"":0.324757,""visibility"":0.999917},{""index"":5,""x"":0.432522,""y"":0.324837,""visibility"":0.999915},{""index"":6,""x"":0.430203,""y"":0.324989,""visibility"":0.999905},{""index"":7,""x"":0.483655,""y"":0.340309,""visibility"":0.999928},{""index"":8,""x"":0.433577,""y"":0.336811,""visibility"":0.999935},{""index"":9,""x"":0.454549,""y"":0.371462,""visibility"":0.999951},{""index"":10,""x"":0.434057,""y"":0.370877,""visibility"":0.999949},{""index"":11,""x"":0.553416,""y"":0.489748,""visibility"":0.999749},{""index"":12,""x"":0.390831,""y"":0.487895,""visibility"":0.999782},{""index"":13,""x"":0.582666,""y"":0.668521,""visibility"":0.999425},{""index"":14,""x"":0.332525,""y"":0.637481,""visibility"":0.990624},{""index"":15,""x"":0.602436,""y"":0.8138,""visibility"":0.998081},{""index"":16,""x"":0.296806,""y"":0.64764,""visibility"":0.994719},{""index"":17,""x"":0.60924,""y"":0.86412,""visibility"":0.993879},{""index"":18,""x"":0.277012,""y"":0.647883,""visibility"":0.99098},{""index"":19,""x"":0.600791,""y"":0.862333,""visibility"":0.994203},{""index"":20,""x"":0.283773,""y"":0.636795,""visibility"":0.990732},{""index"":21,""x"":0.595713,""y"":0.845667,""visibility"":0.994959},{""index"":22,""x"":0.291917,""y"":0.636604,""visibility"":0.99098},{""index"":23,""x"":0.502024,""y"":0.832398,""visibility"":0.999205},{""index"":24,""x"":0.411373,""y"":0.822726,""visibility"":0.999124},{""index"":25,""x"":0.502336,""y"":1.048452,""visibility"":0.86293},{""index"":26,""x"":0.407607,""y"":1.048031,""visibility"":0.831964},{""index"":28,""x"":0.416288,""y"":1.261673,""visibility"":0.223377}]"
sample_0102,upper_body,2026-08-17T04:29:57.272+09:00,sample_0102_upper_body_20260817_042957_271529_rgb.jpg,sample_0102_upper_body_20260817_042957_271529_skeleton.jpg,1,0.553811,0.489377,0.999692,0.38645,0.486903,0.999803,0.502687,0.833162,0.9978,0.41039,0.821433,0.997488,"[{""index"":0,""x"":0.464042,""y"":0.349638,""visibility"":0.999966},{""index"":1,""x"":0.473495,""y"":0.324526,""visibility"":0.999952},{""index"":2,""x"":0.480075,""y"":0.324585,""visibility"":0.999945},{""index"":3,""x"":0.485598,""y"":0.324647,""visibility"":0.999939},{""index"":4,""x"":0.451915,""y"":0.325388,""visibility"":0.999957},{""index"":5,""x"":0.445222,""y"":0.326083,""visibility"":0.999955},{""index"":6,""x"":0.439725,""y"":0.327146,""visibility"":0.999951},{""index"":7,""x"":0.492448,""y"":0.336925,""visibility"":0.999946},{""index"":8,""x"":0.433952,""y"":0.340356,""visibility"":0.999964},{""index"":9,""x"":0.478315,""y"":0.370515,""visibility"":0.999962},{""index"":10,""x"":0.45287,""y"":0.371752,""visibility"":0.999967},{""index"":11,""x"":0.553811,""y"":0.489377,""visibility"":0.999692},{""index"":12,""x"":0.38645,""y"":0.486903,""visibility"":0.999803},{""index"":13,""x"":0.57829,""y"":0.669817,""visibility"":0.995898},{""index"":14,""x"":0.338413,""y"":0.643389,""visibility"":0.96796},{""index"":15,""x"":0.598946,""y"":0.813174,""visibility"":0.983847},{""index"":16,""x"":0.313663,""y"":0.665943,""visibility"":0.98987},{""index"":17,""x"":0.605164,""y"":0.865716,""visibility"":0.968201},{""index"":18,""x"":0.299805,""y"":0.67356,""visibility"":0.986098},{""index"":19,""x"":0.596361,""y"":0.865198,""visibility"":0.97419},{""index"":20,""x"":0.304542,""y"":0.661687,""visibility"":0.985773},{""index"":21,""x"":0.591637,""y"":0.849122,""visibility"":0.97553},{""index"":22,""x"":0.310822,""y"":0.65823,""visibility"":0.987375},{""index"":23,""x"":0.502687,""y"":0.833162,""visibility"":0.9978},{""index"":24,""x"":0.41039,""y"":0.821433,""visibility"":0.997488},{""index"":25,""x"":0.503262,""y"":1.047776,""visibility"":0.834542},{""index"":26,""x"":0.407709,""y"":1.06336,""visibility"":0.765769},{""index"":27,""x"":0.490443,""y"":1.252699,""visibility"":0.255158},{""index"":28,""x"":0.414511,""y"":1.251402,""visibility"":0.219337}]"
sample_0103,upper_body,2026-08-17T04:29:57.489+09:00,sample_0103_upper_body_20260817_042957_488536_rgb.jpg,sample_0103_upper_body_20260817_042957_488536_skeleton.jpg,1,0.551361,0.488583,0.999702,0.388303,0.488719,0.999787,0.502791,0.829929,0.997122,0.411754,0.819775,0.996557,"[{""index"":0,""x"":0.459351,""y"":0.350178,""visibility"":0.999965},{""index"":1,""x"":0.468895,""y"":0.324602,""visibility"":0.999949},{""index"":2,""x"":0.47601,""y"":0.324564,""visibility"":0.999942},{""index"":3,""x"":0.481778,""y"":0.324597,""visibility"":0.999936},{""index"":4,""x"":0.447163,""y"":0.326356,""visibility"":0.999952},{""index"":5,""x"":0.441029,""y"":0.327358,""visibility"":0.99995},{""index"":6,""x"":0.436118,""y"":0.328689,""visibility"":0.999944},{""index"":7,""x"":0.489881,""y"":0.336198,""visibility"":0.999941},{""index"":8,""x"":0.431933,""y"":0.341282,""visibility"":0.999958},{""index"":9,""x"":0.47512,""y"":0.371214,""visibility"":0.999957},{""index"":10,""x"":0.449158,""y"":0.372646,""visibility"":0.999962},{""index"":11,""x"":0.551361,""y"":0.488583,""visibility"":0.999702},{""index"":12,""x"":0.388303,""y"":0.488719,""visibility"":0.999787},{""index"":13,""x"":0.579683,""y"":0.667491,""visibility"":0.997122},{""index"":14,""x"":0.336406,""y"":0.640858,""visibility"":0.965512},{""index"":15,""x"":0.595642,""y"":0.819837,""visibility"":0.98544},{""index"":16,""x"":0.306945,""y"":0.667243,""visibility"":0.988712},{""index"":17,""x"":0.602738,""y"":0.867077,""visibility"":0.969613},{""index"":18,""x"":0.291507,""y"":0.682496,""visibility"":0.984276},{""index"":19,""x"":0.592681,""y"":0.866827,""visibility"":0.97567},{""index"":20,""x"":0.300276,""y"":0.667424,""visibility"":0.984032},{""index"":21,""x"":0.586981,""y"":0.85187,""visibility"":0.977284},{""index"":22,""x"":0.305685,""y"":0.663338,""visibility"":0.985936},{""index"":23,""x"":0.502791,""y"":0.829929,""visibility"":0.997122},{""index"":24,""x"":0.411754,""y"":0.819775,""visibility"":0.996557},{""index"":25,""x"":0.49922,""y"":1.042518,""visibility"":0.851212},{""index"":26,""x"":0.405443,""y"":1.055236,""visibility"":0.76454},{""index"":27,""x"":0.486293,""y"":1.243862,""visibility"":0.27513},{""index"":28,""x"":0.408241,""y"":1.237846,""visibility"":0.226612}]"
sample_0104,upper_body,2026-08-17T04:29:57.698+09:00,sample_0104_upper_body_20260817_042957_696942_rgb.jpg,sample_0104_upper_body_20260817_042957_696942_skeleton.jpg,1,0.547518,0.482113,0.999894,0.386608,0.48699,0.999908,0.501808,0.8266,0.998716,0.412074,0.818103,0.998326,"[{""index"":0,""x"":0.442827,""y"":0.34092,""visibility"":0.999989},{""index"":1,""x"":0.453455,""y"":0.319646,""visibility"":0.999984},{""index"":2,""x"":0.462185,""y"":0.319936,""visibility"":0.999983},{""index"":3,""x"":0.46967,""y"":0.320271,""visibility"":0.999981},{""index"":4,""x"":0.43446,""y"":0.320667,""visibility"":0.999984},{""index"":5,""x"":0.430295,""y"":0.321624,""visibility"":0.999983},{""index"":6,""x"":0.427029,""y"":0.32264,""visibility"":0.99998},{""index"":7,""x"":0.480825,""y"":0.333208,""visibility"":0.999986},{""index"":8,""x"":0.42532,""y"":0.336712,""visibility"":0.999986},{""index"":9,""x"":0.460191,""y"":0.36462,""visibility"":0.999987},{""index"":10,""x"":0.436059,""y"":0.365885,""visibility"":0.999987},{""index"":11,""x"":0.547518,""y"":0.482113,""visibility"":0.999894},{""index"":12,""x"":0.386608,""y"":0.48699,""visibility"":0.999908},{""index"":13,""x"":0.572033,""y"":0.662176,""visibility"":0.999398},{""index"":14,""x"":0.334074,""y"":0.627078,""visibility"":0.986468},{""index"":15,""x"":0.591671,""y"":0.813906,""visibility"":0.996264},{""index"":16,""x"":0.29296,""y"":0.651855,""visibility"":0.996448},{""index"":17,""x"":0.599073,""y"":0.863318,""visibility"":0.98983},{""index"":18,""x"":0.266641,""y"":0.661449,""visibility"":0.99451},{""index"":19,""x"":0.588919,""y"":0.862194,""visibility"":0.992093},{""index"":20,""x"":0.273119,""y"":0.643326,""visibility"":0.99438},{""index"":21,""x"":0.5835,""y"":0.847749,""visibility"":0.992539},{""index"":22,""x"":0.283208,""y"":0.643549,""visibility"":0.995245},{""index"":23,""x"":0.501808,""y"":0.8266,""visibility"":0.998716},{""index"":24,""x"":0.412074,""y"":0.818103,""visibility"":0.998326},{""index"":25,""x"":0.501136,""y"":1.04036,""visibility"":0.89275},{""index"":26,""x"":0.406685,""y"":1.048669,""visibility"":0.824321},{""index"":27,""x"":0.496552,""y"":1.258702,""visibility"":0.255901},{""index"":28,""x"":0.413294,""y"":1.252685,""visibility"":0.209146}]"
sample_0105,upper_body,2026-08-17T04:29:57.890+09:00,sample_0105_upper_body_20260817_042957_889803_rgb.jpg,sample_0105_upper_body_20260817_042957_889803_skeleton.jpg,1,0.546439,0.47809,0.9998,0.38198,0.487894,0.999833,0.502857,0.828218,0.998427,0.410394,0.819956,0.997965,"[{""index"":0,""x"":0.461172,""y"":0.336894,""visibility"":0.99997},{""index"":1,""x"":0.467035,""y"":0.313039,""visibility"":0.999955},{""index"":2,""x"":0.47249,""y"":0.312784,""visibility"":0.999947},{""index"":3,""x"":0.477559,""y"":0.312621,""visibility"":0.999944},{""index"":4,""x"":0.447147,""y"":0.316069,""visibility"":0.999958},{""index"":5,""x"":0.439838,""y"":0.317819,""visibility"":0.999954},{""index"":6,""x"":0.433241,""y"":0.320102,""visibility"":0.99995},{""index"":7,""x"":0.484196,""y"":0.326631,""visibility"":0.999957},{""index"":8,""x"":0.42582,""y"":0.337035,""visibility"":0.999959},{""index"":9,""x"":0.473471,""y"":0.359527,""visibility"":0.999963},{""index"":10,""x"":0.449545,""y"":0.364418,""visibility"":0.999965},{""index"":11,""x"":0.546439,""y"":0.47809,""visibility"":0.9998},{""index"":12,""x"":0.38198,""y"":0.487894,""visibility"":0.999833},{""index"":13,""x"":0.572167,""y"":0.665541,""visibility"":0.997826},{""index"":14,""x"":0.326653,""y"":0.631001,""visibility"":0.972152},{""index"":15,""x"":0.588808,""y"":0.814381,""visibility"":0.99251},{""index"":16,""x"":0.280291,""y"":0.627295,""visibility"":0.99585},{""index"":17,""x"":0.59779,""y"":0.865209,""visibility"":0.983214},{""index"":18,""x"":0.25115,""y"":0.613163,""visibility"":0.993926},{""index"":19,""x"":0.58703,""y"":0.863745,""visibility"":0.986151},{""index"":20,""x"":0.258756,""y"":0.600481,""visibility"":0.993562},{""index"":21,""x"":0.580982,""y"":0.846301,""visibility"":0.986623},{""index"":22,""x"":0.26955,""y"":0.605293,""visibility"":0.993807},{""index"":23,""x"":0.502857,""y"":0.828218,""visibility"":0.998427},{""index"":24,""x"":0.410394,""y"":0.819956,""visibility"":0.997965},{""index"":25,""x"":0.500676,""y"":1.04458,""visibility"":0.875681},{""index"":26,""x"":0.404902,""y"":1.060631,""visibility"":0.80271},{""index"":27,""x"":0.489477,""y"":1.229486,""visibility"":0.29209},{""index"":28,""x"":0.408158,""y"":1.244333,""visibility"":0.261142}]"
sample_0106,upper_body,2026-08-17T04:29:58.097+09:00,sample_0106_upper_body_20260817_042958_096882_rgb.jpg,sample_0106_upper_body_20260817_042958_096882_skeleton.jpg,1,0.544485,0.47889,0.99976,0.38134,0.490095,0.999813,0.499569,0.829016,0.997613,0.406724,0.820772,0.997188,"[{""index"":0,""x"":0.443918,""y"":0.349389,""visibility"":0.999969},{""index"":1,""x"":0.454191,""y"":0.324155,""visibility"":0.999952},{""index"":2,""x"":0.46251,""y"":0.323818,""visibility"":0.999945},{""index"":3,""x"":0.469195,""y"":0.323738,""visibility"":0.99994},{""index"":4,""x"":0.433319,""y"":0.326871,""visibility"":0.999955},{""index"":5,""x"":0.4283,""y"":0.327981,""visibility"":0.999951},{""index"":6,""x"":0.424551,""y"":0.329052,""visibility"":0.999946},{""index"":7,""x"":0.479494,""y"":0.334894,""visibility"":0.999957},{""index"":8,""x"":0.421725,""y"":0.340941,""visibility"":0.999957},{""index"":9,""x"":0.461609,""y"":0.369722,""visibility"":0.999961},{""index"":10,""x"":0.435632,""y"":0.372105,""visibility"":0.999962},{""index"":11,""x"":0.544485,""y"":0.47889,""visibility"":0.99976},{""index"":12,""x"":0.38134,""y"":0.490095,""visibility"":0.999813},{""index"":13,""x"":0.571083,""y"":0.668342,""visibility"":0.99811},{""index"":14,""x"":0.317092,""y"":0.633022,""visibility"":0.976669},{""index"":15,""x"":0.591165,""y"":0.821483,""visibility"":0.992062},{""index"":16,""x"":0.269695,""y"":0.621338,""visibility"":0.9953},{""index"":17,""x"":0.600132,""y"":0.869302,""visibility"":0.981311},{""index"":18,""x"":0.241542,""y"":0.607089,""visibility"":0.992795},{""index"":19,""x"":0.590465,""y"":0.868487,""visibility"":0.984396},{""index"":20,""x"":0.247096,""y"":0.590776,""visibility"":0.992393},{""index"":21,""x"":0.58386,""y"":0.855378,""visibility"":0.985043},{""index"":22,""x"":0.257844,""y"":0.595788,""visibility"":0.992539},{""index"":23,""x"":0.499569,""y"":0.829016,""visibility"":0.997613},{""index"":24,""x"":0.406724,""y"":0.820772,""visibility"":0.997188},{""index"":25,""x"":0.498359,""y"":1.043232,""visibility"":0.859428},{""index"":26,""x"":0.404922,""y"":1.060639,""visibility"":0.785966},{""index"":27,""x"":0.494422,""y"":1.228105,""visibility"":0.257205},{""index"":28,""x"":0.411973,""y"":1.242565,""visibility"":0.2304}]"
sample_0107,upper_body,2026-08-17T04:29:58.328+09:00,sample_0107_upper_body_20260817_042958_327579_rgb.jpg,sample_0107_upper_body_20260817_042958_327579_skeleton.jpg,1,0.544485,0.47889,0.99976,0.38134,0.490095,0.999813,0.499569,0.829016,0.997613,0.406724,0.820772,0.997188,"[{""index"":0,""x"":0.443918,""y"":0.349389,""visibility"":0.999969},{""index"":1,""x"":0.454191,""y"":0.324155,""visibility"":0.999952},{""index"":2,""x"":0.46251,""y"":0.323818,""visibility"":0.999945},{""index"":3,""x"":0.469195,""y"":0.323738,""visibility"":0.99994},{""index"":4,""x"":0.433319,""y"":0.326871,""visibility"":0.999955},{""index"":5,""x"":0.4283,""y"":0.327981,""visibility"":0.999951},{""index"":6,""x"":0.424551,""y"":0.329052,""visibility"":0.999946},{""index"":7,""x"":0.479494,""y"":0.334894,""visibility"":0.999957},{""index"":8,""x"":0.421725,""y"":0.340941,""visibility"":0.999957},{""index"":9,""x"":0.461609,""y"":0.369722,""visibility"":0.999961},{""index"":10,""x"":0.435632,""y"":0.372105,""visibility"":0.999962},{""index"":11,""x"":0.544485,""y"":0.47889,""visibility"":0.99976},{""index"":12,""x"":0.38134,""y"":0.490095,""visibility"":0.999813},{""index"":13,""x"":0.571083,""y"":0.668342,""visibility"":0.99811},{""index"":14,""x"":0.317092,""y"":0.633022,""visibility"":0.976669},{""index"":15,""x"":0.591165,""y"":0.821483,""visibility"":0.992062},{""index"":16,""x"":0.269695,""y"":0.621338,""visibility"":0.9953},{""index"":17,""x"":0.600132,""y"":0.869302,""visibility"":0.981311},{""index"":18,""x"":0.241542,""y"":0.607089,""visibility"":0.992795},{""index"":19,""x"":0.590465,""y"":0.868487,""visibility"":0.984396},{""index"":20,""x"":0.247096,""y"":0.590776,""visibility"":0.992393},{""index"":21,""x"":0.58386,""y"":0.855378,""visibility"":0.985043},{""index"":22,""x"":0.257844,""y"":0.595788,""visibility"":0.992539},{""index"":23,""x"":0.499569,""y"":0.829016,""visibility"":0.997613},{""index"":24,""x"":0.406724,""y"":0.820772,""visibility"":0.997188},{""index"":25,""x"":0.498359,""y"":1.043232,""visibility"":0.859428},{""index"":26,""x"":0.404922,""y"":1.060639,""visibility"":0.785966},{""index"":27,""x"":0.494422,""y"":1.228105,""visibility"":0.257205},{""index"":28,""x"":0.411973,""y"":1.242565,""visibility"":0.2304}]"
sample_0108,upper_body,2026-08-17T04:29:58.444+09:00,sample_0108_upper_body_20260817_042958_442766_rgb.jpg,sample_0108_upper_body_20260817_042958_442766_skeleton.jpg,1,0.540242,0.480961,0.999564,0.37799,0.495569,0.999728,0.498714,0.829731,0.995549,0.406165,0.823605,0.995462,"[{""index"":0,""x"":0.456419,""y"":0.370578,""visibility"":0.999913},{""index"":1,""x"":0.462283,""y"":0.343461,""visibility"":0.999861},{""index"":2,""x"":0.467773,""y"":0.341671,""visibility"":0.999833},{""index"":3,""x"":0.472817,""y"":0.340079,""visibility"":0.999819},{""index"":4,""x"":0.442235,""y"":0.346564,""visibility"":0.999873},{""index"":5,""x"":0.434774,""y"":0.346839,""visibility"":0.999868},{""index"":6,""x"":0.428424,""y"":0.347496,""visibility"":0.999859},{""index"":7,""x"":0.478381,""y"":0.346486,""visibility"":0.99987},{""index"":8,""x"":0.421178,""y"":0.358018,""visibility"":0.999882},{""index"":9,""x"":0.46895,""y"":0.387524,""visibility"":0.999892},{""index"":10,""x"":0.446247,""y"":0.39071,""visibility"":0.9999},{""index"":11,""x"":0.540242,""y"":0.480961,""visibility"":0.999564},{""index"":12,""x"":0.37799,""y"":0.495569,""visibility"":0.999728},{""index"":13,""x"":0.568513,""y"":0.659669,""visibility"":0.996434},{""index"":14,""x"":0.306125,""y"":0.625836,""visibility"":0.9775},{""index"":15,""x"":0.589889,""y"":0.814734,""visibility"":0.987616},{""index"":16,""x"":0.276331,""y"":0.58852,""visibility"":0.994636},{""index"":17,""x"":0.598925,""y"":0.87014,""visibility"":0.971886},{""index"":18,""x"":0.253495,""y"":0.566914,""visibility"":0.991322},{""index"":19,""x"":0.590301,""y"":0.869786,""visibility"":0.975155},{""index"":20,""x"":0.261148,""y"":0.550201,""visibility"":0.990624},{""index"":21,""x"":0.58406,""y"":0.853201,""visibility"":0.976625},{""index"":22,""x"":0.272415,""y"":0.561048,""visibility"":0.990064},{""index"":23,""x"":0.498714,""y"":0.829731,""visibility"":0.995549},{""index"":24,""x"":0.406165,""y"":0.823605,""visibility"":0.995462},{""index"":25,""x"":0.497377,""y"":1.041813,""visibility"":0.801315},{""index"":26,""x"":0.405886,""y"":1.053113,""visibility"":0.736969},{""index"":27,""x"":0.490375,""y"":1.234819,""visibility"":0.238107},{""index"":28,""x"":0.413424,""y"":1.238051,""visibility"":0.238994}]"
sample_0109,upper_body,2026-08-17T04:29:58.613+09:00,sample_0109_upper_body_20260817_042958_612168_rgb.jpg,sample_0109_upper_body_20260817_042958_612168_skeleton.jpg,1,0.535441,0.483296,0.999724,0.372606,0.498597,0.999777,0.498612,0.831589,0.996039,0.406226,0.825012,0.99585,"[{""index"":0,""x"":0.452564,""y"":0.363345,""visibility"":0.99995},{""index"":1,""x"":0.460842,""y"":0.335731,""visibility"":0.99992},{""index"":2,""x"":0.466845,""y"":0.335317,""visibility"":0.999902},{""index"":3,""x"":0.471938,""y"":0.334762,""visibility"":0.999894},{""index"":4,""x"":0.439439,""y"":0.336862,""visibility"":0.99993},{""index"":5,""x"":0.432422,""y"":0.337247,""visibility"":0.999926},{""index"":6,""x"":0.426764,""y"":0.338277,""visibility"":0.999923},{""index"":7,""x"":0.478854,""y"":0.344426,""visibility"":0.999932},{""index"":8,""x"":0.420682,""y"":0.350764,""visibility"":0.999938},{""index"":9,""x"":0.465772,""y"":0.38337,""visibility"":0.999941},{""index"":10,""x"":0.440996,""y"":0.38446,""visibility"":0.999949},{""index"":11,""x"":0.535441,""y"":0.483296,""visibility"":0.999724},{""index"":12,""x"":0.372606,""y"":0.498597,""visibility"":0.999777},{""index"":13,""x"":0.567686,""y"":0.66402,""visibility"":0.99802},{""index"":14,""x"":0.298348,""y"":0.63772,""visibility"":0.97826},{""index"":15,""x"":0.586545,""y"":0.817523,""visibility"":0.990366},{""index"":16,""x"":0.275115,""y"":0.554673,""visibility"":0.99665},{""index"":17,""x"":0.596352,""y"":0.864389,""visibility"":0.97506},{""index"":18,""x"":0.255526,""y"":0.529017,""visibility"":0.994423},{""index"":19,""x"":0.588613,""y"":0.864467,""visibility"":0.978135},{""index"":20,""x"":0.266553,""y"":0.501666,""visibility"":0.993562},{""index"":21,""x"":0.582187,""y"":0.849606,""visibility"":0.978753},{""index"":22,""x"":0.275766,""y"":0.50853,""visibility"":0.993042},{""index"":23,""x"":0.498612,""y"":0.831589,""visibility"":0.996039},{""index"":24,""x"":0.406226,""y"":0.825012,""visibility"":0.99585},{""index"":25,""x"":0.499858,""y"":1.041705,""visibility"":0.85561},{""index"":26,""x"":0.411306,""y"":1.053503,""visibility"":0.797557},{""index"":27,""x"":0.492665,""y"":1.233056,""visibility"":0.267026},{""index"":28,""x"":0.417685,""y"":1.240931,""visibility"":0.262842}]"
sample_0110,upper_body,2026-08-17T04:29:58.838+09:00,sample_0110_upper_body_20260817_042958_837274_rgb.jpg,sample_0110_upper_body_20260817_042958_837274_skeleton.jpg,1,0.534807,0.475654,0.999667,0.368921,0.491029,0.999722,0.494354,0.832575,0.997077,0.399664,0.827049,0.996689,"[{""index"":0,""x"":0.452983,""y"":0.335776,""visibility"":0.999926},{""index"":1,""x"":0.461367,""y"":0.312044,""visibility"":0.999871},{""index"":2,""x"":0.4676,""y"":0.312476,""visibility"":0.999842},{""index"":3,""x"":0.473004,""y"":0.313126,""visibility"":0.999835},{""index"":4,""x"":0.440364,""y"":0.313272,""visibility"":0.999892},{""index"":5,""x"":0.433091,""y"":0.314382,""visibility"":0.99989},{""index"":6,""x"":0.427031,""y"":0.316064,""visibility"":0.999886},{""index"":7,""x"":0.479648,""y"":0.328953,""visibility"":0.999879},{""index"":8,""x"":0.419718,""y"":0.332187,""visibility"":0.999894},{""index"":9,""x"":0.465948,""y"":0.359104,""visibility"":0.999914},{""index"":10,""x"":0.439979,""y"":0.361643,""visibility"":0.999925},{""index"":11,""x"":0.534807,""y"":0.475654,""visibility"":0.999667},{""index"":12,""x"":0.368921,""y"":0.491029,""visibility"":0.999722},{""index"":13,""x"":0.555835,""y"":0.662043,""visibility"":0.997949},{""index"":14,""x"":0.309101,""y"":0.651587,""visibility"":0.979977},{""index"":15,""x"":0.580832,""y"":0.816285,""visibility"":0.993359},{""index"":16,""x"":0.283516,""y"":0.571716,""visibility"":0.995479},{""index"":17,""x"":0.592582,""y"":0.867559,""visibility"":0.98347},{""index"":18,""x"":0.262139,""y"":0.539837,""visibility"":0.99251},{""index"":19,""x"":0.584413,""y"":0.867031,""visibility"":0.984869},{""index"":20,""x"":0.269123,""y"":0.515827,""visibility"":0.991684},{""index"":21,""x"":0.576237,""y"":0.850577,""visibility"":0.985882},{""index"":22,""x"":0.278248,""y"":0.530918,""visibility"":0.990551},{""index"":23,""x"":0.494354,""y"":0.832575,""visibility"":0.997077},{""index"":24,""x"":0.399664,""y"":0.827049,""visibility"":0.996689},{""index"":25,""x"":0.497471,""y"":1.052734,""visibility"":0.837487},{""index"":26,""x"":0.408728,""y"":1.064417,""visibility"":0.799129},{""index"":27,""x"":0.491044,""y"":1.259056,""visibility"":0.254416},{""index"":28,""x"":0.416474,""y"":1.263226,""visibility"":0.298696}]"
sample_0111,full_body,2026-08-17T04:30:05.480+09:00,sample_0111_full_body_20260817_043005_478114_rgb.jpg,sample_0111_full_body_20260817_043005_478114_skeleton.jpg,1,0.513172,0.508025,0.999549,0.399752,0.505904,0.999495,0.490023,0.720843,0.997792,0.427098,0.720356,0.997199,"[{""index"":0,""x"":0.467839,""y"":0.411282,""visibility"":0.999924},{""index"":1,""x"":0.473178,""y"":0.393729,""visibility"":0.999842},{""index"":2,""x"":0.476786,""y"":0.393871,""visibility"":0.999793},{""index"":3,""x"":0.480131,""y"":0.394215,""visibility"":0.999771},{""index"":4,""x"":0.460215,""y"":0.393703,""visibility"":0.999867},{""index"":5,""x"":0.454603,""y"":0.393692,""visibility"":0.999853},{""index"":6,""x"":0.449856,""y"":0.394028,""visibility"":0.999842},{""index"":7,""x"":0.481586,""y"":0.403075,""visibility"":0.999825},{""index"":8,""x"":0.442136,""y"":0.402938,""visibility"":0.999871},{""index"":9,""x"":0.47399,""y"":0.426105,""visibility"":0.999948},{""index"":10,""x"":0.458726,""y"":0.424957,""visibility"":0.999958},{""index"":11,""x"":0.513172,""y"":0.508025,""visibility"":0.999549},{""index"":12,""x"":0.399752,""y"":0.505904,""visibility"":0.999495},{""index"":13,""x"":0.538533,""y"":0.617159,""visibility"":0.959762},{""index"":14,""x"":0.362241,""y"":0.621392,""visibility"":0.964389},{""index"":15,""x"":0.570126,""y"":0.676007,""visibility"":0.955486},{""index"":16,""x"":0.344363,""y"":0.558038,""visibility"":0.982889},{""index"":17,""x"":0.584785,""y"":0.695151,""visibility"":0.933552},{""index"":18,""x"":0.335948,""y"":0.543353,""visibility"":0.972571},{""index"":19,""x"":0.580892,""y"":0.694449,""visibility"":0.936749},{""index"":20,""x"":0.342255,""y"":0.529865,""visibility"":0.970688},{""index"":21,""x"":0.57377,""y"":0.687745,""visibility"":0.928668},{""index"":22,""x"":0.348561,""y"":0.535113,""visibility"":0.958148},{""index"":23,""x"":0.490023,""y"":0.720843,""visibility"":0.997792},{""index"":24,""x"":0.427098,""y"":0.720356,""visibility"":0.997199},{""index"":25,""x"":0.492112,""y"":0.894239,""visibility"":0.949669},{""index"":26,""x"":0.431496,""y"":0.8877,""visibility"":0.929055},{""index"":27,""x"":0.486246,""y"":1.000323,""visibility"":0.813609},{""index"":28,""x"":0.433576,""y"":1.0021,""visibility"":0.776453},{""index"":29,""x"":0.482869,""y"":1.021184,""visibility"":0.528031},{""index"":30,""x"":0.436215,""y"":1.01282,""visibility"":0.422147},{""index"":31,""x"":0.484584,""y"":1.071542,""visibility"":0.731826},{""index"":32,""x"":0.436423,""y"":1.068962,""visibility"":0.663015}]"
sample_0112,full_body,2026-08-17T04:30:05.701+09:00,sample_0112_full_body_20260817_043005_700129_rgb.jpg,sample_0112_full_body_20260817_043005_700129_skeleton.jpg,1,0.515357,0.500396,0.999423,0.402798,0.509359,0.999161,0.488856,0.715765,0.994043,0.427477,0.713256,0.990768,"[{""index"":0,""x"":0.444756,""y"":0.408926,""visibility"":0.999788},{""index"":1,""x"":0.452465,""y"":0.393079,""visibility"":0.999574},{""index"":2,""x"":0.457862,""y"":0.39317,""visibility"":0.999475},{""index"":3,""x"":0.462359,""y"":0.393397,""visibility"":0.999451},{""index"":4,""x"":0.439005,""y"":0.393837,""visibility"":0.999545},{""index"":5,""x"":0.435734,""y"":0.394395,""visibility"":0.999466},{""index"":6,""x"":0.433081,""y"":0.394977,""visibility"":0.999432},{""index"":7,""x"":0.469907,""y"":0.402777,""visibility"":0.999657},{""index"":8,""x"":0.430528,""y"":0.404435,""visibility"":0.999568},{""index"":9,""x"":0.455898,""y"":0.42457,""visibility"":0.999861},{""index"":10,""x"":0.439182,""y"":0.424281,""visibility"":0.999855},{""index"":11,""x"":0.515357,""y"":0.500396,""visibility"":0.999423},{""index"":12,""x"":0.402798,""y"":0.509359,""visibility"":0.999161},{""index"":13,""x"":0.539819,""y"":0.605678,""visibility"":0.986726},{""index"":14,""x"":0.367237,""y"":0.621857,""visibility"":0.963916},{""index"":15,""x"":0.566831,""y"":0.642396,""visibility"":0.979393},{""index"":16,""x"":0.349498,""y"":0.550051,""visibility"":0.986879},{""index"":17,""x"":0.580006,""y"":0.657418,""visibility"":0.959762},{""index"":18,""x"":0.338062,""y"":0.537165,""visibility"":0.978094},{""index"":19,""x"":0.574093,""y"":0.652861,""visibility"":0.960287},{""index"":20,""x"":0.342414,""y"":0.526776,""visibility"":0.975716},{""index"":21,""x"":0.567224,""y"":0.646564,""visibility"":0.955402},{""index"":22,""x"":0.348093,""y"":0.531197,""visibility"":0.966156},{""index"":23,""x"":0.488856,""y"":0.715765,""visibility"":0.994043},{""index"":24,""x"":0.427477,""y"":0.713256,""visibility"":0.990768},{""index"":25,""x"":0.488341,""y"":0.880032,""visibility"":0.954137},{""index"":26,""x"":0.424122,""y"":0.885232,""visibility"":0.924415},{""index"":27,""x"":0.488378,""y"":0.998671,""visibility"":0.811974},{""index"":28,""x"":0.429403,""y"":0.991036,""visibility"":0.764012},{""index"":29,""x"":0.481078,""y"":1.012275,""visibility"":0.492859},{""index"":30,""x"":0.439943,""y"":1.008219,""visibility"":0.418994},{""index"":31,""x"":0.478179,""y"":1.067751,""visibility"":0.652352},{""index"":32,""x"":0.4254,""y"":1.058167,""visibility"":0.593668}]"
sample_0113,full_body,2026-08-17T04:30:05.885+09:00,sample_0113_full_body_20260817_043005_884993_rgb.jpg,sample_0113_full_body_20260817_043005_884993_skeleton.jpg,1,0.513662,0.500384,0.999193,0.398305,0.507671,0.999067,0.492052,0.727635,0.992452,0.425301,0.727129,0.991748,"[{""index"":0,""x"":0.457602,""y"":0.398402,""visibility"":0.999941},{""index"":1,""x"":0.460917,""y"":0.382354,""visibility"":0.999884},{""index"":2,""x"":0.464325,""y"":0.382206,""visibility"":0.999862},{""index"":3,""x"":0.467393,""y"":0.382331,""visibility"":0.999842},{""index"":4,""x"":0.447966,""y"":0.385144,""visibility"":0.999893},{""index"":5,""x"":0.442855,""y"":0.386783,""visibility"":0.999876},{""index"":6,""x"":0.438319,""y"":0.38867,""visibility"":0.999866},{""index"":7,""x"":0.468753,""y"":0.391601,""visibility"":0.999879},{""index"":8,""x"":0.43149,""y"":0.398288,""visibility"":0.99992},{""index"":9,""x"":0.465517,""y"":0.413725,""visibility"":0.999941},{""index"":10,""x"":0.449521,""y"":0.416196,""visibility"":0.999954},{""index"":11,""x"":0.513662,""y"":0.500384,""visibility"":0.999193},{""index"":12,""x"":0.398305,""y"":0.507671,""visibility"":0.999067},{""index"":13,""x"":0.558207,""y"":0.604241,""visibility"":0.986098},{""index"":14,""x"":0.346709,""y"":0.614549,""visibility"":0.990254},{""index"":15,""x"":0.576135,""y"":0.542935,""visibility"":0.987993},{""index"":16,""x"":0.331504,""y"":0.539076,""visibility"":0.994247},{""index"":17,""x"":0.582418,""y"":0.523863,""visibility"":0.969266},{""index"":18,""x"":0.31996,""y"":0.519975,""visibility"":0.984635},{""index"":19,""x"":0.57858,""y"":0.514619,""visibility"":0.968974},{""index"":20,""x"":0.327733,""y"":0.506858,""visibility"":0.98315},{""index"":21,""x"":0.575309,""y"":0.520208,""visibility"":0.966976},{""index"":22,""x"":0.333926,""y"":0.514024,""visibility"":0.979354},{""index"":23,""x"":0.492052,""y"":0.727635,""visibility"":0.992452},{""index"":24,""x"":0.425301,""y"":0.727129,""visibility"":0.991748},{""index"":25,""x"":0.489112,""y"":0.901003,""visibility"":0.786459},{""index"":26,""x"":0.42613,""y"":0.901614,""visibility"":0.849472},{""index"":27,""x"":0.486025,""y"":1.013609,""visibility"":0.493534},{""index"":28,""x"":0.430634,""y"":1.01773,""visibility"":0.547192},{""index"":29,""x"":0.487723,""y"":1.043281,""visibility"":0.240061},{""index"":30,""x"":0.435596,""y"":1.043796,""visibility"":0.271831},{""index"":31,""x"":0.48398,""y"":1.091604,""visibility"":0.351756},{""index"":32,""x"":0.433292,""y"":1.096877,""visibility"":0.357567}]"
sample_0114,full_body,2026-08-17T04:30:06.132+09:00,sample_0114_full_body_20260817_043006_130809_rgb.jpg,sample_0114_full_body_20260817_043006_130809_skeleton.jpg,1,0.511066,0.50093,0.999445,0.394348,0.51052,0.999344,0.488705,0.739665,0.994959,0.422829,0.740326,0.994066,"[{""index"":0,""x"":0.446703,""y"":0.398196,""visibility"":0.999899},{""index"":1,""x"":0.452547,""y"":0.38199,""visibility"":0.99981},{""index"":2,""x"":0.457004,""y"":0.382028,""visibility"":0.999782},{""index"":3,""x"":0.460832,""y"":0.382388,""visibility"":0.999753},{""index"":4,""x"":0.438952,""y"":0.384398,""visibility"":0.999837},{""index"":5,""x"":0.434894,""y"":0.385965,""visibility"":0.999823},{""index"":6,""x"":0.431284,""y"":0.387756,""visibility"":0.999807},{""index"":7,""x"":0.464755,""y"":0.392315,""visibility"":0.999846},{""index"":8,""x"":0.426812,""y"":0.397976,""visibility"":0.999898},{""index"":9,""x"":0.457431,""y"":0.414823,""visibility"":0.99993},{""index"":10,""x"":0.439481,""y"":0.416028,""visibility"":0.999947},{""index"":11,""x"":0.511066,""y"":0.50093,""visibility"":0.999445},{""index"":12,""x"":0.394348,""y"":0.51052,""visibility"":0.999344},{""index"":13,""x"":0.560384,""y"":0.599944,""visibility"":0.996161},{""index"":14,""x"":0.341159,""y"":0.615556,""visibility"":0.995566},{""index"":15,""x"":0.574309,""y"":0.524529,""visibility"":0.996378},{""index"":16,""x"":0.335851,""y"":0.533252,""visibility"":0.997317},{""index"":17,""x"":0.581707,""y"":0.504622,""visibility"":0.9851},{""index"":18,""x"":0.330704,""y"":0.509534,""visibility"":0.989751},{""index"":19,""x"":0.574193,""y"":0.492491,""visibility"":0.984155},{""index"":20,""x"":0.335715,""y"":0.494042,""visibility"":0.988039},{""index"":21,""x"":0.569824,""y"":0.501989,""visibility"":0.983971},{""index"":22,""x"":0.339704,""y"":0.505438,""visibility"":0.985384},{""index"":23,""x"":0.488705,""y"":0.739665,""visibility"":0.994959},{""index"":24,""x"":0.422829,""y"":0.740326,""visibility"":0.994066},{""index"":25,""x"":0.488444,""y"":0.91406,""visibility"":0.682468},{""index"":26,""x"":0.426242,""y"":0.919447,""visibility"":0.766119},{""index"":27,""x"":0.485468,""y"":1.030316,""visibility"":0.287368},{""index"":28,""x"":0.432162,""y"":1.042537,""visibility"":0.390825},{""index"":32,""x"":0.432245,""y"":1.119001,""visibility"":0.213377}]"
sample_0115,full_body,2026-08-17T04:30:06.281+09:00,sample_0115_full_body_20260817_043006_279216_rgb.jpg,sample_0115_full_body_20260817_043006_279216_skeleton.jpg,1,0.511066,0.50093,0.999445,0.394348,0.51052,0.999344,0.488705,0.739665,0.994959,0.422829,0.740326,0.994066,"[{""index"":0,""x"":0.446703,""y"":0.398196,""visibility"":0.999899},{""index"":1,""x"":0.452547,""y"":0.38199,""visibility"":0.99981},{""index"":2,""x"":0.457004,""y"":0.382028,""visibility"":0.999782},{""index"":3,""x"":0.460832,""y"":0.382388,""visibility"":0.999753},{""index"":4,""x"":0.438952,""y"":0.384398,""visibility"":0.999837},{""index"":5,""x"":0.434894,""y"":0.385965,""visibility"":0.999823},{""index"":6,""x"":0.431284,""y"":0.387756,""visibility"":0.999807},{""index"":7,""x"":0.464755,""y"":0.392315,""visibility"":0.999846},{""index"":8,""x"":0.426812,""y"":0.397976,""visibility"":0.999898},{""index"":9,""x"":0.457431,""y"":0.414823,""visibility"":0.99993},{""index"":10,""x"":0.439481,""y"":0.416028,""visibility"":0.999947},{""index"":11,""x"":0.511066,""y"":0.50093,""visibility"":0.999445},{""index"":12,""x"":0.394348,""y"":0.51052,""visibility"":0.999344},{""index"":13,""x"":0.560384,""y"":0.599944,""visibility"":0.996161},{""index"":14,""x"":0.341159,""y"":0.615556,""visibility"":0.995566},{""index"":15,""x"":0.574309,""y"":0.524529,""visibility"":0.996378},{""index"":16,""x"":0.335851,""y"":0.533252,""visibility"":0.997317},{""index"":17,""x"":0.581707,""y"":0.504622,""visibility"":0.9851},{""index"":18,""x"":0.330704,""y"":0.509534,""visibility"":0.989751},{""index"":19,""x"":0.574193,""y"":0.492491,""visibility"":0.984155},{""index"":20,""x"":0.335715,""y"":0.494042,""visibility"":0.988039},{""index"":21,""x"":0.569824,""y"":0.501989,""visibility"":0.983971},{""index"":22,""x"":0.339704,""y"":0.505438,""visibility"":0.985384},{""index"":23,""x"":0.488705,""y"":0.739665,""visibility"":0.994959},{""index"":24,""x"":0.422829,""y"":0.740326,""visibility"":0.994066},{""index"":25,""x"":0.488444,""y"":0.91406,""visibility"":0.682468},{""index"":26,""x"":0.426242,""y"":0.919447,""visibility"":0.766119},{""index"":27,""x"":0.485468,""y"":1.030316,""visibility"":0.287368},{""index"":28,""x"":0.432162,""y"":1.042537,""visibility"":0.390825},{""index"":32,""x"":0.432245,""y"":1.119001,""visibility"":0.213377}]"
sample_0116,full_body,2026-08-17T04:30:06.465+09:00,sample_0116_full_body_20260817_043006_464156_rgb.jpg,sample_0116_full_body_20260817_043006_464156_skeleton.jpg,1,0.506104,0.497622,0.999487,0.391335,0.512792,0.999383,0.487284,0.73601,0.994066,0.42062,0.735668,0.992906,"[{""index"":0,""x"":0.434506,""y"":0.398996,""visibility"":0.999879},{""index"":1,""x"":0.442363,""y"":0.383993,""visibility"":0.999775},{""index"":2,""x"":0.447938,""y"":0.384322,""visibility"":0.999743},{""index"":3,""x"":0.452841,""y"":0.384796,""visibility"":0.999711},{""index"":4,""x"":0.429169,""y"":0.385171,""visibility"":0.999793},{""index"":5,""x"":0.425737,""y"":0.386178,""visibility"":0.999773},{""index"":6,""x"":0.422768,""y"":0.387568,""visibility"":0.999747},{""index"":7,""x"":0.45972,""y"":0.394859,""visibility"":0.999848},{""index"":8,""x"":0.419674,""y"":0.398278,""visibility"":0.999877},{""index"":9,""x"":0.445851,""y"":0.415318,""visibility"":0.999936},{""index"":10,""x"":0.428689,""y"":0.41544,""visibility"":0.999948},{""index"":11,""x"":0.506104,""y"":0.497622,""visibility"":0.999487},{""index"":12,""x"":0.391335,""y"":0.512792,""visibility"":0.999383},{""index"":13,""x"":0.555802,""y"":0.597602,""visibility"":0.996984},{""index"":14,""x"":0.340409,""y"":0.615566,""visibility"":0.994979},{""index"":15,""x"":0.569444,""y"":0.528449,""visibility"":0.997099},{""index"":16,""x"":0.333638,""y"":0.535969,""visibility"":0.997188},{""index"":17,""x"":0.578028,""y"":0.512353,""visibility"":0.986675},{""index"":18,""x"":0.329451,""y"":0.516499,""visibility"":0.988447},{""index"":19,""x"":0.571103,""y"":0.500403,""visibility"":0.985828},{""index"":20,""x"":0.3347,""y"":0.502542,""visibility"":0.98652},{""index"":21,""x"":0.56519,""y"":0.507999,""visibility"":0.98544},{""index"":22,""x"":0.338358,""y"":0.512043,""visibility"":0.983723},{""index"":23,""x"":0.487284,""y"":0.73601,""visibility"":0.994066},{""index"":24,""x"":0.42062,""y"":0.735668,""visibility"":0.992906},{""index"":25,""x"":0.488115,""y"":0.917278,""visibility"":0.645008},{""index"":26,""x"":0.425643,""y"":0.917564,""visibility"":0.752013},{""index"":27,""x"":0.483208,""y"":1.030089,""visibility"":0.261708},{""index"":28,""x"":0.431205,""y"":1.036198,""visibility"":0.384739},{""index"":32,""x"":0.431202,""y"":1.11321,""visibility"":0.204819}]"
sample_0117,full_body,2026-08-17T04:30:06.682+09:00,sample_0117_full_body_20260817_043006_681733_rgb.jpg,sample_0117_full_body_20260817_043006_681733_skeleton.jpg,1,0.505776,0.502755,0.999718,0.390104,0.512106,0.999655,0.486535,0.735202,0.997253,0.420214,0.736014,0.99642,"[{""index"":0,""x"":0.45311,""y"":0.401526,""visibility"":0.999955},{""index"":1,""x"":0.455863,""y"":0.385713,""visibility"":0.999915},{""index"":2,""x"":0.458798,""y"":0.385421,""visibility"":0.999898},{""index"":3,""x"":0.461519,""y"":0.385303,""visibility"":0.999882},{""index"":4,""x"":0.443837,""y"":0.388113,""visibility"":0.999925},{""index"":5,""x"":0.438694,""y"":0.389427,""visibility"":0.999917},{""index"":6,""x"":0.43405,""y"":0.390848,""visibility"":0.999906},{""index"":7,""x"":0.461616,""y"":0.395265,""visibility"":0.999934},{""index"":8,""x"":0.426328,""y"":0.401651,""visibility"":0.999959},{""index"":9,""x"":0.459738,""y"":0.416109,""visibility"":0.999972},{""index"":10,""x"":0.444418,""y"":0.418588,""visibility"":0.99998},{""index"":11,""x"":0.505776,""y"":0.502755,""visibility"":0.999718},{""index"":12,""x"":0.390104,""y"":0.512106,""visibility"":0.999655},{""index"":13,""x"":0.555275,""y"":0.603537,""visibility"":0.998731},{""index"":14,""x"":0.339342,""y"":0.620854,""visibility"":0.998197},{""index"":15,""x"":0.572452,""y"":0.536207,""visibility"":0.99891},{""index"":16,""x"":0.33061,""y"":0.538089,""visibility"":0.999096},{""index"":17,""x"":0.57932,""y"":0.517438,""visibility"":0.994157},{""index"":18,""x"":0.324555,""y"":0.517159,""visibility"":0.995898},{""index"":19,""x"":0.573772,""y"":0.50548,""visibility"":0.993686},{""index"":20,""x"":0.330105,""y"":0.504308,""visibility"":0.995095},{""index"":21,""x"":0.569825,""y"":0.514705,""visibility"":0.993902},{""index"":22,""x"":0.333821,""y"":0.513351,""visibility"":0.994157},{""index"":23,""x"":0.486535,""y"":0.735202,""visibility"":0.997253},{""index"":24,""x"":0.420214,""y"":0.736014,""visibility"":0.99642},{""index"":25,""x"":0.487725,""y"":0.911708,""visibility"":0.710126},{""index"":26,""x"":0.423103,""y"":0.910894,""visibility"":0.777807},{""index"":27,""x"":0.486732,""y"":1.048862,""visibility"":0.237576},{""index"":28,""x"":0.430645,""y"":1.046073,""visibility"":0.291989}]"
sample_0118,full_body,2026-08-17T04:30:06.875+09:00,sample_0118_full_body_20260817_043006_874365_rgb.jpg,sample_0118_full_body_20260817_043006_874365_skeleton.jpg,1,0.505653,0.501881,0.999731,0.38874,0.508132,0.99967,0.48318,0.739534,0.997622,0.416032,0.737923,0.996925,"[{""index"":0,""x"":0.454323,""y"":0.39581,""visibility"":0.999947},{""index"":1,""x"":0.457664,""y"":0.381056,""visibility"":0.999902},{""index"":2,""x"":0.460603,""y"":0.381098,""visibility"":0.999887},{""index"":3,""x"":0.463279,""y"":0.381337,""visibility"":0.999868},{""index"":4,""x"":0.445456,""y"":0.383339,""visibility"":0.999913},{""index"":5,""x"":0.440237,""y"":0.384747,""visibility"":0.999905},{""index"":6,""x"":0.435458,""y"":0.386207,""visibility"":0.999889},{""index"":7,""x"":0.463286,""y"":0.391287,""visibility"":0.999934},{""index"":8,""x"":0.427464,""y"":0.396892,""visibility"":0.999956},{""index"":9,""x"":0.46137,""y"":0.410801,""visibility"":0.999973},{""index"":10,""x"":0.445148,""y"":0.412688,""visibility"":0.99998},{""index"":11,""x"":0.505653,""y"":0.501881,""visibility"":0.999731},{""index"":12,""x"":0.38874,""y"":0.508132,""visibility"":0.99967},{""index"":13,""x"":0.553392,""y"":0.603393,""visibility"":0.999388},{""index"":14,""x"":0.335279,""y"":0.614022,""visibility"":0.998857},{""index"":15,""x"":0.571244,""y"":0.531799,""visibility"":0.99943},{""index"":16,""x"":0.327687,""y"":0.530986,""visibility"":0.999361},{""index"":17,""x"":0.583878,""y"":0.515086,""visibility"":0.996161},{""index"":18,""x"":0.321655,""y"":0.508795,""visibility"":0.99665},{""index"":19,""x"":0.579492,""y"":0.500217,""visibility"":0.995817},{""index"":20,""x"":0.326978,""y"":0.494702,""visibility"":0.995961},{""index"":21,""x"":0.572577,""y"":0.509227,""visibility"":0.996205},{""index"":22,""x"":0.331211,""y"":0.505135,""visibility"":0.995566},{""index"":23,""x"":0.48318,""y"":0.739534,""visibility"":0.997622},{""index"":24,""x"":0.416032,""y"":0.737923,""visibility"":0.996925},{""index"":25,""x"":0.484798,""y"":0.918289,""visibility"":0.630002},{""index"":26,""x"":0.419933,""y"":0.919394,""visibility"":0.719384}]"
sample_0119,full_body,2026-08-17T04:30:07.110+09:00,sample_0119_full_body_20260817_043007_109191_rgb.jpg,sample_0119_full_body_20260817_043007_109191_skeleton.jpg,1,0.510071,0.501052,0.999056,0.391052,0.507234,0.998862,0.483772,0.743695,0.995037,0.417065,0.741862,0.993783,"[{""index"":0,""x"":0.450505,""y"":0.392285,""visibility"":0.999889},{""index"":1,""x"":0.455356,""y"":0.376333,""visibility"":0.999797},{""index"":2,""x"":0.459439,""y"":0.376411,""visibility"":0.99976},{""index"":3,""x"":0.463004,""y"":0.376748,""visibility"":0.999726},{""index"":4,""x"":0.441756,""y"":0.378678,""visibility"":0.999816},{""index"":5,""x"":0.437261,""y"":0.38014,""visibility"":0.99979},{""index"":6,""x"":0.43309,""y"":0.381988,""visibility"":0.999768},{""index"":7,""x"":0.465315,""y"":0.387685,""visibility"":0.999831},{""index"":8,""x"":0.427079,""y"":0.394003,""visibility"":0.999879},{""index"":9,""x"":0.459904,""y"":0.408275,""visibility"":0.999915},{""index"":10,""x"":0.441592,""y"":0.410191,""visibility"":0.999934},{""index"":11,""x"":0.510071,""y"":0.501052,""visibility"":0.999056},{""index"":12,""x"":0.391052,""y"":0.507234,""visibility"":0.998862},{""index"":13,""x"":0.55799,""y"":0.603259,""visibility"":0.991118},{""index"":14,""x"":0.335131,""y"":0.609622,""visibility"":0.991049},{""index"":15,""x"":0.577459,""y"":0.52802,""visibility"":0.991812},{""index"":16,""x"":0.323265,""y"":0.533373,""visibility"":0.99484},{""index"":17,""x"":0.584908,""y"":0.506226,""visibility"":0.97458},{""index"":18,""x"":0.318529,""y"":0.513933,""visibility"":0.984752},{""index"":19,""x"":0.579457,""y"":0.493282,""visibility"":0.973139},{""index"":20,""x"":0.32536,""y"":0.502502,""visibility"":0.98249},{""index"":21,""x"":0.574983,""y"":0.504343,""visibility"":0.971886},{""index"":22,""x"":0.329453,""y"":0.509204,""visibility"":0.978094},{""index"":23,""x"":0.483772,""y"":0.743695,""visibility"":0.995037},{""index"":24,""x"":0.417065,""y"":0.741862,""visibility"":0.993783},{""index"":25,""x"":0.485936,""y"":0.917772,""visibility"":0.785144},{""index"":26,""x"":0.423298,""y"":0.922134,""visibility"":0.847842},{""index"":27,""x"":0.483215,""y"":1.034379,""visibility"":0.398699},{""index"":28,""x"":0.429948,""y"":1.041895,""visibility"":0.494892},{""index"":30,""x"":0.436065,""y"":1.062595,""visibility"":0.2227},{""index"":31,""x"":0.477769,""y"":1.111666,""visibility"":0.248899},{""index"":32,""x"":0.432068,""y"":1.117057,""visibility"":0.290276}]"
sample_0120,full_body,2026-08-17T04:30:07.365+09:00,sample_0120_full_body_20260817_043007_364146_rgb.jpg,sample_0120_full_body_20260817_043007_364146_skeleton.jpg,1,0.513461,0.505652,0.999161,0.396915,0.508766,0.999114,0.485691,0.740022,0.993176,0.419149,0.738262,0.991938,"[{""index"":0,""x"":0.451462,""y"":0.403553,""visibility"":0.999879},{""index"":1,""x"":0.457073,""y"":0.386949,""visibility"":0.99978},{""index"":2,""x"":0.461347,""y"":0.386711,""visibility"":0.999737},{""index"":3,""x"":0.464987,""y"":0.386769,""visibility"":0.999697},{""index"":4,""x"":0.443341,""y"":0.38907,""visibility"":0.999807},{""index"":5,""x"":0.439158,""y"":0.390191,""visibility"":0.999783},{""index"":6,""x"":0.435307,""y"":0.391686,""visibility"":0.99976},{""index"":7,""x"":0.468535,""y"":0.395586,""visibility"":0.999825},{""index"":8,""x"":0.430734,""y"":0.400789,""visibility"":0.999882},{""index"":9,""x"":0.461173,""y"":0.419157,""visibility"":0.99992},{""index"":10,""x"":0.443109,""y"":0.420716,""visibility"":0.999941},{""index"":11,""x"":0.513461,""y"":0.505652,""visibility"":0.999161},{""index"":12,""x"":0.396915,""y"":0.508766,""visibility"":0.999114},{""index"":13,""x"":0.561957,""y"":0.602138,""visibility"":0.992184},{""index"":14,""x"":0.340482,""y"":0.605561,""visibility"":0.993587},{""index"":15,""x"":0.575569,""y"":0.535428,""visibility"":0.993359},{""index"":16,""x"":0.338342,""y"":0.527614,""visibility"":0.996039},{""index"":17,""x"":0.582959,""y"":0.515221,""visibility"":0.97539},{""index"":18,""x"":0.333131,""y"":0.504742,""visibility"":0.985663},{""index"":19,""x"":0.579308,""y"":0.499572,""visibility"":0.973944},{""index"":20,""x"":0.338951,""y"":0.492599,""visibility"":0.983343},{""index"":21,""x"":0.575287,""y"":0.511579,""visibility"":0.973342},{""index"":22,""x"":0.342936,""y"":0.501439,""visibility"":0.979235},{""index"":23,""x"":0.485691,""y"":0.740022,""visibility"":0.993176},{""index"":24,""x"":0.419149,""y"":0.738262,""visibility"":0.991938},{""index"":25,""x"":0.489335,""y"":0.91734,""visibility"":0.679179},{""index"":26,""x"":0.421946,""y"":0.914495,""visibility"":0.78016},{""index"":27,""x"":0.482789,""y"":1.031481,""visibility"":0.323166},{""index"":28,""x"":0.427018,""y"":1.034376,""visibility"":0.430985},{""index"":31,""x"":0.479384,""y"":1.103717,""visibility"":0.205775},{""index"":32,""x"":0.429509,""y"":1.113593,""visibility"":0.255901}]"
sample_0121,full_body,2026-08-17T04:30:07.495+09:00,sample_0121_full_body_20260817_043007_493528_rgb.jpg,sample_0121_full_body_20260817_043007_493528_skeleton.jpg,1,0.513461,0.505652,0.999161,0.396915,0.508766,0.999114,0.485691,0.740022,0.993176,0.419149,0.738262,0.991938,"[{""index"":0,""x"":0.451462,""y"":0.403553,""visibility"":0.999879},{""index"":1,""x"":0.457073,""y"":0.386949,""visibility"":0.99978},{""index"":2,""x"":0.461347,""y"":0.386711,""visibility"":0.999737},{""index"":3,""x"":0.464987,""y"":0.386769,""visibility"":0.999697},{""index"":4,""x"":0.443341,""y"":0.38907,""visibility"":0.999807},{""index"":5,""x"":0.439158,""y"":0.390191,""visibility"":0.999783},{""index"":6,""x"":0.435307,""y"":0.391686,""visibility"":0.99976},{""index"":7,""x"":0.468535,""y"":0.395586,""visibility"":0.999825},{""index"":8,""x"":0.430734,""y"":0.400789,""visibility"":0.999882},{""index"":9,""x"":0.461173,""y"":0.419157,""visibility"":0.99992},{""index"":10,""x"":0.443109,""y"":0.420716,""visibility"":0.999941},{""index"":11,""x"":0.513461,""y"":0.505652,""visibility"":0.999161},{""index"":12,""x"":0.396915,""y"":0.508766,""visibility"":0.999114},{""index"":13,""x"":0.561957,""y"":0.602138,""visibility"":0.992184},{""index"":14,""x"":0.340482,""y"":0.605561,""visibility"":0.993587},{""index"":15,""x"":0.575569,""y"":0.535428,""visibility"":0.993359},{""index"":16,""x"":0.338342,""y"":0.527614,""visibility"":0.996039},{""index"":17,""x"":0.582959,""y"":0.515221,""visibility"":0.97539},{""index"":18,""x"":0.333131,""y"":0.504742,""visibility"":0.985663},{""index"":19,""x"":0.579308,""y"":0.499572,""visibility"":0.973944},{""index"":20,""x"":0.338951,""y"":0.492599,""visibility"":0.983343},{""index"":21,""x"":0.575287,""y"":0.511579,""visibility"":0.973342},{""index"":22,""x"":0.342936,""y"":0.501439,""visibility"":0.979235},{""index"":23,""x"":0.485691,""y"":0.740022,""visibility"":0.993176},{""index"":24,""x"":0.419149,""y"":0.738262,""visibility"":0.991938},{""index"":25,""x"":0.489335,""y"":0.91734,""visibility"":0.679179},{""index"":26,""x"":0.421946,""y"":0.914495,""visibility"":0.78016},{""index"":27,""x"":0.482789,""y"":1.031481,""visibility"":0.323166},{""index"":28,""x"":0.427018,""y"":1.034376,""visibility"":0.430985},{""index"":31,""x"":0.479384,""y"":1.103717,""visibility"":0.205775},{""index"":32,""x"":0.429509,""y"":1.113593,""visibility"":0.255901}]"
sample_0122,full_body,2026-08-17T04:30:07.695+09:00,sample_0122_full_body_20260817_043007_693476_rgb.jpg,sample_0122_full_body_20260817_043007_693476_skeleton.jpg,1,0.5152,0.50066,0.99912,0.40127,0.503137,0.999141,0.487855,0.734339,0.997757,0.421116,0.732649,0.997264,"[{""index"":0,""x"":0.462509,""y"":0.396507,""visibility"":0.999953},{""index"":1,""x"":0.46542,""y"":0.380315,""visibility"":0.999905},{""index"":2,""x"":0.4687,""y"":0.380165,""visibility"":0.999881},{""index"":3,""x"":0.471684,""y"":0.380331,""visibility"":0.999857},{""index"":4,""x"":0.452533,""y"":0.383002,""visibility"":0.999917},{""index"":5,""x"":0.447148,""y"":0.384666,""visibility"":0.999903},{""index"":6,""x"":0.442363,""y"":0.386615,""visibility"":0.999894},{""index"":7,""x"":0.472726,""y"":0.390004,""visibility"":0.999899},{""index"":8,""x"":0.434999,""y"":0.396651,""visibility"":0.999941},{""index"":9,""x"":0.470182,""y"":0.412704,""visibility"":0.999957},{""index"":10,""x"":0.454317,""y"":0.415039,""visibility"":0.999967},{""index"":11,""x"":0.5152,""y"":0.50066,""visibility"":0.99912},{""index"":12,""x"":0.40127,""y"":0.503137,""visibility"":0.999141},{""index"":13,""x"":0.569696,""y"":0.59465,""visibility"":0.9666},{""index"":14,""x"":0.34193,""y"":0.598639,""visibility"":0.984276},{""index"":15,""x"":0.578456,""y"":0.514177,""visibility"":0.971618},{""index"":16,""x"":0.338119,""y"":0.522273,""visibility"":0.989389},{""index"":17,""x"":0.585061,""y"":0.487299,""visibility"":0.943556},{""index"":18,""x"":0.329516,""y"":0.497438,""visibility"":0.97826},{""index"":19,""x"":0.579443,""y"":0.476456,""visibility"":0.941654},{""index"":20,""x"":0.336681,""y"":0.486413,""visibility"":0.976038},{""index"":21,""x"":0.573203,""y"":0.484403,""visibility"":0.932453},{""index"":22,""x"":0.341171,""y"":0.496474,""visibility"":0.966789},{""index"":23,""x"":0.487855,""y"":0.734339,""visibility"":0.997757},{""index"":24,""x"":0.421116,""y"":0.732649,""visibility"":0.997264},{""index"":25,""x"":0.487281,""y"":0.909206,""visibility"":0.943867},{""index"":26,""x"":0.422126,""y"":0.907537,""visibility"":0.969324},{""index"":27,""x"":0.482006,""y"":1.025378,""visibility"":0.859899},{""index"":28,""x"":0.429305,""y"":1.028997,""visibility"":0.890675},{""index"":29,""x"":0.478616,""y"":1.047383,""visibility"":0.619874},{""index"":30,""x"":0.430402,""y"":1.048553,""visibility"":0.642545},{""index"":31,""x"":0.483288,""y"":1.09652,""visibility"":0.800692},{""index"":32,""x"":0.427586,""y"":1.102199,""visibility"":0.803174}]"
sample_0123,full_body,2026-08-17T04:30:07.918+09:00,sample_0123_full_body_20260817_043007_916924_rgb.jpg,sample_0123_full_body_20260817_043007_916924_skeleton.jpg,1,0.5149,0.499247,0.999529,0.400766,0.504231,0.999602,0.491704,0.73041,0.998103,0.423591,0.728527,0.997556,"[{""index"":0,""x"":0.461463,""y"":0.398048,""visibility"":0.999966},{""index"":1,""x"":0.465544,""y"":0.381565,""visibility"":0.999933},{""index"":2,""x"":0.469171,""y"":0.381263,""visibility"":0.999915},{""index"":3,""x"":0.472296,""y"":0.38124,""visibility"":0.999894},{""index"":4,""x"":0.451981,""y"":0.384099,""visibility"":0.999943},{""index"":5,""x"":0.44678,""y"":0.38547,""visibility"":0.999934},{""index"":6,""x"":0.442543,""y"":0.387023,""visibility"":0.999924},{""index"":7,""x"":0.473727,""y"":0.390082,""visibility"":0.999943},{""index"":8,""x"":0.436591,""y"":0.395515,""visibility"":0.999969},{""index"":9,""x"":0.469959,""y"":0.41397,""visibility"":0.999978},{""index"":10,""x"":0.452656,""y"":0.416526,""visibility"":0.999985},{""index"":11,""x"":0.5149,""y"":0.499247,""visibility"":0.999529},{""index"":12,""x"":0.400766,""y"":0.504231,""visibility"":0.999602},{""index"":13,""x"":0.569416,""y"":0.597872,""visibility"":0.993587},{""index"":14,""x"":0.346456,""y"":0.607653,""visibility"":0.996864},{""index"":15,""x"":0.580061,""y"":0.513956,""visibility"":0.99486},{""index"":16,""x"":0.335643,""y"":0.521715,""visibility"":0.997851},{""index"":17,""x"":0.584978,""y"":0.485625,""visibility"":0.981022},{""index"":18,""x"":0.326621,""y"":0.496658,""visibility"":0.992539},{""index"":19,""x"":0.57671,""y"":0.471183,""visibility"":0.979195},{""index"":20,""x"":0.334248,""y"":0.485189,""visibility"":0.991187},{""index"":21,""x"":0.571906,""y"":0.482818,""visibility"":0.978713},{""index"":22,""x"":0.33992,""y"":0.494999,""visibility"":0.989182},{""index"":23,""x"":0.491704,""y"":0.73041,""visibility"":0.998103},{""index"":24,""x"":0.423591,""y"":0.728527,""visibility"":0.997556},{""index"":25,""x"":0.488395,""y"":0.905248,""visibility"":0.858244},{""index"":26,""x"":0.42492,""y"":0.902192,""visibility"":0.909103},{""index"":27,""x"":0.484985,""y"":1.032997,""visibility"":0.609815},{""index"":28,""x"":0.430082,""y"":1.01761,""visibility"":0.634543},{""index"":29,""x"":0.482914,""y"":1.054449,""visibility"":0.363195},{""index"":30,""x"":0.428547,""y"":1.04378,""visibility"":0.346431},{""index"":31,""x"":0.487015,""y"":1.102445,""visibility"":0.4081},{""index"":32,""x"":0.427992,""y"":1.095051,""visibility"":0.375821}]"
sample_0124,full_body,2026-08-17T04:30:08.091+09:00,sample_0124_full_body_20260817_043008_090291_rgb.jpg,sample_0124_full_body_20260817_043008_090291_skeleton.jpg,1,0.517293,0.498308,0.999438,0.403727,0.502423,0.999475,0.492317,0.717452,0.99494,0.426724,0.717344,0.993855,"[{""index"":0,""x"":0.458924,""y"":0.398324,""visibility"":0.999954},{""index"":1,""x"":0.464212,""y"":0.381612,""visibility"":0.999915},{""index"":2,""x"":0.468499,""y"":0.381738,""visibility"":0.999893},{""index"":3,""x"":0.472265,""y"":0.381818,""visibility"":0.999876},{""index"":4,""x"":0.450519,""y"":0.38247,""visibility"":0.999925},{""index"":5,""x"":0.446286,""y"":0.383364,""visibility"":0.99991},{""index"":6,""x"":0.442687,""y"":0.384758,""visibility"":0.999899},{""index"":7,""x"":0.476871,""y"":0.390145,""visibility"":0.999929},{""index"":8,""x"":0.437627,""y"":0.395922,""visibility"":0.999954},{""index"":9,""x"":0.468351,""y"":0.413383,""visibility"":0.99997},{""index"":10,""x"":0.451311,""y"":0.413592,""visibility"":0.999978},{""index"":11,""x"":0.517293,""y"":0.498308,""visibility"":0.999438},{""index"":12,""x"":0.403727,""y"":0.502423,""visibility"":0.999475},{""index"":13,""x"":0.572888,""y"":0.596128,""visibility"":0.996307},{""index"":14,""x"":0.346958,""y"":0.597121,""visibility"":0.99665},{""index"":15,""x"":0.579063,""y"":0.517456,""visibility"":0.996864},{""index"":16,""x"":0.339247,""y"":0.520251,""visibility"":0.997989},{""index"":17,""x"":0.585266,""y"":0.493092,""visibility"":0.986623},{""index"":18,""x"":0.33076,""y"":0.497507,""visibility"":0.992334},{""index"":19,""x"":0.579542,""y"":0.482369,""visibility"":0.98544},{""index"":20,""x"":0.339354,""y"":0.484276,""visibility"":0.991049},{""index"":21,""x"":0.575258,""y"":0.492762,""visibility"":0.985608},{""index"":22,""x"":0.342998,""y"":0.490854,""visibility"":0.98943},{""index"":23,""x"":0.492317,""y"":0.717452,""visibility"":0.99494},{""index"":24,""x"":0.426724,""y"":0.717344,""visibility"":0.993855},{""index"":25,""x"":0.489457,""y"":0.883459,""visibility"":0.673084},{""index"":26,""x"":0.426025,""y"":0.889453,""visibility"":0.744471},{""index"":27,""x"":0.484408,""y"":0.999887,""visibility"":0.321141},{""index"":28,""x"":0.431386,""y"":1.01387,""visibility"":0.381104}]"
sample_0125,full_body,2026-08-17T04:30:08.338+09:00,sample_0125_full_body_20260817_043008_337042_rgb.jpg,sample_0125_full_body_20260817_043008_337042_skeleton.jpg,1,0.517293,0.498308,0.999438,0.403727,0.502423,0.999475,0.492317,0.717452,0.99494,0.426724,0.717344,0.993855,"[{""index"":0,""x"":0.458924,""y"":0.398324,""visibility"":0.999954},{""index"":1,""x"":0.464212,""y"":0.381612,""visibility"":0.999915},{""index"":2,""x"":0.468499,""y"":0.381738,""visibility"":0.999893},{""index"":3,""x"":0.472265,""y"":0.381818,""visibility"":0.999876},{""index"":4,""x"":0.450519,""y"":0.38247,""visibility"":0.999925},{""index"":5,""x"":0.446286,""y"":0.383364,""visibility"":0.99991},{""index"":6,""x"":0.442687,""y"":0.384758,""visibility"":0.999899},{""index"":7,""x"":0.476871,""y"":0.390145,""visibility"":0.999929},{""index"":8,""x"":0.437627,""y"":0.395922,""visibility"":0.999954},{""index"":9,""x"":0.468351,""y"":0.413383,""visibility"":0.99997},{""index"":10,""x"":0.451311,""y"":0.413592,""visibility"":0.999978},{""index"":11,""x"":0.517293,""y"":0.498308,""visibility"":0.999438},{""index"":12,""x"":0.403727,""y"":0.502423,""visibility"":0.999475},{""index"":13,""x"":0.572888,""y"":0.596128,""visibility"":0.996307},{""index"":14,""x"":0.346958,""y"":0.597121,""visibility"":0.99665},{""index"":15,""x"":0.579063,""y"":0.517456,""visibility"":0.996864},{""index"":16,""x"":0.339247,""y"":0.520251,""visibility"":0.997989},{""index"":17,""x"":0.585266,""y"":0.493092,""visibility"":0.986623},{""index"":18,""x"":0.33076,""y"":0.497507,""visibility"":0.992334},{""index"":19,""x"":0.579542,""y"":0.482369,""visibility"":0.98544},{""index"":20,""x"":0.339354,""y"":0.484276,""visibility"":0.991049},{""index"":21,""x"":0.575258,""y"":0.492762,""visibility"":0.985608},{""index"":22,""x"":0.342998,""y"":0.490854,""visibility"":0.98943},{""index"":23,""x"":0.492317,""y"":0.717452,""visibility"":0.99494},{""index"":24,""x"":0.426724,""y"":0.717344,""visibility"":0.993855},{""index"":25,""x"":0.489457,""y"":0.883459,""visibility"":0.673084},{""index"":26,""x"":0.426025,""y"":0.889453,""visibility"":0.744471},{""index"":27,""x"":0.484408,""y"":0.999887,""visibility"":0.321141},{""index"":28,""x"":0.431386,""y"":1.01387,""visibility"":0.381104}]"
sample_0126,full_body,2026-08-17T04:30:08.458+09:00,sample_0126_full_body_20260817_043008_457009_rgb.jpg,sample_0126_full_body_20260817_043008_457009_skeleton.jpg,1,0.520029,0.502581,0.999578,0.407455,0.502248,0.999614,0.494499,0.72203,0.997508,0.428357,0.720719,0.996584,"[{""index"":0,""x"":0.458885,""y"":0.400622,""visibility"":0.999956},{""index"":1,""x"":0.464878,""y"":0.384254,""visibility"":0.999911},{""index"":2,""x"":0.469547,""y"":0.384205,""visibility"":0.999888},{""index"":3,""x"":0.473677,""y"":0.384381,""visibility"":0.999868},{""index"":4,""x"":0.451373,""y"":0.385637,""visibility"":0.999922},{""index"":5,""x"":0.44763,""y"":0.386632,""visibility"":0.999909},{""index"":6,""x"":0.44443,""y"":0.388036,""visibility"":0.999898},{""index"":7,""x"":0.479108,""y"":0.392526,""visibility"":0.999926},{""index"":8,""x"":0.440714,""y"":0.397703,""visibility"":0.999954},{""index"":9,""x"":0.469623,""y"":0.415677,""visibility"":0.999975},{""index"":10,""x"":0.452482,""y"":0.415945,""visibility"":0.999982},{""index"":11,""x"":0.520029,""y"":0.502581,""visibility"":0.999578},{""index"":12,""x"":0.407455,""y"":0.502248,""visibility"":0.999614},{""index"":13,""x"":0.573525,""y"":0.60055,""visibility"":0.992654},{""index"":14,""x"":0.35188,""y"":0.604202,""visibility"":0.995532},{""index"":15,""x"":0.579351,""y"":0.516438,""visibility"":0.994358},{""index"":16,""x"":0.348316,""y"":0.514318,""visibility"":0.997337},{""index"":17,""x"":0.586018,""y"":0.492693,""visibility"":0.979707},{""index"":18,""x"":0.341322,""y"":0.490797,""visibility"":0.990696},{""index"":19,""x"":0.579351,""y"":0.481055,""visibility"":0.978052},{""index"":20,""x"":0.348735,""y"":0.479307,""visibility"":0.989055},{""index"":21,""x"":0.573818,""y"":0.490447,""visibility"":0.975855},{""index"":22,""x"":0.352408,""y"":0.487059,""visibility"":0.985158},{""index"":23,""x"":0.494499,""y"":0.72203,""visibility"":0.997508},{""index"":24,""x"":0.428357,""y"":0.720719,""visibility"":0.996584},{""index"":25,""x"":0.491461,""y"":0.893851,""visibility"":0.868938},{""index"":26,""x"":0.426207,""y"":0.892394,""visibility"":0.914444},{""index"":27,""x"":0.487003,""y"":1.005364,""visibility"":0.619759},{""index"":28,""x"":0.433513,""y"":1.011592,""visibility"":0.684053},{""index"":29,""x"":0.482916,""y"":1.030331,""visibility"":0.313945},{""index"":30,""x"":0.436959,""y"":1.025162,""visibility"":0.326594},{""index"":31,""x"":0.486222,""y"":1.078231,""visibility"":0.462352},{""index"":32,""x"":0.43278,""y"":1.075461,""visibility"":0.488939}]"
sample_0127,full_body,2026-08-17T04:30:08.659+09:00,sample_0127_full_body_20260817_043008_657717_rgb.jpg,sample_0127_full_body_20260817_043008_657717_skeleton.jpg,1,0.520185,0.501181,0.99925,0.408192,0.501517,0.999475,0.494186,0.724579,0.996406,0.428186,0.723843,0.995549,"[{""index"":0,""x"":0.462209,""y"":0.395417,""visibility"":0.999951},{""index"":1,""x"":0.468616,""y"":0.379758,""visibility"":0.999899},{""index"":2,""x"":0.473041,""y"":0.380016,""visibility"":0.99987},{""index"":3,""x"":0.476846,""y"":0.380357,""visibility"":0.999843},{""index"":4,""x"":0.454521,""y"":0.380752,""visibility"":0.999912},{""index"":5,""x"":0.45017,""y"":0.381732,""visibility"":0.999894},{""index"":6,""x"":0.446605,""y"":0.383062,""visibility"":0.999886},{""index"":7,""x"":0.481334,""y"":0.389093,""visibility"":0.999894},{""index"":8,""x"":0.44239,""y"":0.39319,""visibility"":0.999943},{""index"":9,""x"":0.471932,""y"":0.411103,""visibility"":0.999963},{""index"":10,""x"":0.454413,""y"":0.410684,""visibility"":0.999974},{""index"":11,""x"":0.520185,""y"":0.501181,""visibility"":0.99925},{""index"":12,""x"":0.408192,""y"":0.501517,""visibility"":0.999475},{""index"":13,""x"":0.572867,""y"":0.598953,""visibility"":0.977371},{""index"":14,""x"":0.351138,""y"":0.602307,""visibility"":0.992851},{""index"":15,""x"":0.579731,""y"":0.5173,""visibility"":0.983214},{""index"":16,""x"":0.347985,""y"":0.512398,""visibility"":0.995372},{""index"":17,""x"":0.58544,""y"":0.494041,""visibility"":0.956877},{""index"":18,""x"":0.341603,""y"":0.491448,""visibility"":0.987179},{""index"":19,""x"":0.578698,""y"":0.481211,""visibility"":0.954816},{""index"":20,""x"":0.3498,""y"":0.476174,""visibility"":0.985384},{""index"":21,""x"":0.573091,""y"":0.491562,""visibility"":0.949763},{""index"":22,""x"":0.352734,""y"":0.484651,""visibility"":0.9799},{""index"":23,""x"":0.494186,""y"":0.724579,""visibility"":0.996406},{""index"":24,""x"":0.428186,""y"":0.723843,""visibility"":0.995549},{""index"":25,""x"":0.493007,""y"":0.892314,""visibility"":0.91626},{""index"":26,""x"":0.427019,""y"":0.892066,""visibility"":0.948537},{""index"":27,""x"":0.486809,""y"":1.004509,""visibility"":0.79053},{""index"":28,""x"":0.432699,""y"":1.010714,""visibility"":0.819316},{""index"":29,""x"":0.483241,""y"":1.030997,""visibility"":0.510954},{""index"":30,""x"":0.435227,""y"":1.024376,""visibility"":0.490876},{""index"":31,""x"":0.490059,""y"":1.077599,""visibility"":0.700383},{""index"":32,""x"":0.433755,""y"":1.074959,""visibility"":0.694821}]"
sample_0128,full_body,2026-08-17T04:30:08.840+09:00,sample_0128_full_body_20260817_043008_839274_rgb.jpg,sample_0128_full_body_20260817_043008_839274_skeleton.jpg,1,0.52174,0.50285,0.999614,0.407026,0.504162,0.999704,0.497149,0.7313,0.997893,0.429006,0.729113,0.997704,"[{""index"":0,""x"":0.462973,""y"":0.400284,""visibility"":0.999962},{""index"":1,""x"":0.469299,""y"":0.383347,""visibility"":0.99992},{""index"":2,""x"":0.473877,""y"":0.383465,""visibility"":0.9999},{""index"":3,""x"":0.477868,""y"":0.383747,""visibility"":0.999877},{""index"":4,""x"":0.455056,""y"":0.384603,""visibility"":0.99993},{""index"":5,""x"":0.450573,""y"":0.3855,""visibility"":0.99992},{""index"":6,""x"":0.447022,""y"":0.38679,""visibility"":0.999909},{""index"":7,""x"":0.482189,""y"":0.392352,""visibility"":0.999934},{""index"":8,""x"":0.442574,""y"":0.396721,""visibility"":0.999962},{""index"":9,""x"":0.472636,""y"":0.415052,""visibility"":0.999981},{""index"":10,""x"":0.455451,""y"":0.415084,""visibility"":0.999986},{""index"":11,""x"":0.52174,""y"":0.50285,""visibility"":0.999614},{""index"":12,""x"":0.407026,""y"":0.504162,""visibility"":0.999704},{""index"":13,""x"":0.57847,""y"":0.601579,""visibility"":0.993281},{""index"":14,""x"":0.34408,""y"":0.595105,""visibility"":0.996714},{""index"":15,""x"":0.584359,""y"":0.516401,""visibility"":0.99482},{""index"":16,""x"":0.350623,""y"":0.510297,""visibility"":0.99764},{""index"":17,""x"":0.586559,""y"":0.490888,""visibility"":0.979938},{""index"":18,""x"":0.34718,""y"":0.487046,""visibility"":0.99091},{""index"":19,""x"":0.577239,""y"":0.479419,""visibility"":0.977671},{""index"":20,""x"":0.354446,""y"":0.476529,""visibility"":0.989098},{""index"":21,""x"":0.573728,""y"":0.48695,""visibility"":0.976265},{""index"":22,""x"":0.356482,""y"":0.481888,""visibility"":0.98599},{""index"":23,""x"":0.497149,""y"":0.7313,""visibility"":0.997893},{""index"":24,""x"":0.429006,""y"":0.729113,""visibility"":0.997704},{""index"":25,""x"":0.49271,""y"":0.900923,""visibility"":0.816406},{""index"":26,""x"":0.42861,""y"":0.896403,""visibility"":0.916857},{""index"":27,""x"":0.485226,""y"":0.998578,""visibility"":0.591841},{""index"":28,""x"":0.437603,""y"":1.011965,""visibility"":0.704465},{""index"":29,""x"":0.480146,""y"":1.011002,""visibility"":0.341034},{""index"":30,""x"":0.434783,""y"":1.030973,""visibility"":0.38798},{""index"":31,""x"":0.487273,""y"":1.077751,""visibility"":0.434221},{""index"":32,""x"":0.432804,""y"":1.083604,""visibility"":0.475651}]"
sample_0129,full_body,2026-08-17T04:30:09.072+09:00,sample_0129_full_body_20260817_043009_070707_rgb.jpg,sample_0129_full_body_20260817_043009_070707_skeleton.jpg,1,0.522236,0.503621,0.99951,0.407353,0.505104,0.999525,0.495407,0.735802,0.998299,0.429547,0.730577,0.997713,"[{""index"":0,""x"":0.460829,""y"":0.396582,""visibility"":0.99996},{""index"":1,""x"":0.466682,""y"":0.37961,""visibility"":0.999915},{""index"":2,""x"":0.47119,""y"":0.379755,""visibility"":0.999896},{""index"":3,""x"":0.475196,""y"":0.380103,""visibility"":0.999873},{""index"":4,""x"":0.453291,""y"":0.381364,""visibility"":0.99992},{""index"":5,""x"":0.449055,""y"":0.382549,""visibility"":0.999907},{""index"":6,""x"":0.445589,""y"":0.384099,""visibility"":0.999895},{""index"":7,""x"":0.480054,""y"":0.389904,""visibility"":0.99992},{""index"":8,""x"":0.441424,""y"":0.394991,""visibility"":0.999949},{""index"":9,""x"":0.47047,""y"":0.412087,""visibility"":0.999973},{""index"":10,""x"":0.453812,""y"":0.412568,""visibility"":0.999977},{""index"":11,""x"":0.522236,""y"":0.503621,""visibility"":0.99951},{""index"":12,""x"":0.407353,""y"":0.505104,""visibility"":0.999525},{""index"":13,""x"":0.576895,""y"":0.602551,""visibility"":0.976758},{""index"":14,""x"":0.348493,""y"":0.594025,""visibility"":0.991015},{""index"":15,""x"":0.58204,""y"":0.516377,""visibility"":0.979823},{""index"":16,""x"":0.352714,""y"":0.509424,""visibility"":0.993926},{""index"":17,""x"":0.584863,""y"":0.489724,""visibility"":0.952662},{""index"":18,""x"":0.34946,""y"":0.487096,""visibility"":0.984336},{""index"":19,""x"":0.575808,""y"":0.4778,""visibility"":0.949012},{""index"":20,""x"":0.355393,""y"":0.473408,""visibility"":0.981524},{""index"":21,""x"":0.572586,""y"":0.486267,""visibility"":0.941331},{""index"":22,""x"":0.358501,""y"":0.481137,""visibility"":0.972985},{""index"":23,""x"":0.495407,""y"":0.735802,""visibility"":0.998299},{""index"":24,""x"":0.429547,""y"":0.730577,""visibility"":0.997713},{""index"":25,""x"":0.493276,""y"":0.903026,""visibility"":0.935346},{""index"":26,""x"":0.42903,""y"":0.901716,""visibility"":0.966537},{""index"":27,""x"":0.486966,""y"":1.011334,""visibility"":0.827689},{""index"":28,""x"":0.437343,""y"":1.015804,""visibility"":0.851459},{""index"":29,""x"":0.484594,""y"":1.033386,""visibility"":0.5344},{""index"":30,""x"":0.4423,""y"":1.028628,""visibility"":0.575528},{""index"":31,""x"":0.484875,""y"":1.083375,""visibility"":0.731826},{""index"":32,""x"":0.434246,""y"":1.083732,""visibility"":0.732592}]"
sample_0130,full_body,2026-08-17T04:30:09.301+09:00,sample_0130_full_body_20260817_043009_300408_rgb.jpg,sample_0130_full_body_20260817_043009_300408_skeleton.jpg,1,0.522236,0.503621,0.99951,0.407353,0.505104,0.999525,0.495407,0.735802,0.998299,0.429547,0.730577,0.997713,"[{""index"":0,""x"":0.460829,""y"":0.396582,""visibility"":0.99996},{""index"":1,""x"":0.466682,""y"":0.37961,""visibility"":0.999915},{""index"":2,""x"":0.47119,""y"":0.379755,""visibility"":0.999896},{""index"":3,""x"":0.475196,""y"":0.380103,""visibility"":0.999873},{""index"":4,""x"":0.453291,""y"":0.381364,""visibility"":0.99992},{""index"":5,""x"":0.449055,""y"":0.382549,""visibility"":0.999907},{""index"":6,""x"":0.445589,""y"":0.384099,""visibility"":0.999895},{""index"":7,""x"":0.480054,""y"":0.389904,""visibility"":0.99992},{""index"":8,""x"":0.441424,""y"":0.394991,""visibility"":0.999949},{""index"":9,""x"":0.47047,""y"":0.412087,""visibility"":0.999973},{""index"":10,""x"":0.453812,""y"":0.412568,""visibility"":0.999977},{""index"":11,""x"":0.522236,""y"":0.503621,""visibility"":0.99951},{""index"":12,""x"":0.407353,""y"":0.505104,""visibility"":0.999525},{""index"":13,""x"":0.576895,""y"":0.602551,""visibility"":0.976758},{""index"":14,""x"":0.348493,""y"":0.594025,""visibility"":0.991015},{""index"":15,""x"":0.58204,""y"":0.516377,""visibility"":0.979823},{""index"":16,""x"":0.352714,""y"":0.509424,""visibility"":0.993926},{""index"":17,""x"":0.584863,""y"":0.489724,""visibility"":0.952662},{""index"":18,""x"":0.34946,""y"":0.487096,""visibility"":0.984336},{""index"":19,""x"":0.575808,""y"":0.4778,""visibility"":0.949012},{""index"":20,""x"":0.355393,""y"":0.473408,""visibility"":0.981524},{""index"":21,""x"":0.572586,""y"":0.486267,""visibility"":0.941331},{""index"":22,""x"":0.358501,""y"":0.481137,""visibility"":0.972985},{""index"":23,""x"":0.495407,""y"":0.735802,""visibility"":0.998299},{""index"":24,""x"":0.429547,""y"":0.730577,""visibility"":0.997713},{""index"":25,""x"":0.493276,""y"":0.903026,""visibility"":0.935346},{""index"":26,""x"":0.42903,""y"":0.901716,""visibility"":0.966537},{""index"":27,""x"":0.486966,""y"":1.011334,""visibility"":0.827689},{""index"":28,""x"":0.437343,""y"":1.015804,""visibility"":0.851459},{""index"":29,""x"":0.484594,""y"":1.033386,""visibility"":0.5344},{""index"":30,""x"":0.4423,""y"":1.028628,""visibility"":0.575528},{""index"":31,""x"":0.484875,""y"":1.083375,""visibility"":0.731826},{""index"":32,""x"":0.434246,""y"":1.083732,""visibility"":0.732592}]"
sample_0131,full_body,2026-08-17T04:30:09.466+09:00,sample_0131_full_body_20260817_043009_464550_rgb.jpg,sample_0131_full_body_20260817_043009_464550_skeleton.jpg,1,0.520681,0.503721,0.999826,0.407694,0.504412,0.999871,0.496006,0.734268,0.998996,0.428618,0.732233,0.998976,"[{""index"":0,""x"":0.46379,""y"":0.406925,""visibility"":0.999984},{""index"":1,""x"":0.47029,""y"":0.390887,""visibility"":0.999966},{""index"":2,""x"":0.474628,""y"":0.390945,""visibility"":0.999957},{""index"":3,""x"":0.478336,""y"":0.391176,""visibility"":0.999946},{""index"":4,""x"":0.456497,""y"":0.391905,""visibility"":0.99997},{""index"":5,""x"":0.45219,""y"":0.392691,""visibility"":0.999966},{""index"":6,""x"":0.448549,""y"":0.393785,""visibility"":0.999961},{""index"":7,""x"":0.481309,""y"":0.39854,""visibility"":0.999974},{""index"":8,""x"":0.443596,""y"":0.401154,""visibility"":0.999985},{""index"":9,""x"":0.473593,""y"":0.422726,""visibility"":0.999993},{""index"":10,""x"":0.45518,""y"":0.422875,""visibility"":0.999995},{""index"":11,""x"":0.520681,""y"":0.503721,""visibility"":0.999826},{""index"":12,""x"":0.407694,""y"":0.504412,""visibility"":0.999871},{""index"":13,""x"":0.574869,""y"":0.592451,""visibility"":0.989672},{""index"":14,""x"":0.343758,""y"":0.584582,""visibility"":0.997317},{""index"":15,""x"":0.575344,""y"":0.504312,""visibility"":0.991015},{""index"":16,""x"":0.354866,""y"":0.492302,""visibility"":0.997409},{""index"":17,""x"":0.575483,""y"":0.474191,""visibility"":0.970521},{""index"":18,""x"":0.355383,""y"":0.4652,""visibility"":0.990064},{""index"":19,""x"":0.567959,""y"":0.466869,""visibility"":0.9666},{""index"":20,""x"":0.361648,""y"":0.457182,""visibility"":0.987664},{""index"":21,""x"":0.567028,""y"":0.473086,""visibility"":0.961893},{""index"":22,""x"":0.363518,""y"":0.464354,""visibility"":0.982356},{""index"":23,""x"":0.496006,""y"":0.734268,""visibility"":0.998996},{""index"":24,""x"":0.428618,""y"":0.732233,""visibility"":0.998976},{""index"":25,""x"":0.492604,""y"":0.906574,""visibility"":0.930962},{""index"":26,""x"":0.427621,""y"":0.906581,""visibility"":0.972571},{""index"":27,""x"":0.48563,""y"":1.009076,""visibility"":0.82573},{""index"":28,""x"":0.432001,""y"":1.037803,""visibility"":0.899121},{""index"":29,""x"":0.479808,""y"":1.033165,""visibility"":0.561004},{""index"":30,""x"":0.433213,""y"":1.051422,""visibility"":0.64646},{""index"":31,""x"":0.482033,""y"":1.086886,""visibility"":0.731251},{""index"":32,""x"":0.426247,""y"":1.105509,""visibility"":0.77949}]"
sample_0132,full_body,2026-08-17T04:30:09.614+09:00,sample_0132_full_body_20260817_043009_613297_rgb.jpg,sample_0132_full_body_20260817_043009_613297_skeleton.jpg,1,0.516877,0.500461,0.999778,0.407313,0.501765,0.999851,0.494457,0.727542,0.998475,0.427703,0.726318,0.998176,"[{""index"":0,""x"":0.465251,""y"":0.403754,""visibility"":0.999983},{""index"":1,""x"":0.470725,""y"":0.387657,""visibility"":0.999963},{""index"":2,""x"":0.474668,""y"":0.387827,""visibility"":0.999952},{""index"":3,""x"":0.478127,""y"":0.388094,""visibility"":0.99994},{""index"":4,""x"":0.457643,""y"":0.388365,""visibility"":0.999967},{""index"":5,""x"":0.452952,""y"":0.389082,""visibility"":0.999962},{""index"":6,""x"":0.449136,""y"":0.390094,""visibility"":0.999957},{""index"":7,""x"":0.480763,""y"":0.39473,""visibility"":0.999969},{""index"":8,""x"":0.443977,""y"":0.396959,""visibility"":0.999985},{""index"":9,""x"":0.473857,""y"":0.421891,""visibility"":0.999992},{""index"":10,""x"":0.456438,""y"":0.421466,""visibility"":0.999995},{""index"":11,""x"":0.516877,""y"":0.500461,""visibility"":0.999778},{""index"":12,""x"":0.407313,""y"":0.501765,""visibility"":0.999851},{""index"":13,""x"":0.577496,""y"":0.595156,""visibility"":0.988131},{""index"":14,""x"":0.341073,""y"":0.585184,""visibility"":0.997613},{""index"":15,""x"":0.572797,""y"":0.493101,""visibility"":0.98987},{""index"":16,""x"":0.352171,""y"":0.481547,""visibility"":0.997199},{""index"":17,""x"":0.574109,""y"":0.462782,""visibility"":0.965119},{""index"":18,""x"":0.351323,""y"":0.45602,""visibility"":0.988358},{""index"":19,""x"":0.567214,""y"":0.456491,""visibility"":0.960361},{""index"":20,""x"":0.357751,""y"":0.449315,""visibility"":0.985552},{""index"":21,""x"":0.564535,""y"":0.463168,""visibility"":0.955651},{""index"":22,""x"":0.359832,""y"":0.456358,""visibility"":0.980129},{""index"":23,""x"":0.494457,""y"":0.727542,""visibility"":0.998475},{""index"":24,""x"":0.427703,""y"":0.726318,""visibility"":0.998176},{""index"":25,""x"":0.492187,""y"":0.897134,""visibility"":0.882225},{""index"":26,""x"":0.427622,""y"":0.894358,""visibility"":0.945096},{""index"":27,""x"":0.485859,""y"":1.006244,""visibility"":0.748168},{""index"":28,""x"":0.434295,""y"":1.009584,""visibility"":0.801315},{""index"":29,""x"":0.48207,""y"":1.030072,""visibility"":0.498755},{""index"":30,""x"":0.436276,""y"":1.029848,""visibility"":0.523877},{""index"":31,""x"":0.488197,""y"":1.077999,""visibility"":0.642657},{""index"":32,""x"":0.434393,""y"":1.08127,""visibility"":0.647798}]"
sample_0133,full_body,2026-08-17T04:30:09.849+09:00,sample_0133_full_body_20260817_043009_847700_rgb.jpg,sample_0133_full_body_20260817_043009_847700_skeleton.jpg,1,0.518691,0.502734,0.999056,0.404899,0.508268,0.999023,0.496299,0.726884,0.997817,0.431487,0.726045,0.997566,"[{""index"":0,""x"":0.464298,""y"":0.407798,""visibility"":0.999943},{""index"":1,""x"":0.468373,""y"":0.391828,""visibility"":0.999883},{""index"":2,""x"":0.472037,""y"":0.391511,""visibility"":0.999856},{""index"":3,""x"":0.475259,""y"":0.391394,""visibility"":0.999834},{""index"":4,""x"":0.45567,""y"":0.393411,""visibility"":0.999902},{""index"":5,""x"":0.45106,""y"":0.394189,""visibility"":0.999886},{""index"":6,""x"":0.447072,""y"":0.39534,""visibility"":0.999879},{""index"":7,""x"":0.477141,""y"":0.398499,""visibility"":0.999859},{""index"":8,""x"":0.44129,""y"":0.403246,""visibility"":0.999921},{""index"":9,""x"":0.472349,""y"":0.422532,""visibility"":0.999941},{""index"":10,""x"":0.455581,""y"":0.423741,""visibility"":0.999955},{""index"":11,""x"":0.518691,""y"":0.502734,""visibility"":0.999056},{""index"":12,""x"":0.404899,""y"":0.508268,""visibility"":0.999023},{""index"":13,""x"":0.571034,""y"":0.590644,""visibility"":0.972467},{""index"":14,""x"":0.357384,""y"":0.607158,""visibility"":0.981239},{""index"":15,""x"":0.593104,""y"":0.540902,""visibility"":0.97649},{""index"":16,""x"":0.350086,""y"":0.536058,""visibility"":0.988755},{""index"":17,""x"":0.606247,""y"":0.523435,""visibility"":0.958069},{""index"":18,""x"":0.345584,""y"":0.515484,""visibility"":0.980091},{""index"":19,""x"":0.598505,""y"":0.514281,""visibility"":0.959535},{""index"":20,""x"":0.351797,""y"":0.506265,""visibility"":0.979156},{""index"":21,""x"":0.592097,""y"":0.520137,""visibility"":0.953966},{""index"":22,""x"":0.35579,""y"":0.511113,""visibility"":0.971992},{""index"":23,""x"":0.496299,""y"":0.726884,""visibility"":0.997817},{""index"":24,""x"":0.431487,""y"":0.726045,""visibility"":0.997566},{""index"":25,""x"":0.492683,""y"":0.891035,""visibility"":0.961893},{""index"":26,""x"":0.42956,""y"":0.895679,""visibility"":0.974386},{""index"":27,""x"":0.48599,""y"":0.998203,""visibility"":0.878731},{""index"":28,""x"":0.435058,""y"":1.011473,""visibility"":0.906653},{""index"":29,""x"":0.480397,""y"":1.011714,""visibility"":0.68215},{""index"":30,""x"":0.439251,""y"":1.02495,""visibility"":0.69368},{""index"":31,""x"":0.481492,""y"":1.075159,""visibility"":0.836287},{""index"":32,""x"":0.434932,""y"":1.084089,""visibility"":0.83508}]"
sample_0134,full_body,2026-08-17T04:30:10.076+09:00,sample_0134_full_body_20260817_043010_074744_rgb.jpg,sample_0134_full_body_20260817_043010_074744_skeleton.jpg,1,0.517762,0.501392,0.99951,0.405185,0.506398,0.9994,0.494698,0.723208,0.997826,0.430633,0.721092,0.997274,"[{""index"":0,""x"":0.460019,""y"":0.406394,""visibility"":0.999931},{""index"":1,""x"":0.464646,""y"":0.389242,""visibility"":0.999879},{""index"":2,""x"":0.468729,""y"":0.388857,""visibility"":0.999859},{""index"":3,""x"":0.472259,""y"":0.388649,""visibility"":0.999842},{""index"":4,""x"":0.451435,""y"":0.391512,""visibility"":0.999883},{""index"":5,""x"":0.447393,""y"":0.392687,""visibility"":0.999861},{""index"":6,""x"":0.443898,""y"":0.394152,""visibility"":0.999852},{""index"":7,""x"":0.476465,""y"":0.397222,""visibility"":0.999863},{""index"":8,""x"":0.439878,""y"":0.403776,""visibility"":0.999908},{""index"":9,""x"":0.469454,""y"":0.421057,""visibility"":0.999951},{""index"":10,""x"":0.453333,""y"":0.421391,""visibility"":0.99996},{""index"":11,""x"":0.517762,""y"":0.501392,""visibility"":0.99951},{""index"":12,""x"":0.405185,""y"":0.506398,""visibility"":0.9994},{""index"":13,""x"":0.561951,""y"":0.601928,""visibility"":0.980469},{""index"":14,""x"":0.354119,""y"":0.614513,""visibility"":0.982288},{""index"":15,""x"":0.57057,""y"":0.567293,""visibility"":0.981453},{""index"":16,""x"":0.356849,""y"":0.552467,""visibility"":0.986363},{""index"":17,""x"":0.580063,""y"":0.552766,""visibility"":0.966156},{""index"":18,""x"":0.354615,""y"":0.537411,""visibility"":0.974288},{""index"":19,""x"":0.574746,""y"":0.540124,""visibility"":0.96622},{""index"":20,""x"":0.361107,""y"":0.526317,""visibility"":0.972675},{""index"":21,""x"":0.568813,""y"":0.546366,""visibility"":0.959913},{""index"":22,""x"":0.365179,""y"":0.52751,""visibility"":0.963643},{""index"":23,""x"":0.494698,""y"":0.723208,""visibility"":0.997826},{""index"":24,""x"":0.430633,""y"":0.721092,""visibility"":0.997274},{""index"":25,""x"":0.492263,""y"":0.893852,""visibility"":0.936285},{""index"":26,""x"":0.427261,""y"":0.895287,""visibility"":0.949389},{""index"":27,""x"":0.485369,""y"":1.007854,""visibility"":0.7478},{""index"":28,""x"":0.433956,""y"":1.007952,""visibility"":0.808672},{""index"":29,""x"":0.481977,""y"":1.02636,""visibility"":0.481378},{""index"":30,""x"":0.438932,""y"":1.026772,""visibility"":0.496313},{""index"":31,""x"":0.481685,""y"":1.077554,""visibility"":0.644337},{""index"":32,""x"":0.432641,""y"":1.081568,""visibility"":0.680666}]"
sample_0135,full_body,2026-08-17T04:30:10.214+09:00,sample_0135_full_body_20260817_043010_212802_rgb.jpg,sample_0135_full_body_20260817_043010_212802_skeleton.jpg,1,0.517762,0.501392,0.99951,0.405185,0.506398,0.9994,0.494698,0.723208,0.997826,0.430633,0.721092,0.997274,"[{""index"":0,""x"":0.460019,""y"":0.406394,""visibility"":0.999931},{""index"":1,""x"":0.464646,""y"":0.389242,""visibility"":0.999879},{""index"":2,""x"":0.468729,""y"":0.388857,""visibility"":0.999859},{""index"":3,""x"":0.472259,""y"":0.388649,""visibility"":0.999842},{""index"":4,""x"":0.451435,""y"":0.391512,""visibility"":0.999883},{""index"":5,""x"":0.447393,""y"":0.392687,""visibility"":0.999861},{""index"":6,""x"":0.443898,""y"":0.394152,""visibility"":0.999852},{""index"":7,""x"":0.476465,""y"":0.397222,""visibility"":0.999863},{""index"":8,""x"":0.439878,""y"":0.403776,""visibility"":0.999908},{""index"":9,""x"":0.469454,""y"":0.421057,""visibility"":0.999951},{""index"":10,""x"":0.453333,""y"":0.421391,""visibility"":0.99996},{""index"":11,""x"":0.517762,""y"":0.501392,""visibility"":0.99951},{""index"":12,""x"":0.405185,""y"":0.506398,""visibility"":0.9994},{""index"":13,""x"":0.561951,""y"":0.601928,""visibility"":0.980469},{""index"":14,""x"":0.354119,""y"":0.614513,""visibility"":0.982288},{""index"":15,""x"":0.57057,""y"":0.567293,""visibility"":0.981453},{""index"":16,""x"":0.356849,""y"":0.552467,""visibility"":0.986363},{""index"":17,""x"":0.580063,""y"":0.552766,""visibility"":0.966156},{""index"":18,""x"":0.354615,""y"":0.537411,""visibility"":0.974288},{""index"":19,""x"":0.574746,""y"":0.540124,""visibility"":0.96622},{""index"":20,""x"":0.361107,""y"":0.526317,""visibility"":0.972675},{""index"":21,""x"":0.568813,""y"":0.546366,""visibility"":0.959913},{""index"":22,""x"":0.365179,""y"":0.52751,""visibility"":0.963643},{""index"":23,""x"":0.494698,""y"":0.723208,""visibility"":0.997826},{""index"":24,""x"":0.430633,""y"":0.721092,""visibility"":0.997274},{""index"":25,""x"":0.492263,""y"":0.893852,""visibility"":0.936285},{""index"":26,""x"":0.427261,""y"":0.895287,""visibility"":0.949389},{""index"":27,""x"":0.485369,""y"":1.007854,""visibility"":0.7478},{""index"":28,""x"":0.433956,""y"":1.007952,""visibility"":0.808672},{""index"":29,""x"":0.481977,""y"":1.02636,""visibility"":0.481378},{""index"":30,""x"":0.438932,""y"":1.026772,""visibility"":0.496313},{""index"":31,""x"":0.481685,""y"":1.077554,""visibility"":0.644337},{""index"":32,""x"":0.432641,""y"":1.081568,""visibility"":0.680666}]"
sample_0136,full_body,2026-08-17T04:30:10.457+09:00,sample_0136_full_body_20260817_043010_455832_rgb.jpg,sample_0136_full_body_20260817_043010_455832_skeleton.jpg,1,0.508442,0.500328,0.999969,0.404277,0.503716,0.999988,0.489051,0.702204,0.999466,0.428349,0.706967,0.999307,"[{""index"":0,""x"":0.45471,""y"":0.410931,""visibility"":0.999988},{""index"":1,""x"":0.460787,""y"":0.394025,""visibility"":0.999957},{""index"":2,""x"":0.464648,""y"":0.393682,""visibility"":0.999947},{""index"":3,""x"":0.467954,""y"":0.393735,""visibility"":0.99993},{""index"":4,""x"":0.444965,""y"":0.397857,""visibility"":0.999971},{""index"":5,""x"":0.439723,""y"":0.399699,""visibility"":0.999971},{""index"":6,""x"":0.436012,""y"":0.401289,""visibility"":0.999968},{""index"":7,""x"":0.471608,""y"":0.401911,""visibility"":0.999967},{""index"":8,""x"":0.430521,""y"":0.409373,""visibility"":0.999989},{""index"":9,""x"":0.464262,""y"":0.425415,""visibility"":0.999998},{""index"":10,""x"":0.444963,""y"":0.429947,""visibility"":0.999999},{""index"":11,""x"":0.508442,""y"":0.500328,""visibility"":0.999969},{""index"":12,""x"":0.404277,""y"":0.503716,""visibility"":0.999988},{""index"":13,""x"":0.540218,""y"":0.614087,""visibility"":0.998835},{""index"":14,""x"":0.363042,""y"":0.608554,""visibility"":0.998956},{""index"":15,""x"":0.520565,""y"":0.585388,""visibility"":0.997957},{""index"":16,""x"":0.383642,""y"":0.564638,""visibility"":0.998299},{""index"":17,""x"":0.509753,""y"":0.584796,""visibility"":0.990478},{""index"":18,""x"":0.392079,""y"":0.557357,""visibility"":0.991084},{""index"":19,""x"":0.50438,""y"":0.571382,""visibility"":0.988755},{""index"":20,""x"":0.398807,""y"":0.543746,""visibility"":0.988712},{""index"":21,""x"":0.50483,""y"":0.57204,""visibility"":0.985043},{""index"":22,""x"":0.397876,""y"":0.546188,""visibility"":0.983279},{""index"":23,""x"":0.489051,""y"":0.702204,""visibility"":0.999466},{""index"":24,""x"":0.428349,""y"":0.706967,""visibility"":0.999307},{""index"":25,""x"":0.493752,""y"":0.865522,""visibility"":0.929184},{""index"":26,""x"":0.423092,""y"":0.875917,""visibility"":0.927757},{""index"":27,""x"":0.487929,""y"":0.969759,""visibility"":0.679923},{""index"":28,""x"":0.428201,""y"":0.972987,""visibility"":0.669529},{""index"":29,""x"":0.488767,""y"":0.994255,""visibility"":0.475225},{""index"":30,""x"":0.430392,""y"":0.981907,""visibility"":0.425426},{""index"":31,""x"":0.495684,""y"":1.039227,""visibility"":0.520024},{""index"":32,""x"":0.429191,""y"":1.028997,""visibility"":0.484693}]"
sample_0137,full_body,2026-08-17T04:30:10.695+09:00,sample_0137_full_body_20260817_043010_692726_rgb.jpg,sample_0137_full_body_20260817_043010_692726_skeleton.jpg,1,0.50868,0.498267,0.999869,0.402672,0.50232,0.999894,0.488456,0.725341,0.999475,0.426277,0.725865,0.999351,"[{""index"":0,""x"":0.432484,""y"":0.403992,""visibility"":0.999881},{""index"":1,""x"":0.438819,""y"":0.386681,""visibility"":0.99978},{""index"":2,""x"":0.444343,""y"":0.385809,""visibility"":0.999747},{""index"":3,""x"":0.449672,""y"":0.385422,""visibility"":0.999687},{""index"":4,""x"":0.426887,""y"":0.390736,""visibility"":0.9998},{""index"":5,""x"":0.423429,""y"":0.392444,""visibility"":0.99979},{""index"":6,""x"":0.420135,""y"":0.394417,""visibility"":0.999764},{""index"":7,""x"":0.459318,""y"":0.39614,""visibility"":0.999866},{""index"":8,""x"":0.41995,""y"":0.404693,""visibility"":0.999889},{""index"":9,""x"":0.44494,""y"":0.417509,""visibility"":0.999967},{""index"":10,""x"":0.429367,""y"":0.421214,""visibility"":0.999971},{""index"":11,""x"":0.50868,""y"":0.498267,""visibility"":0.999869},{""index"":12,""x"":0.402672,""y"":0.50232,""visibility"":0.999894},{""index"":13,""x"":0.542597,""y"":0.617487,""visibility"":0.999041},{""index"":14,""x"":0.372464,""y"":0.616012,""visibility"":0.996852},{""index"":15,""x"":0.516826,""y"":0.5773,""visibility"":0.998383},{""index"":16,""x"":0.390398,""y"":0.547463,""visibility"":0.998339},{""index"":17,""x"":0.506215,""y"":0.566836,""visibility"":0.993359},{""index"":18,""x"":0.395736,""y"":0.530093,""visibility"":0.995095},{""index"":19,""x"":0.503313,""y"":0.553954,""visibility"":0.992214},{""index"":20,""x"":0.400505,""y"":0.519831,""visibility"":0.993735},{""index"":21,""x"":0.50374,""y"":0.556449,""visibility"":0.990514},{""index"":22,""x"":0.39968,""y"":0.522732,""visibility"":0.99014},{""index"":23,""x"":0.488456,""y"":0.725341,""visibility"":0.999475},{""index"":24,""x"":0.426277,""y"":0.725865,""visibility"":0.999351},{""index"":25,""x"":0.48914,""y"":0.900204,""visibility"":0.983847},{""index"":26,""x"":0.426338,""y"":0.894528,""visibility"":0.990216},{""index"":27,""x"":0.485407,""y"":0.998447,""visibility"":0.761184},{""index"":28,""x"":0.434017,""y"":1.005896,""visibility"":0.82755},{""index"":29,""x"":0.481078,""y"":1.020469,""visibility"":0.453474},{""index"":30,""x"":0.438953,""y"":1.025469,""visibility"":0.439116},{""index"":31,""x"":0.487203,""y"":1.076638,""visibility"":0.459682},{""index"":32,""x"":0.434622,""y"":1.078697,""visibility"":0.490213}]"
sample_0138,full_body,2026-08-17T04:30:10.878+09:00,sample_0138_full_body_20260817_043010_876951_rgb.jpg,sample_0138_full_body_20260817_043010_876951_skeleton.jpg,1,0.50745,0.497253,0.999839,0.400801,0.500709,0.999851,0.489559,0.720432,0.999164,0.424699,0.721091,0.998943,"[{""index"":0,""x"":0.438657,""y"":0.400596,""visibility"":0.999919},{""index"":1,""x"":0.446361,""y"":0.384901,""visibility"":0.999843},{""index"":2,""x"":0.452162,""y"":0.384749,""visibility"":0.999815},{""index"":3,""x"":0.457262,""y"":0.384816,""visibility"":0.999775},{""index"":4,""x"":0.432334,""y"":0.387535,""visibility"":0.999858},{""index"":5,""x"":0.428944,""y"":0.389011,""visibility"":0.999845},{""index"":6,""x"":0.425905,""y"":0.39072,""visibility"":0.999831},{""index"":7,""x"":0.463983,""y"":0.394712,""visibility"":0.999878},{""index"":8,""x"":0.422397,""y"":0.400355,""visibility"":0.999915},{""index"":9,""x"":0.451295,""y"":0.416303,""visibility"":0.999968},{""index"":10,""x"":0.433654,""y"":0.417961,""visibility"":0.999975},{""index"":11,""x"":0.50745,""y"":0.497253,""visibility"":0.999839},{""index"":12,""x"":0.400801,""y"":0.500709,""visibility"":0.999851},{""index"":13,""x"":0.544581,""y"":0.611389,""visibility"":0.998617},{""index"":14,""x"":0.363754,""y"":0.613798,""visibility"":0.99679},{""index"":15,""x"":0.52924,""y"":0.566621,""visibility"":0.998125},{""index"":16,""x"":0.379177,""y"":0.541579,""visibility"":0.998245},{""index"":17,""x"":0.523507,""y"":0.556909,""visibility"":0.992214},{""index"":18,""x"":0.384547,""y"":0.52425,""visibility"":0.994089},{""index"":19,""x"":0.518608,""y"":0.543839,""visibility"":0.991049},{""index"":20,""x"":0.388956,""y"":0.514562,""visibility"":0.992597},{""index"":21,""x"":0.519278,""y"":0.54631,""visibility"":0.989098},{""index"":22,""x"":0.388671,""y"":0.517456,""visibility"":0.988755},{""index"":23,""x"":0.489559,""y"":0.720432,""visibility"":0.999164},{""index"":24,""x"":0.424699,""y"":0.721091,""visibility"":0.998943},{""index"":25,""x"":0.491001,""y"":0.893253,""visibility"":0.958304},{""index"":26,""x"":0.427943,""y"":0.893773,""visibility"":0.967656},{""index"":27,""x"":0.486772,""y"":1.000512,""visibility"":0.660391},{""index"":28,""x"":0.433372,""y"":1.016949,""visibility"":0.750553},{""index"":29,""x"":0.481095,""y"":1.022267,""visibility"":0.339499},{""index"":30,""x"":0.436847,""y"":1.027483,""visibility"":0.316686},{""index"":31,""x"":0.486718,""y"":1.08027,""visibility"":0.412767},{""index"":32,""x"":0.432529,""y"":1.084192,""visibility"":0.463384}]"
sample_0139,full_body,2026-08-17T04:30:11.103+09:00,sample_0139_full_body_20260817_043011_102187_rgb.jpg,sample_0139_full_body_20260817_043011_102187_skeleton.jpg,1,0.507203,0.498084,0.999831,0.403455,0.503399,0.999825,0.489878,0.719195,0.998745,0.427397,0.718169,0.998197,"[{""index"":0,""x"":0.446433,""y"":0.405778,""visibility"":0.999946},{""index"":1,""x"":0.453266,""y"":0.390118,""visibility"":0.999879},{""index"":2,""x"":0.458249,""y"":0.389849,""visibility"":0.999852},{""index"":3,""x"":0.462422,""y"":0.38986,""visibility"":0.999829},{""index"":4,""x"":0.439874,""y"":0.392429,""visibility"":0.999902},{""index"":5,""x"":0.436132,""y"":0.393636,""visibility"":0.999895},{""index"":6,""x"":0.43306,""y"":0.395048,""visibility"":0.999886},{""index"":7,""x"":0.467695,""y"":0.399221,""visibility"":0.99991},{""index"":8,""x"":0.429185,""y"":0.403671,""visibility"":0.999949},{""index"":9,""x"":0.457083,""y"":0.42061,""visibility"":0.999978},{""index"":10,""x"":0.439929,""y"":0.421986,""visibility"":0.999986},{""index"":11,""x"":0.507203,""y"":0.498084,""visibility"":0.999831},{""index"":12,""x"":0.403455,""y"":0.503399,""visibility"":0.999825},{""index"":13,""x"":0.553697,""y"":0.598163,""visibility"":0.997419},{""index"":14,""x"":0.357066,""y"":0.603862,""visibility"":0.996336},{""index"":15,""x"":0.547224,""y"":0.544277,""visibility"":0.996663},{""index"":16,""x"":0.374688,""y"":0.526001,""visibility"":0.996888},{""index"":17,""x"":0.549381,""y"":0.53011,""visibility"":0.986044},{""index"":18,""x"":0.376153,""y"":0.509129,""visibility"":0.987664},{""index"":19,""x"":0.546792,""y"":0.52014,""visibility"":0.984276},{""index"":20,""x"":0.381898,""y"":0.49918,""visibility"":0.984869},{""index"":21,""x"":0.543743,""y"":0.524878,""visibility"":0.981418},{""index"":22,""x"":0.383509,""y"":0.505491,""visibility"":0.97826},{""index"":23,""x"":0.489878,""y"":0.719195,""visibility"":0.998745},{""index"":24,""x"":0.427397,""y"":0.718169,""visibility"":0.998197},{""index"":25,""x"":0.490948,""y"":0.88908,""visibility"":0.890103},{""index"":26,""x"":0.426201,""y"":0.891007,""visibility"":0.901921},{""index"":27,""x"":0.487121,""y"":1.001808,""visibility"":0.582788},{""index"":28,""x"":0.433837,""y"":1.012965,""visibility"":0.636692},{""index"":29,""x"":0.48633,""y"":1.031046,""visibility"":0.295128},{""index"":30,""x"":0.437456,""y"":1.027374,""visibility"":0.275909},{""index"":31,""x"":0.488284,""y"":1.076189,""visibility"":0.40751},{""index"":32,""x"":0.433715,""y"":1.074831,""visibility"":0.42931}]"
sample_0140,full_body,2026-08-17T04:30:11.328+09:00,sample_0140_full_body_20260817_043011_326589_rgb.jpg,sample_0140_full_body_20260817_043011_326589_skeleton.jpg,1,0.512656,0.498606,0.999741,0.400159,0.503403,0.999749,0.491231,0.727185,0.999082,0.424364,0.727614,0.998992,"[{""index"":0,""x"":0.453283,""y"":0.399555,""visibility"":0.999969},{""index"":1,""x"":0.458315,""y"":0.383975,""visibility"":0.999936},{""index"":2,""x"":0.462711,""y"":0.384032,""visibility"":0.999919},{""index"":3,""x"":0.466302,""y"":0.384263,""visibility"":0.999902},{""index"":4,""x"":0.443945,""y"":0.386107,""visibility"":0.999951},{""index"":5,""x"":0.439801,""y"":0.387476,""visibility"":0.999948},{""index"":6,""x"":0.436171,""y"":0.389095,""visibility"":0.999941},{""index"":7,""x"":0.468794,""y"":0.393137,""visibility"":0.999952},{""index"":8,""x"":0.43088,""y"":0.398452,""visibility"":0.999973},{""index"":9,""x"":0.463295,""y"":0.41544,""visibility"":0.999985},{""index"":10,""x"":0.44482,""y"":0.416412,""visibility"":0.99999},{""index"":11,""x"":0.512656,""y"":0.498606,""visibility"":0.999741},{""index"":12,""x"":0.400159,""y"":0.503403,""visibility"":0.999749},{""index"":13,""x"":0.569932,""y"":0.586934,""visibility"":0.99014},{""index"":14,""x"":0.346901,""y"":0.599225,""visibility"":0.9949},{""index"":15,""x"":0.57749,""y"":0.508398,""visibility"":0.992154},{""index"":16,""x"":0.355674,""y"":0.506374,""visibility"":0.99674},{""index"":17,""x"":0.581205,""y"":0.479432,""visibility"":0.973795},{""index"":18,""x"":0.355226,""y"":0.487756,""visibility"":0.989055},{""index"":19,""x"":0.572863,""y"":0.470267,""visibility"":0.971184},{""index"":20,""x"":0.361532,""y"":0.475233,""visibility"":0.986726},{""index"":21,""x"":0.569036,""y"":0.478492,""visibility"":0.967287},{""index"":22,""x"":0.365097,""y"":0.483291,""visibility"":0.980469},{""index"":23,""x"":0.491231,""y"":0.727185,""visibility"":0.999082},{""index"":24,""x"":0.424364,""y"":0.727614,""visibility"":0.998992},{""index"":25,""x"":0.492671,""y"":0.902557,""visibility"":0.897336},{""index"":26,""x"":0.42541,""y"":0.909464,""visibility"":0.947575},{""index"":27,""x"":0.485074,""y"":1.009583,""visibility"":0.663233},{""index"":28,""x"":0.430885,""y"":1.030801,""visibility"":0.829216},{""index"":29,""x"":0.478179,""y"":1.02517,""visibility"":0.361052},{""index"":30,""x"":0.431787,""y"":1.045487,""visibility"":0.492814},{""index"":31,""x"":0.478815,""y"":1.079902,""visibility"":0.550668},{""index"":32,""x"":0.424444,""y"":1.09323,""visibility"":0.683525}]"
sample_0141,full_body,2026-08-17T04:30:11.544+09:00,sample_0141_full_body_20260817_043011_543154_rgb.jpg,sample_0141_full_body_20260817_043011_543154_skeleton.jpg,1,0.510102,0.500467,0.999412,0.400423,0.506438,0.999464,0.491717,0.7331,0.998154,0.425103,0.73346,0.997603,"[{""index"":0,""x"":0.459116,""y"":0.396336,""visibility"":0.999939},{""index"":1,""x"":0.462221,""y"":0.381674,""visibility"":0.999887},{""index"":2,""x"":0.465461,""y"":0.382054,""visibility"":0.999858},{""index"":3,""x"":0.468415,""y"":0.382677,""visibility"":0.99984},{""index"":4,""x"":0.449651,""y"":0.383568,""visibility"":0.999898},{""index"":5,""x"":0.444466,""y"":0.385428,""visibility"":0.999885},{""index"":6,""x"":0.439949,""y"":0.387482,""visibility"":0.999877},{""index"":7,""x"":0.469168,""y"":0.39202,""visibility"":0.999871},{""index"":8,""x"":0.432808,""y"":0.398306,""visibility"":0.99993},{""index"":9,""x"":0.467006,""y"":0.412582,""visibility"":0.999945},{""index"":10,""x"":0.450034,""y"":0.414823,""visibility"":0.999958},{""index"":11,""x"":0.510102,""y"":0.500467,""visibility"":0.999412},{""index"":12,""x"":0.400423,""y"":0.506438,""visibility"":0.999464},{""index"":13,""x"":0.556516,""y"":0.60425,""visibility"":0.980431},{""index"":14,""x"":0.348613,""y"":0.609061,""visibility"":0.992683},{""index"":15,""x"":0.573506,""y"":0.519264,""visibility"":0.988222},{""index"":16,""x"":0.35025,""y"":0.515563,""visibility"":0.995898},{""index"":17,""x"":0.583089,""y"":0.49921,""visibility"":0.969498},{""index"":18,""x"":0.347758,""y"":0.492214,""visibility"":0.987993},{""index"":19,""x"":0.577151,""y"":0.487479,""visibility"":0.96802},{""index"":20,""x"":0.353919,""y"":0.480359,""visibility"":0.986098},{""index"":21,""x"":0.5719,""y"":0.495163,""visibility"":0.964656},{""index"":22,""x"":0.357613,""y"":0.488594,""visibility"":0.980431},{""index"":23,""x"":0.491717,""y"":0.7331,""visibility"":0.998154},{""index"":24,""x"":0.425103,""y"":0.73346,""visibility"":0.997603},{""index"":25,""x"":0.490973,""y"":0.899887,""visibility"":0.870597},{""index"":26,""x"":0.427246,""y"":0.908425,""visibility"":0.924142},{""index"":27,""x"":0.483558,""y"":1.01852,""visibility"":0.688364},{""index"":28,""x"":0.43199,""y"":1.028218,""visibility"":0.728845},{""index"":29,""x"":0.477938,""y"":1.035357,""visibility"":0.335351},{""index"":30,""x"":0.434846,""y"":1.041521,""visibility"":0.34798},{""index"":31,""x"":0.487063,""y"":1.088956,""visibility"":0.559771},{""index"":32,""x"":0.433995,""y"":1.094052,""visibility"":0.578805}]"
sample_0142,full_body,2026-08-17T04:30:11.762+09:00,sample_0142_full_body_20260817_043011_760907_rgb.jpg,sample_0142_full_body_20260817_043011_760907_skeleton.jpg,1,0.511526,0.500968,0.999242,0.400165,0.506432,0.999215,0.491484,0.726926,0.997264,0.425599,0.728652,0.996937,"[{""index"":0,""x"":0.456206,""y"":0.393791,""visibility"":0.999908},{""index"":1,""x"":0.460279,""y"":0.377936,""visibility"":0.999838},{""index"":2,""x"":0.463931,""y"":0.377833,""visibility"":0.999801},{""index"":3,""x"":0.467102,""y"":0.377884,""visibility"":0.999773},{""index"":4,""x"":0.447684,""y"":0.380595,""visibility"":0.999856},{""index"":5,""x"":0.443103,""y"":0.38214,""visibility"":0.999834},{""index"":6,""x"":0.439034,""y"":0.383947,""visibility"":0.999821},{""index"":7,""x"":0.46987,""y"":0.388558,""visibility"":0.999831},{""index"":8,""x"":0.433142,""y"":0.395997,""visibility"":0.999893},{""index"":9,""x"":0.464897,""y"":0.408808,""visibility"":0.999926},{""index"":10,""x"":0.448732,""y"":0.410534,""visibility"":0.999944},{""index"":11,""x"":0.511526,""y"":0.500968,""visibility"":0.999242},{""index"":12,""x"":0.400165,""y"":0.506432,""visibility"":0.999215},{""index"":13,""x"":0.552965,""y"":0.604809,""visibility"":0.98222},{""index"":14,""x"":0.351498,""y"":0.609425,""visibility"":0.990551},{""index"":15,""x"":0.570447,""y"":0.539648,""visibility"":0.987079},{""index"":16,""x"":0.349926,""y"":0.52415,""visibility"":0.994615},{""index"":17,""x"":0.580199,""y"":0.518715,""visibility"":0.966851},{""index"":18,""x"":0.347769,""y"":0.503353,""visibility"":0.984752},{""index"":19,""x"":0.575806,""y"":0.508875,""visibility"":0.965771},{""index"":20,""x"":0.352465,""y"":0.492532,""visibility"":0.98249},{""index"":21,""x"":0.570343,""y"":0.516468,""visibility"":0.9633},{""index"":22,""x"":0.354446,""y"":0.500855,""visibility"":0.976535},{""index"":23,""x"":0.491484,""y"":0.726926,""visibility"":0.997264},{""index"":24,""x"":0.425599,""y"":0.728652,""visibility"":0.996937},{""index"":25,""x"":0.490712,""y"":0.899507,""visibility"":0.857052},{""index"":26,""x"":0.426918,""y"":0.902874,""visibility"":0.905823},{""index"":27,""x"":0.486895,""y"":1.014232,""visibility"":0.570391},{""index"":28,""x"":0.430126,""y"":1.029549,""visibility"":0.682468},{""index"":29,""x"":0.487028,""y"":1.034705,""visibility"":0.264358},{""index"":30,""x"":0.433749,""y"":1.043465,""visibility"":0.304662},{""index"":31,""x"":0.487611,""y"":1.085712,""visibility"":0.41117},{""index"":32,""x"":0.428955,""y"":1.09657,""visibility"":0.485638}]"
sample_0143,full_body,2026-08-17T04:30:12.000+09:00,sample_0143_full_body_20260817_043011_998336_rgb.jpg,sample_0143_full_body_20260817_043011_998336_skeleton.jpg,1,0.511698,0.501442,0.999449,0.403394,0.505504,0.999508,0.491634,0.727575,0.998176,0.425883,0.727305,0.997957,"[{""index"":0,""x"":0.460611,""y"":0.401643,""visibility"":0.999942},{""index"":1,""x"":0.464348,""y"":0.386536,""visibility"":0.999894},{""index"":2,""x"":0.467776,""y"":0.386506,""visibility"":0.999867},{""index"":3,""x"":0.470675,""y"":0.386736,""visibility"":0.999845},{""index"":4,""x"":0.451096,""y"":0.388644,""visibility"":0.999911},{""index"":5,""x"":0.446178,""y"":0.390149,""visibility"":0.9999},{""index"":6,""x"":0.442036,""y"":0.391717,""visibility"":0.999892},{""index"":7,""x"":0.47212,""y"":0.39534,""visibility"":0.999894},{""index"":8,""x"":0.435903,""y"":0.400667,""visibility"":0.999939},{""index"":9,""x"":0.468723,""y"":0.417329,""visibility"":0.999959},{""index"":10,""x"":0.451791,""y"":0.418829,""visibility"":0.999971},{""index"":11,""x"":0.511698,""y"":0.501442,""visibility"":0.999449},{""index"":12,""x"":0.403394,""y"":0.505504,""visibility"":0.999508},{""index"":13,""x"":0.556313,""y"":0.605598,""visibility"":0.979551},{""index"":14,""x"":0.351081,""y"":0.607893,""visibility"":0.991554},{""index"":15,""x"":0.569725,""y"":0.53269,""visibility"":0.986044},{""index"":16,""x"":0.352287,""y"":0.517476,""visibility"":0.99494},{""index"":17,""x"":0.575293,""y"":0.512936,""visibility"":0.966474},{""index"":18,""x"":0.351914,""y"":0.498525,""visibility"":0.986416},{""index"":19,""x"":0.571233,""y"":0.504502,""visibility"":0.964855},{""index"":20,""x"":0.357406,""y"":0.48807,""visibility"":0.984336},{""index"":21,""x"":0.56793,""y"":0.510729,""visibility"":0.959459},{""index"":22,""x"":0.35904,""y"":0.496231,""visibility"":0.977154},{""index"":23,""x"":0.491634,""y"":0.727575,""visibility"":0.998176},{""index"":24,""x"":0.425883,""y"":0.727305,""visibility"":0.997957},{""index"":25,""x"":0.494585,""y"":0.902772,""visibility"":0.900879},{""index"":26,""x"":0.428863,""y"":0.909465,""visibility"":0.941007},{""index"":27,""x"":0.485987,""y"":1.012833,""visibility"":0.668231},{""index"":28,""x"":0.432616,""y"":1.031803,""visibility"":0.796609},{""index"":29,""x"":0.482777,""y"":1.037042,""visibility"":0.353094},{""index"":30,""x"":0.433666,""y"":1.048058,""visibility"":0.417509},{""index"":31,""x"":0.486853,""y"":1.086784,""visibility"":0.543348},{""index"":32,""x"":0.430208,""y"":1.09972,""visibility"":0.644449}]"
sample_0144,full_body,2026-08-17T04:30:12.143+09:00,sample_0144_full_body_20260817_043012_141599_rgb.jpg,sample_0144_full_body_20260817_043012_141599_skeleton.jpg,1,0.511698,0.501442,0.999449,0.403394,0.505504,0.999508,0.491634,0.727575,0.998176,0.425883,0.727305,0.997957,"[{""index"":0,""x"":0.460611,""y"":0.401643,""visibility"":0.999942},{""index"":1,""x"":0.464348,""y"":0.386536,""visibility"":0.999894},{""index"":2,""x"":0.467776,""y"":0.386506,""visibility"":0.999867},{""index"":3,""x"":0.470675,""y"":0.386736,""visibility"":0.999845},{""index"":4,""x"":0.451096,""y"":0.388644,""visibility"":0.999911},{""index"":5,""x"":0.446178,""y"":0.390149,""visibility"":0.9999},{""index"":6,""x"":0.442036,""y"":0.391717,""visibility"":0.999892},{""index"":7,""x"":0.47212,""y"":0.39534,""visibility"":0.999894},{""index"":8,""x"":0.435903,""y"":0.400667,""visibility"":0.999939},{""index"":9,""x"":0.468723,""y"":0.417329,""visibility"":0.999959},{""index"":10,""x"":0.451791,""y"":0.418829,""visibility"":0.999971},{""index"":11,""x"":0.511698,""y"":0.501442,""visibility"":0.999449},{""index"":12,""x"":0.403394,""y"":0.505504,""visibility"":0.999508},{""index"":13,""x"":0.556313,""y"":0.605598,""visibility"":0.979551},{""index"":14,""x"":0.351081,""y"":0.607893,""visibility"":0.991554},{""index"":15,""x"":0.569725,""y"":0.53269,""visibility"":0.986044},{""index"":16,""x"":0.352287,""y"":0.517476,""visibility"":0.99494},{""index"":17,""x"":0.575293,""y"":0.512936,""visibility"":0.966474},{""index"":18,""x"":0.351914,""y"":0.498525,""visibility"":0.986416},{""index"":19,""x"":0.571233,""y"":0.504502,""visibility"":0.964855},{""index"":20,""x"":0.357406,""y"":0.48807,""visibility"":0.984336},{""index"":21,""x"":0.56793,""y"":0.510729,""visibility"":0.959459},{""index"":22,""x"":0.35904,""y"":0.496231,""visibility"":0.977154},{""index"":23,""x"":0.491634,""y"":0.727575,""visibility"":0.998176},{""index"":24,""x"":0.425883,""y"":0.727305,""visibility"":0.997957},{""index"":25,""x"":0.494585,""y"":0.902772,""visibility"":0.900879},{""index"":26,""x"":0.428863,""y"":0.909465,""visibility"":0.941007},{""index"":27,""x"":0.485987,""y"":1.012833,""visibility"":0.668231},{""index"":28,""x"":0.432616,""y"":1.031803,""visibility"":0.796609},{""index"":29,""x"":0.482777,""y"":1.037042,""visibility"":0.353094},{""index"":30,""x"":0.433666,""y"":1.048058,""visibility"":0.417509},{""index"":31,""x"":0.486853,""y"":1.086784,""visibility"":0.543348},{""index"":32,""x"":0.430208,""y"":1.09972,""visibility"":0.644449}]"
sample_0145,full_body,2026-08-17T04:30:12.306+09:00,sample_0145_full_body_20260817_043012_305868_rgb.jpg,sample_0145_full_body_20260817_043012_305868_skeleton.jpg,1,0.513699,0.500736,0.99912,0.404683,0.503752,0.999045,0.493272,0.722796,0.997274,0.428099,0.722323,0.996557,"[{""index"":0,""x"":0.459837,""y"":0.391835,""visibility"":0.999923},{""index"":1,""x"":0.463775,""y"":0.377063,""visibility"":0.999868},{""index"":2,""x"":0.467207,""y"":0.377206,""visibility"":0.999834},{""index"":3,""x"":0.470218,""y"":0.377567,""visibility"":0.999812},{""index"":4,""x"":0.451522,""y"":0.379159,""visibility"":0.999884},{""index"":5,""x"":0.446762,""y"":0.38089,""visibility"":0.999867},{""index"":6,""x"":0.442726,""y"":0.382881,""visibility"":0.999855},{""index"":7,""x"":0.47222,""y"":0.388876,""visibility"":0.999867},{""index"":8,""x"":0.436869,""y"":0.395095,""visibility"":0.999919},{""index"":9,""x"":0.467877,""y"":0.407372,""visibility"":0.999938},{""index"":10,""x"":0.451744,""y"":0.409115,""visibility"":0.999954},{""index"":11,""x"":0.513699,""y"":0.500736,""visibility"":0.99912},{""index"":12,""x"":0.404683,""y"":0.503752,""visibility"":0.999045},{""index"":13,""x"":0.560207,""y"":0.600008,""visibility"":0.97649},{""index"":14,""x"":0.350943,""y"":0.60288,""visibility"":0.988712},{""index"":15,""x"":0.574022,""y"":0.531543,""visibility"":0.982014},{""index"":16,""x"":0.351605,""y"":0.515223,""visibility"":0.992626},{""index"":17,""x"":0.583374,""y"":0.513811,""visibility"":0.956957},{""index"":18,""x"":0.34947,""y"":0.495562,""visibility"":0.980692},{""index"":19,""x"":0.579467,""y"":0.500983,""visibility"":0.955236},{""index"":20,""x"":0.354799,""y"":0.484997,""visibility"":0.977883},{""index"":21,""x"":0.57311,""y"":0.510644,""visibility"":0.950686},{""index"":22,""x"":0.356423,""y"":0.491364,""visibility"":0.96944},{""index"":23,""x"":0.493272,""y"":0.722796,""visibility"":0.997274},{""index"":24,""x"":0.428099,""y"":0.722323,""visibility"":0.996557},{""index"":25,""x"":0.491075,""y"":0.895167,""visibility"":0.862699},{""index"":26,""x"":0.428344,""y"":0.90067,""visibility"":0.898053},{""index"":27,""x"":0.486353,""y"":1.018375,""visibility"":0.623721},{""index"":28,""x"":0.432611,""y"":1.018829,""visibility"":0.696681},{""index"":29,""x"":0.483856,""y"":1.037443,""visibility"":0.308503},{""index"":30,""x"":0.435746,""y"":1.039633,""visibility"":0.335677},{""index"":31,""x"":0.486575,""y"":1.083254,""visibility"":0.480113},{""index"":32,""x"":0.431629,""y"":1.089468,""visibility"":0.527925}]"
sample_0146,full_body,2026-08-17T04:30:12.552+09:00,sample_0146_full_body_20260817_043012_551362_rgb.jpg,sample_0146_full_body_20260817_043012_551362_skeleton.jpg,1,0.514793,0.503065,0.998835,0.405268,0.506615,0.998731,0.492508,0.724409,0.995426,0.429172,0.725331,0.993879,"[{""index"":0,""x"":0.459944,""y"":0.396114,""visibility"":0.999878},{""index"":1,""x"":0.464075,""y"":0.38172,""visibility"":0.999798},{""index"":2,""x"":0.467646,""y"":0.381765,""visibility"":0.999741},{""index"":3,""x"":0.470765,""y"":0.381967,""visibility"":0.999713},{""index"":4,""x"":0.451717,""y"":0.383691,""visibility"":0.999815},{""index"":5,""x"":0.447103,""y"":0.38511,""visibility"":0.99978},{""index"":6,""x"":0.443253,""y"":0.386952,""visibility"":0.999768},{""index"":7,""x"":0.473195,""y"":0.392507,""visibility"":0.999764},{""index"":8,""x"":0.437644,""y"":0.399683,""visibility"":0.99986},{""index"":9,""x"":0.46786,""y"":0.411619,""visibility"":0.999898},{""index"":10,""x"":0.452417,""y"":0.413287,""visibility"":0.999925},{""index"":11,""x"":0.514793,""y"":0.503065,""visibility"":0.998835},{""index"":12,""x"":0.405268,""y"":0.506615,""visibility"":0.998731},{""index"":13,""x"":0.559617,""y"":0.602228,""visibility"":0.949669},{""index"":14,""x"":0.34883,""y"":0.603589,""visibility"":0.979977},{""index"":15,""x"":0.572564,""y"":0.530048,""visibility"":0.961098},{""index"":16,""x"":0.347534,""y"":0.516219,""visibility"":0.985496},{""index"":17,""x"":0.580231,""y"":0.511217,""visibility"":0.926835},{""index"":18,""x"":0.34417,""y"":0.491598,""visibility"":0.968856},{""index"":19,""x"":0.576165,""y"":0.498837,""visibility"":0.924552},{""index"":20,""x"":0.350197,""y"":0.480984,""visibility"":0.965316},{""index"":21,""x"":0.572551,""y"":0.508066,""visibility"":0.913213},{""index"":22,""x"":0.352431,""y"":0.488798,""visibility"":0.950686},{""index"":23,""x"":0.492508,""y"":0.724409,""visibility"":0.995426},{""index"":24,""x"":0.429172,""y"":0.725331,""visibility"":0.993879},{""index"":25,""x"":0.495133,""y"":0.894411,""visibility"":0.907312},{""index"":26,""x"":0.42951,""y"":0.893584,""visibility"":0.924279},{""index"":27,""x"":0.483882,""y"":1.016491,""visibility"":0.760828},{""index"":28,""x"":0.432512,""y"":1.013642,""visibility"":0.7773},{""index"":29,""x"":0.480071,""y"":1.038656,""visibility"":0.448064},{""index"":30,""x"":0.435309,""y"":1.031023,""visibility"":0.419945},{""index"":31,""x"":0.486618,""y"":1.082393,""visibility"":0.664867},{""index"":32,""x"":0.432562,""y"":1.080255,""visibility"":0.659405}]"
sample_0147,full_body,2026-08-17T04:30:12.773+09:00,sample_0147_full_body_20260817_043012_772602_rgb.jpg,sample_0147_full_body_20260817_043012_772602_skeleton.jpg,1,0.511723,0.502929,0.999218,0.40619,0.50492,0.999221,0.491193,0.724765,0.994573,0.428055,0.724638,0.992597,"[{""index"":0,""x"":0.462165,""y"":0.408508,""visibility"":0.999931},{""index"":1,""x"":0.466254,""y"":0.392155,""visibility"":0.999879},{""index"":2,""x"":0.469927,""y"":0.391962,""visibility"":0.999839},{""index"":3,""x"":0.473005,""y"":0.391941,""visibility"":0.999816},{""index"":4,""x"":0.452287,""y"":0.394006,""visibility"":0.999885},{""index"":5,""x"":0.447248,""y"":0.394982,""visibility"":0.999857},{""index"":6,""x"":0.44335,""y"":0.396095,""visibility"":0.99985},{""index"":7,""x"":0.47485,""y"":0.399116,""visibility"":0.999853},{""index"":8,""x"":0.438375,""y"":0.402927,""visibility"":0.99992},{""index"":9,""x"":0.470169,""y"":0.425351,""visibility"":0.999946},{""index"":10,""x"":0.453618,""y"":0.426937,""visibility"":0.999961},{""index"":11,""x"":0.511723,""y"":0.502929,""visibility"":0.999218},{""index"":12,""x"":0.40619,""y"":0.50492,""visibility"":0.999221},{""index"":13,""x"":0.562526,""y"":0.598328,""visibility"":0.954647},{""index"":14,""x"":0.344781,""y"":0.593985,""visibility"":0.990768},{""index"":15,""x"":0.57385,""y"":0.520523,""visibility"":0.963437},{""index"":16,""x"":0.34869,""y"":0.506034,""visibility"":0.991389},{""index"":17,""x"":0.579821,""y"":0.500179,""visibility"":0.925903},{""index"":18,""x"":0.346751,""y"":0.482337,""visibility"":0.977883},{""index"":19,""x"":0.574053,""y"":0.490408,""visibility"":0.922062},{""index"":20,""x"":0.353813,""y"":0.472827,""visibility"":0.974532},{""index"":21,""x"":0.56794,""y"":0.500111,""visibility"":0.910704},{""index"":22,""x"":0.356631,""y"":0.481235,""visibility"":0.962673},{""index"":23,""x"":0.491193,""y"":0.724765,""visibility"":0.994573},{""index"":24,""x"":0.428055,""y"":0.724638,""visibility"":0.992597},{""index"":25,""x"":0.494263,""y"":0.891294,""visibility"":0.889337},{""index"":26,""x"":0.428802,""y"":0.896944,""visibility"":0.922203},{""index"":27,""x"":0.484779,""y"":1.022222,""visibility"":0.776962},{""index"":28,""x"":0.432899,""y"":1.015359,""visibility"":0.799286},{""index"":29,""x"":0.479298,""y"":1.042717,""visibility"":0.498396},{""index"":30,""x"":0.433594,""y"":1.03594,""visibility"":0.463141},{""index"":31,""x"":0.491977,""y"":1.083901,""visibility"":0.697094},{""index"":32,""x"":0.434157,""y"":1.083893,""visibility"":0.696887}]"
